meeting_date,meeting_type,file,start_time,end_time,n_items,n_with_speakers,staff_in_attendance,commissioners_present,source_url,n_comments
1998-01-08,regular,min0198-documentid_4743.htm,13:30,,24,17,"Gerald Green - Director of Planning, Robert Passmore - Zoning Administrator, Linda Avery - Commission Secretary","Hector Chinchilla, President, Dennis Antenore, Richard Hills, Cynthia Joe, Beverly Mills, Anita Theoharis",https://sfplanning.s3.amazonaws.com/default/files/meetingarchive/planning_dept/sf-planning.org/modules/min0198-documentid%3D4743.htm,96
1998-01-15,regular,min0198-documentid_4743.htm,15:00,,28,22,"Gerald Green - Director of Planning, Robert Passmore - Zoning Administrator, Jonas Ionin, Gus Fallay, Irene Nishimura, Grace Hing, Jon Purvis, Hillary Gitelman, Gene Coleman and Andrea Green - Acting Commission Secretaries","Hector Chinchilla - President, Dennis Antenore, Richard Hills, Larry Martin, Beverly Mills, Anita Theoharis",https://sfplanning.s3.amazonaws.com/default/files/meetingarchive/planning_dept/sf-planning.org/modules/min0198-documentid%3D4743.htm,31
1998-01-15,special,min0198-documentid_4743.htm,13:30,,1,0,"Gerald Green - Director of Planning, Brian Kalahar, Hillary Gitelman, David Lindsay, Gene Coleman and Andrea Green - Acting Commission Secretaries","Chinchilla, Antenore, Hills, Martin, Beverly, Theoharis",https://sfplanning.s3.amazonaws.com/default/files/meetingarchive/planning_dept/sf-planning.org/modules/min0198-documentid%3D4743.htm,31
1998-01-22,regular,min0198-documentid_4743.htm,13:30,22:40,35,28,"Gerald Green - Director of Planning, Robert PASSMORE - Zoning Administrator, Augustine Fallay, Paul Maltzer, Grace Hing, Caron Parker, Susana Monta?a, Delvin Washington, Adam Light, Paul Rosetter, Jonathan Purvis, Linda Avery - Commission Secretary .","Hector Chinchilla - President, Dennis Antenore, Richard Hills, Cynthia Joe, Beverly Mills, Anita Theoharis - Vice President",https://sfplanning.s3.amazonaws.com/default/files/meetingarchive/planning_dept/sf-planning.org/modules/min0198-documentid%3D4743.htm,101
1998-02-05,regular,min0298-documentid_4747.htm,13:30,,20,14,"Gerald Green - Director of Planning, Robert Passmore - Zoning Administrator, Edy Zwierzycki, Lou Andrade, Kate Nichol, Eva Lieberman, Isoken Omokaro, Neil Hart, Jonathan Purvis, Larry Badiner, David Alumbaugh, David Lindsay, Jason Smith, Michael Li, Linda Avery - Commission Secretary","Hector Chinchilla - President, Anita Theoharis - Vice President,",https://sfplanning.s3.amazonaws.com/default/files/meetingarchive/planning_dept/sf-planning.org/modules/min0298-documentid%3D4747.htm,33
1998-02-12,regular,min0298-documentid_4747.htm,13:30,,24,14,"Gerald Green - Director of Planning, Robert Passmore - Zoning Administrator, Martha Kessler, Michael Berkowitz, Neil Hart, Hillary Gitelman, Mary Gallagher, Larry McDonald, Susana Monta?a, Elizabeth Gordon, Lois Scott, Jim Nixon, Amit Ghosh, Lou Andrade, Linda Avery - Commission Secretary","Hector Chinchilla - President, Anita Theoharis - Vice President,",https://sfplanning.s3.amazonaws.com/default/files/meetingarchive/planning_dept/sf-planning.org/modules/min0298-documentid%3D4747.htm,70
1998-02-19,regular,min0298-documentid_4747.htm,13:30,,17,13,"Robert Passmore - Zoning Administrator, Amit Ghosh, Susana Monta?a, Hillary Gitelman, Larry Badiner, Paul Maltzer, Joy Navarrete, Julian Ba?ales, Irene Nishimura, Jonathan Purvis, Lou Andrade, Linda Avery - Commission Secretary.","Commissioners Hector Chinchilla, Anita Theoharis, Dennis Antenore, Cynthia Joe, Larry Martin, Beverly Mills",https://sfplanning.s3.amazonaws.com/default/files/meetingarchive/planning_dept/sf-planning.org/modules/min0298-documentid%3D4747.htm,44
1998-03-05,regular,min0398-documentid_4751.htm,13:30,,23,15,"Gerald Green - Director of Planning, Robert Passmore - Zoning Administrator; Paul Lord, Paul Deutsch, Joy Navarrete, Elizabeth Gordon, Corey Alvin, Julian Ba?ales, Angelica Chiong, Linda Avery - Commission Secretary","Commissioners Hector Chinchilla, Anita Theoharis, Dennis Antenore, Richard Hills, Cynthia Joe, Larry Martin, Beverly Mills",https://sfplanning.s3.amazonaws.com/default/files/meetingarchive/planning_dept/sf-planning.org/modules/min0398-documentid%3D4751.htm,29
1998-03-12,regular,min0398-documentid_4751.htm,13:30,,17,12,"Gerald Green - Director of Planning, Robert Passmore, Paul Lord, Larry Badiner, Hillary Gitelman, Irene Nishimuara, Jim Nixon, Edy Zwierzycki, Tom Wang, John Billovits, Linda Avery - Commission Secretary","Commissioners Hector Chinchilla, Anita Theoharis, Dennis Antenore, Richard Hills, Cynthia Joe, Larry Martin, Beverly Mills",https://sfplanning.s3.amazonaws.com/default/files/meetingarchive/planning_dept/sf-planning.org/modules/min0398-documentid%3D4751.htm,68
1998-03-19,regular,min0398-documentid_4751.htm,13:30,,21,12,"Gerald Green - Director of Planning, Robert Passmore - Zoning Administrator, Larry Badiner, Jonathan Purvis, Jonas Ionin, Linda Avery - Commission Secretary","Hector Chinchilla, Anita Theoharis, Dennis Antenore, Richard Hills, Cynthia Joe, Beverly Mills",https://sfplanning.s3.amazonaws.com/default/files/meetingarchive/planning_dept/sf-planning.org/modules/min0398-documentid%3D4751.htm,45
1998-03-26,regular,min0398-documentid_4751.htm,13:30,,19,15,"Gerald Green - Director of Planning, Robert Passmore - Zoning Administrator, Larry Badiner, Augustine Fallay, Ozzie Taeb, Catherine, Jim Miller, Paul Maltzer, Joy Navarrete, Linda Avery - Commission Secretary","Hector Chinchilla, Anita Theoharis, Dennis Antenore, Richard Hills, Beverly Mills",https://sfplanning.s3.amazonaws.com/default/files/meetingarchive/planning_dept/sf-planning.org/modules/min0398-documentid%3D4751.htm,21
1998-04-02,regular,min0498-documentid_4755.htm,13:30,,19,12,"Gerald Green - Director of Planning, Robert Passmore - Zoning Administrator, Elizabeth Gordon, Jim Nixon, Grace Hing, Michael Li, Linda Avery - Commission Secretary.","Commissioners Hector Chinchilla, Anita Theoharis, Dennis Antenore, Richard Hills, Cynthia Joe, Larry Martin, Beverly Mills",https://sfplanning.s3.amazonaws.com/default/files/meetingarchive/planning_dept/sf-planning.org/modules/min0498-documentid%3D4755.htm,22
1998-04-09,regular,min0498-documentid_4755.htm,13:30,,17,11,"Gerald Green - Director of Planning, Robert Passmore - Zoning Administrator, Jason Smith, Lisa Posternak, Hillary Gitelman, Lois Scott, Susan Snyder, Edy Zwierzycki, Linda Avery - Commission Secretary","Hector Chinchilla, Anita Theoharis, Dennis Antenore, Richard Hills, Cynthia Joe, Beverly Mills",https://sfplanning.s3.amazonaws.com/default/files/meetingarchive/planning_dept/sf-planning.org/modules/min0498-documentid%3D4755.htm,42
1998-04-09,special,min0498-documentid_4755.htm,12:00,,2,1,,"Hector Chinchilla, Anita Theoharis, Dennis Antenore, Richard Hills, Cynthia Joe, Beverly Mills",https://sfplanning.s3.amazonaws.com/default/files/meetingarchive/planning_dept/sf-planning.org/modules/min0498-documentid%3D4755.htm,42
1998-04-16,regular,min0498-documentid_4755.htm,13:30,,19,15,"Gerald Green - Director of Planning, Robert Passmore - Zoning Administrator, David Lindsay, Jim Nixon, Delvin Washington, Augustine Fallay, Linda Avery - Commission Secretary","Hector Chinchilla,, Dennis Antenore, Richard Hills, Cynthia Joe, Larry Martin, Beverly Mills",https://sfplanning.s3.amazonaws.com/default/files/meetingarchive/planning_dept/sf-planning.org/modules/min0498-documentid%3D4755.htm,29
1998-04-23,regular,min0498-documentid_4755.htm,13:30,,18,8,"Gerald Green - Director of Planning, Robert Passmore - Zoning Administrator, Susana Montaña, Larry Badiner, Hillary Gitelman, Andrea Green, Linda Avery - Commission Secretary","Hector Chinchilla, Anita Theoharis, Dennis Antenore, Richard Hills, Cynthia Joe, Larry Martin, Beverly Mills",https://sfplanning.s3.amazonaws.com/default/files/meetingarchive/planning_dept/sf-planning.org/modules/min0498-documentid%3D4755.htm,23
1998-05-07,regular,min0598-documentid_4759.htm,13:30,,21,16,"Gerald Green - Director of Planning, Robert Passmore - Zoning Administrator, Hillary Gitelman, Steven Shotland, David Lindsay, Linda Avery - Commission Secretary","Hector Chinchilla, Anita Theoharis, Dennis Antenore, Richard Hills, Cynthia Joe",https://sfplanning.s3.amazonaws.com/default/files/meetingarchive/planning_dept/sf-planning.org/modules/min0598-documentid%3D4759.htm,41
1998-05-14,regular,min0598-documentid_4759.htm,13:30,,19,13,"Gerald Green - Director of Planning, Robert Passmore - Jim Miller, Corey Alvin, Lou Andrade, Larry Badiner, Michael Li, David Lindsay, Hillary Gitelman, Carol Roos, Neil Hart, Inge Horton, Elizabeth Gordon, Augustine Fallay","Hector Chinchilla, Anita Theoharis, Dennis Antenore, Richard Hills, Larry Martin",https://sfplanning.s3.amazonaws.com/default/files/meetingarchive/planning_dept/sf-planning.org/modules/min0598-documentid%3D4759.htm,30
1998-05-21,regular,min0598-documentid_4759.htm,15:30,,17,13,"Gerald Green - Director of Planning, Robert PASSMORE Caron Parker, Paul Maltzer, Elizabeth Gordon, Mark Paez, Augustine Fallay, Linda Avery - Commission Secretary","Chinchilla, Theoharis, Antenore, Hills, Joe, Martin, Mills",https://sfplanning.s3.amazonaws.com/default/files/meetingarchive/planning_dept/sf-planning.org/modules/min0598-documentid%3D4759.htm,39
1998-05-21,special,min0598-documentid_4759.htm,,,2,1,,,https://sfplanning.s3.amazonaws.com/default/files/meetingarchive/planning_dept/sf-planning.org/modules/min0598-documentid%3D4759.htm,39
1998-05-28,regular,min0598-documentid_4759.htm,17:00,,9,5,"Gerald Green - Director of Planning, Robert Passmore - Zoning Administrator, Alice Glasner, Paul Deutsch, Paul Maltzer, Lisa Posternak, Linda Avery - Commission Secretary","Chinchilla, Theoharis, Hills, Joe, Martin, Mills",https://sfplanning.s3.amazonaws.com/default/files/meetingarchive/planning_dept/sf-planning.org/modules/min0598-documentid%3D4759.htm,29
1998-05-28,special,min0598-documentid_4759.htm,13:45,,2,0,,,https://sfplanning.s3.amazonaws.com/default/files/meetingarchive/planning_dept/sf-planning.org/modules/min0598-documentid%3D4759.htm,29
1998-06-04,regular,min0698-documentid_4763.htm,13:30,,18,14,"Gerald Green - Director of Planning, Robert Passmore - Zoning Administrator, Jim McCormick, Lou Andrade, Larry Badiner, Amit Ghosh, Michael Berkowitz, David Alaumbaugh, Luly Hwang, Micheal Sanders, Alton Chin, Larry Collins, Jill Slater, Cynthia Hillmon, Scott Dowdee, Adam Light, Susana Montaña, Joy Navarrete, Paul Maltzer, Linda Avery - Commission Secretary.","Chinchilla, Theoharis, Antenore, Hills, Joe, Martin, Mills",https://sfplanning.s3.amazonaws.com/default/files/meetingarchive/planning_dept/sf-planning.org/modules/min0698-documentid%3D4763.htm,41
1998-06-11,regular,min0698-documentid_4763.htm,13:30,,17,11,"Gerald Green - Director of Planning, Robert PASSMORE - Zoning Administrator, Larry Badiner, Paul Rosetter; Linda Avery - Commission Secretary","Theoharis, Antenore, Hills, Joe, Mills",https://sfplanning.s3.amazonaws.com/default/files/meetingarchive/planning_dept/sf-planning.org/modules/min0698-documentid%3D4763.htm,13
1998-06-18,regular,min0698-documentid_4763.htm,13:30,,18,15,"Gerald Green - Director of Planning, Robert PASSMORE - Zoning Administrator, Gene Coleman - Acting Commission Secretary","Chinchilla, Theoharis, Hills, Joe, Martin, Mills",https://sfplanning.s3.amazonaws.com/default/files/meetingarchive/planning_dept/sf-planning.org/modules/min0698-documentid%3D4763.htm,108
1998-06-25,regular,min0698-documentid_4763.htm,13:30,,21,16,"Gerald Green - Director of Planning, Robert PASSMORE -","Chinchilla, Theoharis, Mills, Hills, Martin,",https://sfplanning.s3.amazonaws.com/default/files/meetingarchive/planning_dept/sf-planning.org/modules/min0698-documentid%3D4763.htm,30
1998-07-09,regular,min0798-documentid_4767.htm,13:30,18:26,23,17,"Gerald Green - Director of Planning, Robert PASSMORE - Zoning Administrator, Roger Herrera, Paul Rosetter, Susana Montaña, Hilary Gitelman, Amit Ghosh, Steven Shotland, Alice Glasner, Grace Hing, Paul Deutsch, Jason Smith, Linda Avery - Commission Secretary.","Theoharis, Hills, Joe, Mills",https://sfplanning.s3.amazonaws.com/default/files/meetingarchive/planning_dept/sf-planning.org/modules/min0798-documentid%3D4767.htm,61
1998-07-16,regular,min0798-documentid_4767.htm,13:30,,17,12,"Robert PASSMORE - Zoning Administrator; Neil Hart, Elizabeth Gordon, Edith Zwierzycki, Tom Wang, Susan Snyder, Linda Avery - Commission Secretary","Chinchilla, Dennis Antenore, Martin, Mills",https://sfplanning.s3.amazonaws.com/default/files/meetingarchive/planning_dept/sf-planning.org/modules/min0798-documentid%3D4767.htm,11
1998-07-23,regular,min0798-documentid_4767.htm,14:30,,30,21,"Robert PASSMORE - Zoning Administrator, Lisa Posternak, Joy Navarrete, Paul Maltzer, Julian Bañales, Linda Avery - Commission Secretary","Commissioners Chinchilla, Theoharis, Antenore, Hills, Joe, Martin, Mills",https://sfplanning.s3.amazonaws.com/default/files/meetingarchive/planning_dept/sf-planning.org/modules/min0798-documentid%3D4767.htm,13
1998-08-06,regular,min0898-documentid_4771.htm,13:30,,21,14,"Gerald Green - Director of Planning, Robert PASSMORE - Zoning Administrator, Larry Badiner, Larry McDonald, Paul Lord, Susana Montaña, Paul Rosetter, Lois Scott, Adam Light, Delvin Washington, Linda Avery - Commission Secretary","Chinchilla, Theoharis, Mills, Hills, Antenore, Joe",https://sfplanning.s3.amazonaws.com/default/files/meetingarchive/planning_dept/sf-planning.org/modules/min0898-documentid%3D4771.htm,22
1998-08-13,regular,min0898-documentid_4771.htm,15:00,,20,16,"Gerald Green - Director of Planning, Robert PASSMORE - Zoning Administrator, David Alumbaugh, Eva Liebermann, David Lindsay, Lou Andrade, Adam Light, Grace Hing, Larry McDonald, Lois Scott, Susan Snyder, Edy Zwierzycki, Mark Paez, Jim Nixon, Linda Avery - Commission Secretary.","Chinchilla, Theoharis, Antenore, Hills, Joe, Mills",https://sfplanning.s3.amazonaws.com/default/files/meetingarchive/planning_dept/sf-planning.org/modules/min0898-documentid%3D4771.htm,48
1998-08-20,regular,min0898-documentid_4771.htm,14:30,,21,16,"Gerald Green - Director of Planning Robert Passmore - Zoning Administrator, Corey Alvin, Judy Martin, Jim Miller, Elizabeth Gordon, Angelica Chiong, Susan Young, Susana Montaña, Hillary Gitelman, Carol Roos, Edy Zwierzycki, Lou Andrade, Linda Avery - Commission Secretary","Chinchilla, Theoharis, Antenore, Hills, Joe, Mills",https://sfplanning.s3.amazonaws.com/default/files/meetingarchive/planning_dept/sf-planning.org/modules/min0898-documentid%3D4771.htm,69
1998-08-20,special,min0898-documentid_4771.htm,13:30,,1,1,"Gerald Green - Director of Planning, Amit Ghosh, Eva Liebermann, Rana Ahmadi, Scott Dowdee, Catherine Bauman, Michael Sander, Jill Slater, Charlotte Barhman, Paul Maltzer, Miriam Chion, Pedro Arce, Lulu Hwang, Larry McDonald, David Alumbaugh, Hillary Gitelman, Paul Rosetter, Angelica Chiong, Paul Lord, John Billovits, Linda Avery - Commission Secretary","Chinchilla, Theoharis, Antenore, Hills, Joe, Mills",https://sfplanning.s3.amazonaws.com/default/files/meetingarchive/planning_dept/sf-planning.org/modules/min0898-documentid%3D4771.htm,69
1998-08-27,regular,min0898-documentid_4771.htm,14:00,,28,22,"Gerald Green - Director of Planning, Robert PASSMORE","Chinchilla, Mills, Hills, Joe, Antenore",https://sfplanning.s3.amazonaws.com/default/files/meetingarchive/planning_dept/sf-planning.org/modules/min0898-documentid%3D4771.htm,102
1998-08-27,special,min0898-documentid_4771.htm,13:30,,2,2,"Gerald Green - Director of Planning, Jonas Ionin, Hillary Gitelman, Carol Roos, Linda Avery - Commission Secretary",,https://sfplanning.s3.amazonaws.com/default/files/meetingarchive/planning_dept/sf-planning.org/modules/min0898-documentid%3D4771.htm,102
1998-09-03,regular,min0998-documentid_4775.htm,13:30,,26,20,"Gerald Green - Director of Planning, Robert Passmore - Zoning Administrator, Paul Rosetter, Lou Andrade, Larry McDonald, May Fung, Jana Beatty, John Billovits, Isoken Omokaro, Kelly Pepper, Julian Banales, Paul Maltzer, Joy Navarrete, Elizabeth Gordon, Linda Avery - Commission Secretary","Chinchilla, Theoharis, Antenore, Hills, Joe, Martin, Mills",https://sfplanning.s3.amazonaws.com/default/files/meetingarchive/planning_dept/sf-planning.org/modules/min0998-documentid%3D4775.htm,57
1998-09-03,special,min0998-documentid_4775.htm,13:00,,1,1,,"Chinchilla, Theoharis, Antenore, Hills, Joe, Martin, Mills",https://sfplanning.s3.amazonaws.com/default/files/meetingarchive/planning_dept/sf-planning.org/modules/min0998-documentid%3D4775.htm,57
1998-09-10,regular,min0998-documentid_4775.htm,13:30,,14,9,"Gerald Green - Director of Planning, Robert PASSMORE - Zoning Administrator, Amit Ghosh, Hillary Gitelman, Irene Nishimura, Roger Herrera, Elizabeth Gordon, Judy Martin, Catherine Bauman, Julian Banales, Charles Rivasplata, Jana Beatty, Charlotte Barham, Jonas Ionin - Commission Secretary","Chinchilla, Mills, Hills, Antenore, Joe",https://sfplanning.s3.amazonaws.com/default/files/meetingarchive/planning_dept/sf-planning.org/modules/min0998-documentid%3D4775.htm,34
1998-09-17,regular,min0998-documentid_4775.htm,15:30,,13,9,"Gerald Green - Director of Planning, Robert Passmore - Zoning Administrator, Jonas Ionin - Commission Secretary","Chinchilla, Mills, Joe, Martin, Antenore",https://sfplanning.s3.amazonaws.com/default/files/meetingarchive/planning_dept/sf-planning.org/modules/min0998-documentid%3D4775.htm,100
1998-09-17,special,min0998-documentid_4775.htm,13:30,,9,9,,"Chinchilla, Mills, Hills, Joe, Martin, Antenore",https://sfplanning.s3.amazonaws.com/default/files/meetingarchive/planning_dept/sf-planning.org/modules/min0998-documentid%3D4775.htm,100
1998-09-24,regular,min0998-documentid_4775.htm,13:00,,28,22,"Gerald Green - Director of Planning, Bob Passmore - Zoning Administrator, Susana Montana, Angelica Chiong, Irene Nishimura, Paul Maltzer, Judy Bojayian, Kelly Pepper, Jonas Ionin - Commission Secretary","Chinchilla, Antenore, Hills, Joe, Martin, Mills",https://sfplanning.s3.amazonaws.com/default/files/meetingarchive/planning_dept/sf-planning.org/modules/min0998-documentid%3D4775.htm,14
1998-09-24,special,min0998-documentid_4775.htm,13:00,,1,0,,"Chinchilla, Antenore, Hills, Joe, Martin, Mills",https://sfplanning.s3.amazonaws.com/default/files/meetingarchive/planning_dept/sf-planning.org/modules/min0998-documentid%3D4775.htm,14
1998-10-01,regular,min1098-documentid_4779.htm,13:30,,30,22,"Gerald Green - Director of Planning, Larry McDonald, Hillary Gitelman, Lou Andrade, Judy Boyajian, Jim Nixon, Jonas Ionin - Commission Secretary","Chinchilla, Theoharis, Antenore, Hills, Martin, Mills",https://sfplanning.s3.amazonaws.com/default/files/meetingarchive/planning_dept/sf-planning.org/modules/min1098-documentid%3D4779.htm,56
1998-10-08,regular,min1098-documentid_4779.htm,13:30,,18,14,"Gerald Green - Director of Planning, Larry Mdonald, Jonas Ionin - Commission Secretary","Chinchilla, Theoharis, Antenore, Hills, Mills",https://sfplanning.s3.amazonaws.com/default/files/meetingarchive/planning_dept/sf-planning.org/modules/min1098-documentid%3D4779.htm,17
1998-10-15,regular,min1098-documentid_4779.htm,13:30,,25,19,"Gerald Green - Director of Planning, Larry Badiner, Larry McDonald, Steven Shotland, Neil Hart, Judy Boyajian, Lois Scott, Paul Lord, Jonas Ionin - Commission Secretary","Chinchilla, Theoharis, Antenore, Hills, Joe, Martin, Mills",https://sfplanning.s3.amazonaws.com/default/files/meetingarchive/planning_dept/sf-planning.org/modules/min1098-documentid%3D4779.htm,49
1998-10-22,regular,min1098-documentid_4779.htm,13:30,,17,12,"Gerald Green - Planning Director Bob PASSMORE - Zoning Administrator, Linda Avery, Larry Badiner, Hillary Gitelman, Judy Boyajian, Jonas Ionin - Commission Secretary","Chinchilla, Theoharis, Antenore, Hills, Joe, Martin, Mills",https://sfplanning.s3.amazonaws.com/default/files/meetingarchive/planning_dept/sf-planning.org/modules/min1098-documentid%3D4779.htm,91
1998-11-05,regular,min1198-documentid_4783.htm,13:30,,21,1,,,https://sfplanning.s3.amazonaws.com/default/files/meetingarchive/planning_dept/sf-planning.org/modules/min1198-documentid%3D4783.htm,4
1998-11-12,regular,min1198-documentid_4783.htm,13:30,,20,17,,,https://sfplanning.s3.amazonaws.com/default/files/meetingarchive/planning_dept/sf-planning.org/modules/min1198-documentid%3D4783.htm,81
1998-11-19,regular,min1198-documentid_4783.htm,13:30,,23,1,,,https://sfplanning.s3.amazonaws.com/default/files/meetingarchive/planning_dept/sf-planning.org/modules/min1198-documentid%3D4783.htm,6
1998-12-03,regular,min1298-documentid_4787.htm,13:30,,22,16,,,https://sfplanning.s3.amazonaws.com/default/files/meetingarchive/planning_dept/sf-planning.org/modules/min1298-documentid%3D4787.htm,18
1998-12-08,special,min1298-documentid_4787.htm,16:00,,2,2,,,https://sfplanning.s3.amazonaws.com/default/files/meetingarchive/planning_dept/sf-planning.org/modules/min1298-documentid%3D4787.htm,22
1998-12-10,regular,min1298-documentid_4787.htm,13:30,,24,20,,,https://sfplanning.s3.amazonaws.com/default/files/meetingarchive/planning_dept/sf-planning.org/modules/min1298-documentid%3D4787.htm,229
1998-12-17,regular,min1298-documentid_4787.htm,13:30,,26,24,,,https://sfplanning.s3.amazonaws.com/default/files/meetingarchive/planning_dept/sf-planning.org/modules/min1298-documentid%3D4787.htm,69
1998-12-17,special,min1298-documentid_4787.htm,13:30,,2,2,,,https://sfplanning.s3.amazonaws.com/default/files/meetingarchive/planning_dept/sf-planning.org/modules/min1298-documentid%3D4787.htm,69
1999-01-07,regular,min0199-documentid_4745.htm,13:30,,18,15,,,https://sfplanning.s3.amazonaws.com/default/files/meetingarchive/planning_dept/sf-planning.org/modules/min0199-documentid%3D4745.htm,30
1999-01-14,regular,min0199-documentid_4745.htm,13:30,,25,22,,,https://sfplanning.s3.amazonaws.com/default/files/meetingarchive/planning_dept/sf-planning.org/modules/min0199-documentid%3D4745.htm,52
1999-01-21,special,min0199-documentid_4745.htm,13:30,,23,18,,,https://sfplanning.s3.amazonaws.com/default/files/meetingarchive/planning_dept/sf-planning.org/modules/min0199-documentid%3D4745.htm,100
1999-02-04,regular,min0299-documentid_4749.htm,15:00,,13,11,,,https://sfplanning.s3.amazonaws.com/default/files/meetingarchive/planning_dept/sf-planning.org/modules/min0299-documentid%3D4749.htm,24
1999-02-11,regular,min0299-documentid_4749.htm,13:30,,12,12,,,https://sfplanning.s3.amazonaws.com/default/files/meetingarchive/planning_dept/sf-planning.org/modules/min0299-documentid%3D4749.htm,30
1999-02-18,regular,min0299-documentid_4749.htm,15:00,,14,14,,,https://sfplanning.s3.amazonaws.com/default/files/meetingarchive/planning_dept/sf-planning.org/modules/min0299-documentid%3D4749.htm,29
1999-02-25,regular,min0299-documentid_4749.htm,15:00,,19,17,,,https://sfplanning.s3.amazonaws.com/default/files/meetingarchive/planning_dept/sf-planning.org/modules/min0299-documentid%3D4749.htm,72
1999-03-04,regular,min0399-documentid_4753.htm,15:00,,14,12,,,https://sfplanning.s3.amazonaws.com/default/files/meetingarchive/planning_dept/sf-planning.org/modules/min0399-documentid%3D4753.htm,64
1999-03-11,regular,min0399-documentid_4753.htm,14:30,,14,14,,,https://sfplanning.s3.amazonaws.com/default/files/meetingarchive/planning_dept/sf-planning.org/modules/min0399-documentid%3D4753.htm,40
1999-03-11,special,min0399-documentid_4753.htm,13:30,,2,2,,,https://sfplanning.s3.amazonaws.com/default/files/meetingarchive/planning_dept/sf-planning.org/modules/min0399-documentid%3D4753.htm,40
1999-03-18,regular,min0399-documentid_4753.htm,13:30,,21,16,,,https://sfplanning.s3.amazonaws.com/default/files/meetingarchive/planning_dept/sf-planning.org/modules/min0399-documentid%3D4753.htm,129
1999-04-01,regular,min0499-documentid_4757.htm,16:00,,14,11,,,https://sfplanning.s3.amazonaws.com/default/files/meetingarchive/planning_dept/sf-planning.org/modules/min0499-documentid%3D4757.htm,45
1999-04-15,regular,min0499-documentid_4757.htm,13:30,,20,16,,,https://sfplanning.s3.amazonaws.com/default/files/meetingarchive/planning_dept/sf-planning.org/modules/min0499-documentid%3D4757.htm,43
1999-04-22,regular,min0499-documentid_4757.htm,13:00,,18,14,,,https://sfplanning.s3.amazonaws.com/default/files/meetingarchive/planning_dept/sf-planning.org/modules/min0499-documentid%3D4757.htm,108
1999-05-06,regular,min0599-documentid_4761.htm,14:00,,33,28,,,https://sfplanning.s3.amazonaws.com/default/files/meetingarchive/planning_dept/sf-planning.org/modules/min0599-documentid%3D4761.htm,43
1999-05-13,regular,min0599-documentid_4761.htm,14:00,,19,15,,,https://sfplanning.s3.amazonaws.com/default/files/meetingarchive/planning_dept/sf-planning.org/modules/min0599-documentid%3D4761.htm,29
1999-05-20,regular,min0599-documentid_4761.htm,13:30,,17,16,,,https://sfplanning.s3.amazonaws.com/default/files/meetingarchive/planning_dept/sf-planning.org/modules/min0599-documentid%3D4761.htm,15
1999-05-27,regular,min0599-documentid_4761.htm,13:30,,17,15,,,https://sfplanning.s3.amazonaws.com/default/files/meetingarchive/planning_dept/sf-planning.org/modules/min0599-documentid%3D4761.htm,36
1999-06-03,regular,min0699-documentid_4765.htm,13:30,,23,22,,,https://sfplanning.s3.amazonaws.com/default/files/meetingarchive/planning_dept/sf-planning.org/modules/min0699-documentid%3D4765.htm,119
1999-06-10,regular,min0699-documentid_4765.htm,13:30,,19,15,,,https://sfplanning.s3.amazonaws.com/default/files/meetingarchive/planning_dept/sf-planning.org/modules/min0699-documentid%3D4765.htm,52
1999-06-17,regular,min0699-documentid_4765.htm,14:00,,19,18,,,https://sfplanning.s3.amazonaws.com/default/files/meetingarchive/planning_dept/sf-planning.org/modules/min0699-documentid%3D4765.htm,58
1999-06-24,regular,min0699-documentid_4765.htm,13:30,,19,17,,,https://sfplanning.s3.amazonaws.com/default/files/meetingarchive/planning_dept/sf-planning.org/modules/min0699-documentid%3D4765.htm,25
1999-07-08,regular,min0799-documentid_4769.htm,13:30,,16,15,,,https://sfplanning.s3.amazonaws.com/default/files/meetingarchive/planning_dept/sf-planning.org/modules/min0799-documentid%3D4769.htm,7
1999-07-15,regular,min0799-documentid_4769.htm,13:30,,17,15,,,https://sfplanning.s3.amazonaws.com/default/files/meetingarchive/planning_dept/sf-planning.org/modules/min0799-documentid%3D4769.htm,65
1999-07-22,regular,min0799-documentid_4769.htm,13:30,,20,16,,,https://sfplanning.s3.amazonaws.com/default/files/meetingarchive/planning_dept/sf-planning.org/modules/min0799-documentid%3D4769.htm,21
1999-08-05,regular,min0899-documentid_4773.htm,13:30,,21,19,,,https://sfplanning.s3.amazonaws.com/default/files/meetingarchive/planning_dept/sf-planning.org/modules/min0899-documentid%3D4773.htm,30
1999-08-12,regular,min0899-documentid_4773.htm,13:30,,16,13,,,https://sfplanning.s3.amazonaws.com/default/files/meetingarchive/planning_dept/sf-planning.org/modules/min0899-documentid%3D4773.htm,14
1999-08-26,regular,min0899-documentid_4773.htm,13:30,,16,14,,,https://sfplanning.s3.amazonaws.com/default/files/meetingarchive/planning_dept/sf-planning.org/modules/min0899-documentid%3D4773.htm,29
1999-09-02,regular,min0999-documentid_4777.htm,13:30,,16,12,,,https://sfplanning.s3.amazonaws.com/default/files/meetingarchive/planning_dept/sf-planning.org/modules/min0999-documentid%3D4777.htm,73
1999-09-09,regular,min0999-documentid_4777.htm,13:30,,15,12,,,https://sfplanning.s3.amazonaws.com/default/files/meetingarchive/planning_dept/sf-planning.org/modules/min0999-documentid%3D4777.htm,19
1999-10-07,regular,min1099-documentid_4781.htm,13:30,,24,19,,,https://sfplanning.s3.amazonaws.com/default/files/meetingarchive/planning_dept/sf-planning.org/modules/min1099-documentid%3D4781.htm,42
1999-10-14,regular,min1099-documentid_4781.htm,13:30,,22,20,,,https://sfplanning.s3.amazonaws.com/default/files/meetingarchive/planning_dept/sf-planning.org/modules/min1099-documentid%3D4781.htm,95
1999-10-21,regular,min1099-documentid_4781.htm,13:30,,18,14,,,https://sfplanning.s3.amazonaws.com/default/files/meetingarchive/planning_dept/sf-planning.org/modules/min1099-documentid%3D4781.htm,65
1999-10-28,regular,min1099-documentid_4781.htm,13:30,,26,10,,"Theoharis, Mills, Antenore, Joe, Martin, Richardson",https://sfplanning.s3.amazonaws.com/default/files/meetingarchive/planning_dept/sf-planning.org/modules/min1099-documentid%3D4781.htm,6
1999-11-04,regular,min1199-documentid_4785.htm,13:30,,32,26,"Gerald G. Green - Director of Planning, Mary Gallagher - Zoning Administrator, Linda D. Avery - Commission Secretary","Theoharis, Mills, Antenore, Chinchilla, Richardson, Joe",https://sfplanning.s3.amazonaws.com/default/files/meetingarchive/planning_dept/sf-planning.org/modules/min1199-documentid%3D4785.htm,76
1999-11-18,regular,min1199-documentid_4785.htm,13:30,,29,25,"Gerald G. Green - Director of Planning, Mary Gallagher - Zoning Administrator, Kelly LeBlanc, Hillary Gitelman, Paul Rosetter, Allison Borden, Sharon Young, Jonathan Purvis, Mary Woods, Linda D. Avery - Commission Secretary.","Theoharis, Mills, Antenore, Chinchilla, Joe, Martin, Richardson",https://sfplanning.s3.amazonaws.com/default/files/meetingarchive/planning_dept/sf-planning.org/modules/min1199-documentid%3D4785.htm,25
1999-12-02,regular,min1299-documentid_4789.htm,13:30,,25,21,"Gerald G. Green - Director of Planning, Mary Gallagher - Zoning Administrator, Linda D. Avery - Commission Secretary","Theoharis, Mills, Antenore, Joe, Richardson",https://sfplanning.s3.amazonaws.com/default/files/meetingarchive/planning_dept/sf-planning.org/modules/min1299-documentid%3D4789.htm,10
1999-12-09,regular,min1299-documentid_4789.htm,13:30,,18,16,"Gerald G. Green - Director of Planning, Mary Gallagher - Zoning Administrator, Joan Kugler, Jim Miller, Rick Cooper, Rana Ahmadi, Tom Wang, Alison Borden, Edy Zwierzycki, Michael Li, Katherine Keylon, John Billovits, Jason Smithm, Linda D. Avery - Commission Secretary.","Theoharis,Mills, Antenore,Chinchilla, Joe, Martin, Richardson",https://sfplanning.s3.amazonaws.com/default/files/meetingarchive/planning_dept/sf-planning.org/modules/min1299-documentid%3D4789.htm,40
1999-12-16,regular,min1299-documentid_4789.htm,13:30,,28,24,"Gerald G. Green - Director of Planning, Mary Gallagher - Zoning Administrator, Lois Scott, May Fung, Tom Wang, Delvin Washington, Isolada Wilson, Joy Navarrete, Katherine Keylon, Kelly Pepper, Alison Borden, Linda D. Avery - Commission Secretary","Mills, Antenore, Chinchilla, Joe, Martin, Richardson",https://sfplanning.s3.amazonaws.com/default/files/meetingarchive/planning_dept/sf-planning.org/modules/min1299-documentid%3D4789.htm,109
2000-01-06,regular,mn200001-documentid_4801.htm,13:30,,25,17,"Gerald G. Green - Director of Planning, Paul Rosetter, Joy Navarrete, Mark Paez, Linda D. Avery - Commission Secretary .","Theoharis, Mills, Antenore, Chinchilla, Joe, Richardson",https://sfplanning.s3.amazonaws.com/default/files/meetingarchive/planning_dept/sf-planning.org/modules/mn200001-documentid%3D4801.htm,138
2000-01-13,regular,mn200001-documentid_4801.htm,14:00,,14,12,"Gerald G. Green - Director of Planning, Larry Badiner, Jonathan Purvis, Julian Banales, Joan Kugler, Alison Borden, Isolde Wilson, Kelly Pepper, Linda Avery - Commission Secretary.","Theoharis, Mills, Antenore, Chinchilla, Joe, Martin, Richardson",https://sfplanning.s3.amazonaws.com/default/files/meetingarchive/planning_dept/sf-planning.org/modules/mn200001-documentid%3D4801.htm,18
2000-01-20,regular,mn200001-documentid_4801.htm,13:30,,25,21,"Gerald G. Green - Director of Planning, Paul Rosetter, Ken Chin, Kelley LeBlanc, Corey Alvin, Edy Zwierzycki, Judy Martin, Jana Beatty, Michael Kometani, Susana Montana, Kelley Pepper, Sharon Young, Ellen Miramontes, Isolde Wilson, Mary Woods, Linda Avery - Commission Secretary.","Theoharis, Mills, Antenore, Chinchilla, Joe, Martin, Richardson",https://sfplanning.s3.amazonaws.com/default/files/meetingarchive/planning_dept/sf-planning.org/modules/mn200001-documentid%3D4801.htm,59
2000-01-27,regular,mn200001-documentid_4801.htm,13:30,,24,22,"Gerald G. Green - Director of Planning, Bill Wycko, Jonathan Purvis, Paul Deutsch, Tom Wang, Julian Banales, Catherine Keylon, Jim Miller, Cecilia Jaroslawsky, Judy Martin, Ellen Miramontes, Linda D. Avery - Commission Secretary.","Theoharis, Mills, Antenore, Chinchilla, Joe, Richardson",https://sfplanning.s3.amazonaws.com/default/files/meetingarchive/planning_dept/sf-planning.org/modules/mn200001-documentid%3D4801.htm,43
2000-02-03,regular,20000203-documentid_32.pdf.html,13:30,17:40,14,11,"Gerald G. Green - Director of Planning, Susana Montana, Hillary Gitelman, Sharon Young, Kelly LeBlanc, Linda D. Avery - Commission Secretary","Theoharis, Mills, Antenore, Chinchilla, Joe, Richardson, Martin",https://sfplanning.s3.amazonaws.com/default/files/meetingarchive/planning_dept/sf-planning.org/modules/20000203-documentid%3D32.pdf,81
2000-03-02,regular,mn200003-documentid_4803.htm,13:30,,21,20,"Gerald G. Green - Director of Planning, Mary Woods, Diane Wong, Ken Chin, Kelley LeBlanc, Jana Beatty, Jim Miller, Ellen Miramontes, Edy Zwierzycki, Isolde Wilson, Judy Martin, Linda D. Avery - Commission Secretary","Theoharis, Mills, Antenore, Chinchilla, Joe, Martin, Richardson",https://sfplanning.s3.amazonaws.com/default/files/meetingarchive/planning_dept/sf-planning.org/modules/mn200003-documentid%3D4803.htm,110
2000-03-09,regular,mn200003-documentid_4803.htm,13:30,,31,14,"Gerald G. Green - Director of Planning, Paul Rosetter, Joy Navarrete, Edy Zwierzycki, Jonathan Purvis, Pedro Arce, Isolde Wilson, Paul Maltzer, Linda D. Avery - Commission Secretary.","Theoharis, Mills, Antenore, Chinchilla, Joe, Richardson",https://sfplanning.s3.amazonaws.com/default/files/meetingarchive/planning_dept/sf-planning.org/modules/mn200003-documentid%3D4803.htm,37
2000-04-06,regular,mn200004-documentid_4805.htm,13:30,,42,23,"Gerald G. Green - Director of Planning, Susana Montana, Tim Blomgren, Paul Rosetter, Kelly LeBlanc, Jana Beatty, Mathew Snyder, Ricardo Bressanutti, Pedro Arce, Alison Borden, Edy Zwierzycki, Mary Koonts, Ellen Miramontes, Tom Wang, Linda D. Avery - Commission Secretary.","Mills, Antenore, Chinchilla, Joe, Martin, Richardson",https://sfplanning.s3.amazonaws.com/default/files/meetingarchive/planning_dept/sf-planning.org/modules/mn200004-documentid%3D4805.htm,41
2000-04-13,regular,mn200004-documentid_4805.htm,13:45,,43,22,"Gerald G. Green - Director of Planning, Larry Badiner, Hillary Gitelman, Susana Montana, Kelly LeBlanc, Michael Kometani, Linda D. Avery - Commission Secretary","Beverly Mills, Dennis Antenore, Linda Richardson, Cynthia Joe, Anita Theoharis",https://sfplanning.s3.amazonaws.com/default/files/meetingarchive/planning_dept/sf-planning.org/modules/mn200004-documentid%3D4805.htm,77
2000-04-27,regular,mn200004-documentid_4805.htm,13:35,,31,22,"Gerald G. Green - Director of Planning, Larry Badiner, Hillary Gitelman, Darwin Helmuth, Susana Montana, David Alumbaugh, Ellen Miramontes, Allison Borden, Ricardo Bressanutti, Catherine Keylon, Kenneth Chin, and Linda Avery - Commission Secretary.","Mills, Antenore, Chinchilla, Richardson",https://sfplanning.s3.amazonaws.com/default/files/meetingarchive/planning_dept/sf-planning.org/modules/mn200004-documentid%3D4805.htm,57
2000-05-04,regular,mn200005-documentid_4807.htm,13:30,20:46,32,15,"Gerald G. Green - Director of Planning, Larry Badiner - Zoning Administrator, Ellen Miramontes, Kenneth Chin, Amit Gosh, Tony Kim, Dario Jones, Sailesh Mehra, Steve Shotland, Linda D. Avery - Commission Secretary.","Theoharis, Antenore, Chinchilla, Joe, Richardson",https://sfplanning.s3.amazonaws.com/default/files/meetingarchive/planning_dept/sf-planning.org/modules/mn200005-documentid%3D4807.htm,32
2000-05-11,regular,mn200005-documentid_4807.htm,13:30,,57,38,"Gerald G. Green - Director of Planning, Larry Badiner - Zoning Administrator, Paul Rosetter, Pedro Arce, Roger Herrera, Joan Kugler, Kenneth Chin, Elizabeth Gordon, Jim Miller, Ellen Miramontes, Catherine Keylon, Matt Snyder, Augustine Fallay, Linda D. Avery - Commission Secretary.","Theoharis, Antenore, Joe, Chinchilla, Martin, Richardson",https://sfplanning.s3.amazonaws.com/default/files/meetingarchive/planning_dept/sf-planning.org/modules/mn200005-documentid%3D4807.htm,86
2000-06-01,regular,mn200006-documentid_4809.htm,13:36,,34,25,"Gerald G. Green - Director of Planning, Larry Badiner - Zoning Administrator, Hillary Gitelman, Jana Beatty, Matthew Snyder, Joy Navarrete, Kelly LaBlanc, Michael Kometani, Nora Priego - Transcription Secretary, Linda D. Avery - Commission Secretary","Theoharis, Richardson, Antenore , Mills , Joe, Martin",https://sfplanning.s3.amazonaws.com/default/files/meetingarchive/planning_dept/sf-planning.org/modules/mn200006-documentid%3D4809.htm,148
2000-06-08,regular,mn200006-documentid_4809.htm,13:30,19:23,38,20,"Gerald G. Green - Director of Planning, Larry Badiner - Zoning Administrator, Paul Deutsch, Scott Edmondson; John Billovits; Paul Lord; Kelley LeBlanc; Ricardo Bressanutti; Kenneth Chin; Mary Woods; Sailesh Mehra; Julian Banales; Nora Priego, Transcribing Secretary, Linda D. Avery - Commission Secretary.","Mills, Richardson, Antenore , Joe, ? Martin, Chinchilla",https://sfplanning.s3.amazonaws.com/default/files/meetingarchive/planning_dept/sf-planning.org/modules/mn200006-documentid%3D4809.htm,64
2000-06-15,regular,mn200006-documentid_4809.htm,13:30,,23,12,"Gerald G. Green - Director of Planning; Larry Badiner - Zoning Administrator; Hillary Gitelman; Kelley LeBlanc; Matthew Snyder; Isolde Wilson; Catherine Keylon; Allison Borden; Nora Priego, Transcribing Secretary; Linda D. Avery - Commission Secretary.","Mills, Antenore, Joe, Chinchilla, Richardson",https://sfplanning.s3.amazonaws.com/default/files/meetingarchive/planning_dept/sf-planning.org/modules/mn200006-documentid%3D4809.htm,53
2000-06-22,regular,mn200006-documentid_4809.htm,13:30,17:18,38,19,"Gerald G. Green - Director of Planning, Larry Badiner - Zoning Administrator, Isolde Wilson, Kenneth Chin, Tony Kim, Joy Navarrete, ?","Antenore, Joe, Mills, Chinchilla, Richardson",https://sfplanning.s3.amazonaws.com/default/files/meetingarchive/planning_dept/sf-planning.org/modules/mn200006-documentid%3D4809.htm,20
2000-07-06,regular,mn200007-documentid_4811.htm,13:30,18:41,47,22,"Gerald G. Green - Director of Planning, Larry McDonald; Paul Maltzer; John Billovits; Allison Borden; Kenneth Chin; Tony Kim; Isolde Wilson; Rana Ahmadi; Elizabeth Gordon; Delvin Washington; Catherine Keylon; Ricardo Bressanutti; Nora Priego - Transcription Secretary, Linda D. Avery - Commission Secretary","Joe, Mills, Theoharis, Martin, Chinchilla, Richardson,",https://sfplanning.s3.amazonaws.com/default/files/meetingarchive/planning_dept/sf-planning.org/modules/mn200007-documentid%3D4811.htm,61
2000-07-13,regular,mn200007-documentid_4811.htm,13:30,19:45,46,22,"Gerald G. Green - Director of Planning, Hillary Gitelman; Rana Ahmadi; Amit Gosh; Isolde Wilson; John Billovits; Paul Lord; Paul Maltzer; Paul Deutsch; Scott Edmondson; Catherine Keylon; Julian Banales, Greg Nikitas; Kenneth Chin; Nora Priego - Transcription Secretary, Linda D. Avery - Commission Secretary","Antenore, Joe, Mills, Theoharis, Chinchilla, Richardson, Martin",https://sfplanning.s3.amazonaws.com/default/files/meetingarchive/planning_dept/sf-planning.org/modules/mn200007-documentid%3D4811.htm,56
2000-07-20,regular,mn200007-documentid_4811.htm,13:30,16:30,29,15,"Gerald G. Green - Director of Planning; Hillary Gitelman; Darwin Helmuth; Kenneth Chin; Isolde Wilson; Nora Priego - Transcription Secretary, Linda D. Avery - Commission Secretary","Antenore, Joe, Mills, Theoharis, Richardson",https://sfplanning.s3.amazonaws.com/default/files/meetingarchive/planning_dept/sf-planning.org/modules/mn200007-documentid%3D4811.htm,29
2000-07-27,regular,mn200007-documentid_4811.htm,13:30,,30,15,"Gerald G. Green - Director of Planning; Larry Badiner, Zoning Administrator; Isolde Wilson; Judy Martin; Nora Priego - Transcription Secretary; Linda D. Avery - Commission Secretary","Antenore, Joe, Mills, Richardson",https://sfplanning.s3.amazonaws.com/default/files/meetingarchive/planning_dept/sf-planning.org/modules/mn200007-documentid%3D4811.htm,13
2000-08-03,regular,mn200008-documentid_4813.htm,13:30,,30,15,"Gerald G. Green - Director of Planning; Larry Badiner, Zoning Administrator; Isolde Wilson; Edy Zwierzyky; Amit Gosh; David Alumbaugh; Paul Lord; Tony Kim; Paul Deutch; ? Nora Priego - Transcription Secretary, Linda D. Avery - Commission Secretary","Antenore, Joe, Salinas, Mills, Theoharis, Chinchilla, Richardson",https://sfplanning.s3.amazonaws.com/default/files/meetingarchive/planning_dept/sf-planning.org/modules/mn200008-documentid%3D4813.htm,54
2000-08-10,regular,mn200008-documentid_4813.htm,13:30,,39,24,"Gerald G. Green - Director of Planning; Larry Badiner, Zoning Administrator; Nora Priego - Transcription Secretary, Linda D. Avery - Commission Secretary","Joe, Mills, Theoharis, Chinchilla, Salinas, Richardson",https://sfplanning.s3.amazonaws.com/default/files/meetingarchive/planning_dept/sf-planning.org/modules/mn200008-documentid%3D4813.htm,139
2000-08-17,special,mn200008-documentid_4813.htm,12:00,,13,10,"? Larry Badiner - Zoning Administrator; Hillary Gitelman, Pedro Arce, ? Patricia Gerber - Transcription Secretary, Linda D. Avery - Commission Secretary","Theoharis, Antenore, Joe, Mills, Salinas",https://sfplanning.s3.amazonaws.com/default/files/meetingarchive/planning_dept/sf-planning.org/modules/mn200008-documentid%3D4813.htm,22
2000-08-24,regular,mn200008-documentid_4813.htm,13:30,,46,23,Gerald G. Green - Director of Planning; Larry Badiner - Zoning Administrator; Eddy Zwierzycki; Paul Maltzer; Bill Wycko; Irene Nishimura; Cecilia Jaroslawsky; Joy Navarrete; Joan Kugler; Mary Woods; Craig Nikitas; Michael Smith; Sharon Young; Matt Snyder; ? Nora Priego - Transcription Secretary; Linda D. Avery - Commission Secretary,"Antenore, Joe, Mills, Martin, Chinchilla",https://sfplanning.s3.amazonaws.com/default/files/meetingarchive/planning_dept/sf-planning.org/modules/mn200008-documentid%3D4813.htm,71
2000-09-07,regular,mn200009-documentid_4815.htm,13:30,,48,23,"Gerald G. Green - Director of Planning; Larry Badiner - Zoning Administrator; Isolde Wilson; Adam Rich; David Alinbaugh; Andrea Young, Joy Navarrete; Leslie Buford; Paul Deutsch; Jim Miller; Catherine Keylon; Tony Kim; Judy Martin; Tina Tam; Kenneth Chin; Paul Lord; Elizabeth Gordon; Joy Navarrete; Nora Priego - Transcription Secretary; Linda D. Avery - Commission Secretary","Theoharis, Mills, Antenore, Joe, Chinchilla, ? Salinas",https://sfplanning.s3.amazonaws.com/default/files/meetingarchive/planning_dept/sf-planning.org/modules/mn200009-documentid%3D4815.htm,58
2000-09-14,regular,mn200009-documentid_4815.htm,13:30,15:53,41,21,"Gerald G. Green - Director of Planning; Larry Badiner - Zoning Administrator; Catherine Keylon; Tony Kim; Craig Nikitas; Judy Martin; Jim Miller; Kelley LeBlanc; ? Nora Priego - Transcription Secretary, Linda D. Avery - Commission Secretary","Antenore, Joe, Salinas, Theoharis, Chinchilla",https://sfplanning.s3.amazonaws.com/default/files/meetingarchive/planning_dept/sf-planning.org/modules/mn200009-documentid%3D4815.htm,10
2000-09-21,regular,mn200009-documentid_4815.htm,13:30,,37,19,Gerald G. Green - Director of Planning; Larry Badiner - Zoning Administrator; Scott Sanchez; Julian Banales; Allison Borden; Dan Dibartolo; Dario Jones; Kelley LeBlanc; Jonathan Purvis; Ann Marie Rodgers; Scott Edmondson; Andrea Wong; Sailesh Mehra; ? Nora Priego - Transcription Secretary; Linda D. Avery - Commission Secretary,"Baltimore, Chinchilla, Fay, Joe, Mills, Salinas",https://sfplanning.s3.amazonaws.com/default/files/meetingarchive/planning_dept/sf-planning.org/modules/mn200009-documentid%3D4815.htm,24
2000-10-05,regular,mn200010-documentid_4817.htm,13:30,17:30,32,16,Gerald G. Green - Director of Planning; Larry Badiner - Zoning Administrator; Paul Lord; Darwin Helmuth; Lois Scott; Craig Nikitas; Adam Light; Julian Banales; Nora Priego - Transcription Secretary; Linda D. Avery - Commission Secretary,"Baltimore, Chinchilla, Fay, Joe, Mills, Salinas, Theoharis",https://sfplanning.s3.amazonaws.com/default/files/meetingarchive/planning_dept/sf-planning.org/modules/mn200010-documentid%3D4817.htm,134
2000-10-12,regular,mn200010-documentid_4817.htm,13:30,,22,11,Gerald G. Green - Director of Planning; Larry Badiner - Zoning Administrator; Ken Rich; Paul Maltzer; Hillary Gitelman; Leslie Buford; Jonathan Purvis;,"Baltimore, Chinchilla, Fay, Joe, Mills, Salinas, Theoharis",https://sfplanning.s3.amazonaws.com/default/files/meetingarchive/planning_dept/sf-planning.org/modules/mn200010-documentid%3D4817.htm,27
2000-10-19,regular,mn200010-documentid_4817.htm,13:30,17:41,22,12,Gerald G. Green - Director of Planning; Larry Badiner - Zoning Administrator; Mary Woods; Cecilia Jaroslawsky; Paul Deutsch; Judy Martin; Julian Banales; Andrea Wong; Nora Priego - Transcription Secretary; Isolde Wilson - Acting Secretary Commission Secretary,"Baltimore, Chinchilla, Fay, Joe, Mills, Salinas, Theoharis",https://sfplanning.s3.amazonaws.com/default/files/meetingarchive/planning_dept/sf-planning.org/modules/mn200010-documentid%3D4817.htm,48
2000-10-26,regular,mn200010-documentid_4817.htm,13:30,,53,1,"Gerald G. Green - Director of Planning; Larry Badiner - Zoning Administrator; Isolde Wilson, Hillary Gitelman; Lesley Buford; Bill Wycko; Tina Tam; Dario Jones; Tony Kim; ? Patricia Gerber - Transcription Secretary; Andrea Green - Acting Commission Secretary","Baltimore, Chinchilla, Fay, Joe, Salinas, Theoharis",https://sfplanning.s3.amazonaws.com/default/files/meetingarchive/planning_dept/sf-planning.org/modules/mn200010-documentid%3D4817.htm,5
2000-11-02,regular,mn200011-documentid_4819.htm,13:30,,41,32,Gerald G. Green - Director of Planning; Larry Badiner - Zoning Administrator; Leslie Buford; Ricardo Bressanutti; Irene Nishimura; Pedro Arce; Paul Maltzer; Paul Lord; Rick Cooper; Sharon Young; Mary Woods; Jim Miller; Elizabeth Gordon; Dario Jones; Ken Chin; Andrea Wong; Nora Priego - Transcription Secretary; Linda D. Avery - Commission Secretary,"Baltimore, Chinchilla, Fay,Joe, Mills, Salinas, Theoharis",https://sfplanning.s3.amazonaws.com/default/files/meetingarchive/planning_dept/sf-planning.org/modules/mn200011-documentid%3D4819.htm,128
2000-11-09,regular,mn200011-documentid_4819.htm,13:30,,32,23,Gerald G. Green - Director of Planning; Larry Badiner - Zoning Administrator; Kelley LeBlanc; Roger Herrera; Dan DiBartolo; Paul Deutsch; Adam Light; John Davidson; Elizabeth Gordon; Michael Smith; Nora Priego - Executive Secretary; Patricia Gerber - Transcription Secretary;Linda D. Avery - Commission Secretary,"Baltimore, Chinchilla, Fay,Joe, Mills, Salinas, Theoharis",https://sfplanning.s3.amazonaws.com/default/files/meetingarchive/planning_dept/sf-planning.org/modules/mn200011-documentid%3D4819.htm,31
2000-11-16,regular,mn200011-documentid_4819.htm,13:30,,39,27,"Gerald G. Green - Director of Planning; Larry Badiner - Zoning Administrator; Kelly Le Blanc, Steve Shotland, Joan Kugler, Alison Borden, Dan Sider, Susan Snyder, Jim Miller, Thomas Wang, Lesley Buford, Andrea Wong, Mary Woods, Patricia Gerber - Transcription Secretary; Linda D. Avery - Commission Secretary","Baltimore, Chinchilla, Fay,Joe, Mills, Salinas, Theoharis",https://sfplanning.s3.amazonaws.com/default/files/meetingarchive/planning_dept/sf-planning.org/modules/mn200011-documentid%3D4819.htm,33
2000-12-07,regular,mn200012-documentid_4821.htm,15:35,,74,1,"Gerald G. Green - Director of Planning; Larry Badiner - Zoning Administrator; Patricia Gerber, Executive Secretary; Andrea Green - Acting Commission Secretary","Baltimore, Chinchilla, Fay, Joe, Mills, Salinas , Theoharis",https://sfplanning.s3.amazonaws.com/default/files/meetingarchive/planning_dept/sf-planning.org/modules/mn200012-documentid%3D4821.htm,2
2000-12-14,regular,mn200012-documentid_4821.htm,14:00,,64,32,Gerald G. Green - Director of Planning; Larry Badiner - Zoning Administrator; Isolde Wilson; Paul Lord; Samuel Assefa; Stephen Shotland; Maltzer; Navarrete; Elizabeth Gordon; Cecilia Jaroslawsky; Ellen Miramontes; Craig Nikitas; Sharon Young; Judy Martin; Andrea Wong; Matt Snyder; Patricia Gerber - Executive Secretary; Nora Priego - Transcription Secretary; Andrea Green - Acting Commission Secretary,"Baltimore, Chinchilla, Fay, Joe, Mills, Salinas, Theoharis",https://sfplanning.s3.amazonaws.com/default/files/meetingarchive/planning_dept/sf-planning.org/modules/mn200012-documentid%3D4821.htm,111
2001-01-11,regular,index.aspx-page_1098.html,13:30,,46,27,Gerald G. Green - Director of Planning; Larry Badiner - Zoning Administrator; Rick Cooper; Paul Deutsch; Ken Rich; Rick Crawford; Andrea Wong; Jim Miller; Dan DiBartolo; Ken Chin; Sharon Young; Ricardo Bressanutti; Thomas Wang; Augustine Fallay; Susan Snyder; Nora Priego - Transcription Secretary; Andrea Green – Acting Commission Secretary,"Baltimore, Chinchilla, Fay, Joe, Mills, Salinas, Theoharis",https://sfplanning.s3.amazonaws.com/default/files/meetingarchive/planning_dept/sf-planning.org/index.aspx-page%3D1098.html,29
2001-01-18,regular,index.aspx-page_1099.html,13:30,,29,14,Gerald G. Green - Director of Planning; Larry Badiner - Zoning Administrator; Andrea Wong; Thomas Wang; Nora Priego - Transcription Secretary; Isolde Wilson – Acting Commission Secretary,"Baltimore, Chinchilla, Fay, Joe, Mills, Salinas",https://sfplanning.s3.amazonaws.com/default/files/meetingarchive/planning_dept/sf-planning.org/index.aspx-page%3D1099.html,51
2001-01-25,regular,index.aspx-page_1100.html,13:30,19:00,35,0,Gerald G. Green - Director of Planning; Larry Badiner - Zoning Administrator; Mary Woods; Kelley LeBlanc; Thomas Wang; Andrea Wong; Tim Woloshyn; Blake Washington; Nora Priego - Transcription Secretary; Andrea Green – Acting Commission Secretary,"Baltimore, Chinchilla, Fay, Joe, Salinas, Theoharis",https://sfplanning.s3.amazonaws.com/default/files/meetingarchive/planning_dept/sf-planning.org/index.aspx-page%3D1100.html,0
2001-02-01,regular,index.aspx-page_1101.html,13:30,,17,9,Gerald G. Green - Director of Planning; Larry Badiner - Zoning Administrator; Kenneth Chin; Scott Sanchez; Michael Li; Andrea Wong; Fallay; Matt Snyder; Craig Nikitas; Isolde Wilson; Nora Priego - Transcription Secretary; Linda Avery – Commission Secretary,"Baltimore, Chinchilla, Fay, Joe, Salinas, Theoharis",https://sfplanning.s3.amazonaws.com/default/files/meetingarchive/planning_dept/sf-planning.org/index.aspx-page%3D1101.html,32
2001-02-08,regular,index.aspx-page_1102.html,13:30,,32,22,Gerald G. Green - Director of Planning; Larry Badiner - Zoning Administrator; Sharon Young; Elizabeth Gordon; Michael Kometani; Rick Crawford; Tina Tam; Kenneth Chin; Matthew Snyder; Craig Nikitas; Dan DiBartolo; Patricia Gerber – Transcription Secretary; Linda D. Avery – Commission Secretary,"Theoharis, Fay, Baltimore, Chinchilla, Joe, Salinas",https://sfplanning.s3.amazonaws.com/default/files/meetingarchive/planning_dept/sf-planning.org/index.aspx-page%3D1102.html,52
2001-02-15,regular,index.aspx-page_1103.html,13:30,,28,14,"Gerald G. Green, Director of Planning; Larry Badiner, Zoning Administrator; Costolino Hogan; Hillary Gitelman; Leslie Buford; Joan Kugler; Ricardo Bressanutti; Rick Crawford; Sailesh Mehra; Michael Smith; Nora Priego, Transcription Secretary; Linda Avery, Commission Secretary","Baltimore, Chinchilla, Fay, Joe, Salinas, Theoharis",https://sfplanning.s3.amazonaws.com/default/files/meetingarchive/planning_dept/sf-planning.org/index.aspx-page%3D1103.html,34
2001-02-22,regular,index.aspx-page_1104.html,13:30,,40,24,"Gerald G. Green, Director of Planning; Larry Badiner, Zoning Administrator; Isolde Wilson; Costolino Hogan; David Alumbaugh; Paul Lord; Darwin Helmuth; Paul Maltzer; Michael Kometani; Adam Light; Kelley LeBlanc; Allison Borden; Nora Priego, Transcription Secretary; Linda Avery, Commission Secretary","Baltimore, Chinchilla, Fay, Joe, Salinas, Theoharis",https://sfplanning.s3.amazonaws.com/default/files/meetingarchive/planning_dept/sf-planning.org/index.aspx-page%3D1104.html,13
2001-03-01,regular,index.aspx-page_1105.html,13:30,,54,27,"Gerald G. Green, Director of Planning; Larry Badiner, Zoning Administrator; Isolde Wilson; Catherine Bauman; Jim Miller; Dan DiBartolo; Nora Priego, Transcription Secretary; Linda Avery, Commission Secretary","Baltimore, Chinchilla, Fay, Joe, Salinas, Theoharis",https://sfplanning.s3.amazonaws.com/default/files/meetingarchive/planning_dept/sf-planning.org/index.aspx-page%3D1105.html,48
2001-03-08,regular,index.aspx-page_1106.html,13:30,,50,24,"Gerald G. Green, Director of Planning; Larry Badiner, Zoning Administrator; David Alumbaugh; Pedro Arce; Elizabeth Gordon; Rick Crawford; Kelley LeBlanc; Sailesh Mehra; Glenn Cabreros; Michael Smith; Nora Priego, Transcription Secretary; Linda Avery, Commission Secretary","Baltimore, Chinchilla, Fay, Joe, Salinas, Theoharis",https://sfplanning.s3.amazonaws.com/default/files/meetingarchive/planning_dept/sf-planning.org/index.aspx-page%3D1106.html,37
2001-03-15,regular,index.aspx-page_1107.html,13:30,,25,15,,"Theoharis, Fay, Baltimore, Chinchilla, Joe, Salinas",https://sfplanning.s3.amazonaws.com/default/files/meetingarchive/planning_dept/sf-planning.org/index.aspx-page%3D1107.html,84
2001-03-22,regular,index.aspx-page_1108.html,13:30,18:50,34,28,"Gerald G. Green, Director of Planning; Larry Badiner, Zoning Administrator; Ann Marie Rodgers; Blake Washington; Craig Nikitas; Adam Light; Elizabeth Gordon; Rick Crawford; Pedro Arce; Dan Sider; Sailesh; Mehra; Nora Priego, Transcription Secretary; Linda Avery, Commission Secretary","Baltimore, Chinchilla, Fay, Joe, Salinas, Theoharis",https://sfplanning.s3.amazonaws.com/default/files/meetingarchive/planning_dept/sf-planning.org/index.aspx-page%3D1108.html,37
2001-04-05,regular,index.aspx-page_1109.html,13:30,,48,15,Gerald G. Green – Director of Planning; Larry Badiner – Zoning Administrator; David Alumbaugh; Jasper Rubin; Kelly LeBlanc; Alison Borden; Jonathan Lau; Tim Blomgren; Jonathan Purvis; Adam Light; Ricardo Bressanutti; Tim Woloshyn; Sailesh Mehra;,"Theoharis; Baltimore; Chinchilla; Joe, Salinas",https://sfplanning.s3.amazonaws.com/default/files/meetingarchive/planning_dept/sf-planning.org/index.aspx-page%3D1109.html,33
2001-04-12,regular,index.aspx-page_1110.html,13:30,,30,7,Gerald G. Green – Director of Planning; Larry Badiner – Zoning Administrator; Rana Ahmadi; Judy Martin; Rick Crawford; Lisa Gibson; Mathew Snyder; Dan DiBartolo; Dan Sider; Nora Priego – Transcription Secretary; Linda D. Avery – Commission Secretary,Theoharis; Baltimore; Chinchilla; Salinas,https://sfplanning.s3.amazonaws.com/default/files/meetingarchive/planning_dept/sf-planning.org/index.aspx-page%3D1110.html,13
2001-04-19,regular,index.aspx-page_1111.html,13:30,17:15,24,17,"Gerald G. Green, Director of Planning; Larry Badiner, Zoning Administrator; Rick Crawford; Elizabeth Gordon; Dan DiBartolo; Michael Li; Tina Tam; Blake Washington; Nora Priego, Transcription Secretary; Linda Avery, Commission Secretary","Baltimore, Chinchilla, Fay, Joe, Salinas, Theoharis",https://sfplanning.s3.amazonaws.com/default/files/meetingarchive/planning_dept/sf-planning.org/index.aspx-page%3D1111.html,60
2001-04-26,regular,index.aspx-page_1112.html,13:30,,29,20,"Gerald G. Green, Director of Planning; Larry Badiner, Zoning Administrator; Daniel Pulon; Pedro Arce; Kelley LeBlanc; Rick Crawford; Judy Martin; Michael Li; Susan Snyder; Thomas Wang; Augustine Fallay; Craig Nikitas; Dario Jones; Nora Priego, Transcription Secretary; Linda Avery, Commission Secretary","Baltimore, Chinchilla, Fay, Joe, Salinas, Theoharis",https://sfplanning.s3.amazonaws.com/default/files/meetingarchive/planning_dept/sf-planning.org/index.aspx-page%3D1112.html,45
2001-05-10,regular,index.aspx-page_1113.html,13:30,22:15,24,17,"Gerald G. Green, Director of Planning; Larry Badiner, Zoning Administrator; Rick Cooper; Elizabeth Gordon; Dan Sider; Ben Fu; Andrea Wong; Scott Sanchez; Sharon Young; Craig Nikitas; Michael Smith; Tom Wang; Nora Priego, Transcription Secretary; Isolde Wilson, Acting Commission Secretary","Baltimore, Chinchilla, Fay, Joe, Salinas, Theoharis",https://sfplanning.s3.amazonaws.com/default/files/meetingarchive/planning_dept/sf-planning.org/index.aspx-page%3D1113.html,82
2001-05-17,regular,index.aspx-page_1114.html,13:30,21:06,21,17,"Gerald G. Green, Director of Planning; Larry Badiner, Zoning Administrator; Rana Ahmadi; David Alumbaugh; Rick Crawford; Kenneth Chin; Michael Smith; Glenn Cabreros; Ben Fu; Daniel Sirois; Allison Borden; Nora Priego, Transcription Secretary; Linda Avery, Commission Secretary","Baltimore, Chinchilla, Fay, Joe, Lim, Salinas, Theoharis",https://sfplanning.s3.amazonaws.com/default/files/meetingarchive/planning_dept/sf-planning.org/index.aspx-page%3D1114.html,60
2001-05-24,regular,index.aspx-page_1115.html,13:30,,18,8,"Gerald G. Green, Director of Planning; Larry Badiner, Zoning Administrator; Amit Gosh; Dan Sider; Matt Snyder; Elizabeth Gordon; Nora Priego, Transcription Secretary; Linda Avery, Commission Secretary","Chinchilla, Fay, Lim, Salinas, Theoharis",https://sfplanning.s3.amazonaws.com/default/files/meetingarchive/planning_dept/sf-planning.org/index.aspx-page%3D1115.html,55
2001-06-07,regular,index.aspx-page_1116.html,13:30,,22,0,"Gerald G. Green – Director of Planning, Larry Badiner – Zoning Administrator, Dan DiBARTOLO; Ricardo Bressanutti; Ken Chin; Craig Nikitas; Jim Miller; Glen Cabreros; Tim Woloshyn; Patricia Gerber – Transcription Secretary; Linda D. Avery – Commission Secretary",Theoharis; Fay; Baltimore; Chinchilla; Joe; Lim,https://sfplanning.s3.amazonaws.com/default/files/meetingarchive/planning_dept/sf-planning.org/index.aspx-page%3D1116.html,0
2001-06-14,regular,index.aspx-page_1117.html,13:30,,34,4,"Gerald G. Green – Director of Planning, Larry Badiner – Zoning Administrator, Amith Ghosh; Isolda Wilson; Thomas Wang; Craig Nikitas; Tina Tam; Tim Woloshyn; Rick Crawford; Alison Borden; Catherine Bauma; Joy Navarrete; Patricia Gerber – Transcription Secretary; Linda D. Avery – Commission Secretary",Theoharis; Fay; Baltimore; Chinchilla; Joe; Lim,https://sfplanning.s3.amazonaws.com/default/files/meetingarchive/planning_dept/sf-planning.org/index.aspx-page%3D1117.html,0
2001-06-21,regular,index.aspx-page_1118.html,13:30,,23,0,"Gerald G. Green – Director of Planning, Larry Badiner – Zoning Administrator, Isolda Wilson; David Alumbaugh, Amith Ghosh; Sam Assefa; Tina Tam; Alison Borden; Scott Sanchez; Michael Kometani; Paul Maltzer; Patricia Gerber – Transcription Secretary; Linda D. Avery – Commission Secretary",Theoharis; Fay; Baltimore; Chinchilla; Joe; Lim; Salinas,https://sfplanning.s3.amazonaws.com/default/files/meetingarchive/planning_dept/sf-planning.org/index.aspx-page%3D1118.html,0
2001-06-28,regular,index.aspx-page_1119.html,13:30,19:40,24,20,"Gerald G. Green, Director of Planning; Larry Badiner, Zoning Administrator; Max Putra; Samuel Assefa; Rick Cooper; Sharon Young; Ben Fu; Thomas Wang; Jonathan Purvis; Tammy Chan; Matthew Snyder; Andrea Wong; Judy Martin; Nora Priego, Transcription Secretary; Linda Avery, Commission Secretary","Baltimore, Chinchilla, Fay, Joe, Lim, Salinas, Theoharis",https://sfplanning.s3.amazonaws.com/default/files/meetingarchive/planning_dept/sf-planning.org/index.aspx-page%3D1119.html,45
2001-07-12,regular,index.aspx-page_1120.html,13:30,22:45,19,13,Gerald G. Green – Director of Planning; Larry Badiner - Zoning Administrator; Amit Ghosh; Jill Slater; Isolde Wilson; David Alumbaugh; Kelly LeBlanc; Alison Borden; Tina Tam; Andrea Wong; Scott Sanchez; Tim Woloshyn; Mathew Snyder; Patricia Gerber - Transcription Secretary; Linda D. Avery - Commission Secretary A. ITEMS PROPOSED FOR CONTINUANCE,"Theoharis, Baltimore, Chinchilla, Joe, Lim, Salinas, Sr.",https://sfplanning.s3.amazonaws.com/default/files/meetingarchive/planning_dept/sf-planning.org/index.aspx-page%3D1120.html,95
2001-07-19,regular,index.aspx-page_1121.html,13:30,18:09,22,15,"Gerald G. Green, Director of Planning; Larry Badiner, Zoning Administrator; Max Putra; Samuel Assefa; Amit Ghosh; Paul Lord; Matt Snyder; Judy Martin; Michael Li; Michael Smith; Isolde Wilson; David Alumbaugh; Nora Priego, Transcription Secretary; Linda Avery, Commission Secretary A. ITEMS PROPOSED FOR CONTINUANCE 1. 2000.306C (TAM: 558-6325) 215 CHURCH STREET, east side of Church Street, between Market and 15th Streets; Lot 64 in Assessor's Block 3544 - Request for a Conditional Use authorization to allow a full-service restaurant (CHOW) in excess of 2,999 square feet in floor area with an outdoor activity area, approximately 90 square feet in area, at the rear of the building in the Upper Market Neighborhood Commercial District and a 40-X Height and Bulk District, pursuant to Planning Code Sections 721.21 and 721.24. This request also includes an amendment to a previously approved Special Use authorization (81.526U) to increase the seating capacity from 40 to 68 seats and extend the hours of operation from 11:00 p.m. to 12:00 midnight. Preliminary Recommendation: Pending. (Proposed for Continuance to August 2, 2001) SPEAKER(S): None ACTION: Continued to August 2, 2001 AYES: Baltimore, Joe, Lim, Salinas, Theoharis ABSENT: Chinchilla, Fay 2. 2000.1141C (SANCHEZ: 558-6679) 2346-2348 CLEMENT STREET - north side between 24th and 25th Avenues; Lot 025 in Assessor's Block 1409 - Request for Conditional Use authorization under Planning Code Section 717.39 to allow the demolition of","Baltimore, Chinchilla, Joe, Lim, Salinas, Theoharis",https://sfplanning.s3.amazonaws.com/default/files/meetingarchive/planning_dept/sf-planning.org/index.aspx-page%3D1121.html,23
2001-07-26,regular,index.aspx-page_1122.html,13:30,18:30,23,15,"Larry Badiner, Zoning Administrator and Acting Director; Adam Light; Michael Li; Ben Fu; Tina Tam; Thomas Wang; Tim Woloshyn; Mary Woods; Dario Jones; Nora Priego, Transcription Secretary; Linda Avery, Commission Secretary A. ITEMS PROPOSED FOR CONTINUANCE 1. 2000.1104C (M. SNYDER: 575-6891) 488 BRYANT STREET - north side between 2nd and 3rd Street, Lot 18 in Assessor's Block 3763. Request for Conditional Use authorization under Planning Code Section 817.73 and 227(h) to install three panel antennas on the building rooftop and related backup equipment within the building in an SLI (Service Light Industrial Mixed-Use) District and a 40-X Height and Bulk District. This is a Preference Location 4. Preliminary Recommendation: Pending (Continued from Regular Meeting of June 28, 2001) (Proposed for Continuance to August 9, 2001) SPEAKER(S): None ACTION: Continued to August 9, 2001 AYES: Chinchilla, Fay, Joe, Lim, Salinas ABSENT: Baltimore, Theoharis 2. 2000.1140X (LIGHT: 558-6254) 1 POWELL STREET - west side between Eddy and Ellis Streets, Lot 5 in Assessor's Block 330 - Request under Planning Code Section 309 (Downtown Code) for Determination of Compliance to make minor modifications to the ground floor entrance and windows of the subject Category I Building, which is located in the Kearny-Market-Mason-Sutter Conservation District, to accommodate a retail store and to seismically retrofit the existing 138-foot tall, seven-story over basement building containing a ground level bank","Baltimore, Chinchilla, Fay, Joe, Lim, Salinas",https://sfplanning.s3.amazonaws.com/default/files/meetingarchive/planning_dept/sf-planning.org/index.aspx-page%3D1122.html,42
2001-08-02,regular,index.aspx-page_1123.html,13:30,18:50,18,4,"Gerald G. Green – Director of Planning; Larry Badiner – Zoning Administrator; Tina Tam; Ben Fu; Dan Sider; Alison Borde; Mat Snyder; Nora Priego – Transcription Secretary; Linda D. Avery – Commission Secretary A. ITEMS PROPOSED FOR CONTINUANCE 1a. 2001.0202CV (LI: 558-6396) 136-142 TAYLOR STREET - east side between Eddy and Turk Streets; Lot 014 in Assessor's Block 0340: -- Request for Conditional Use authorization to reduce the off-street parking requirement for a six-unit residential building within an RC-4 (Residential-Commercial Combined, High Density) District, the North of Market Residential Special Use District, and an 80-120-T Height and Bulk District. Preliminary Recommendation: Approval with conditions (Proposed for Continuance to August 9, 2001) ACTION: Continued as proposed AYES: Theoharis, Baltimore, Chinchilla, Joe, Lim, Salinas ABSENT: Fay 1b. 2001.0202CV (LI: 558-6396) 136-142 TAYLOR STREET - east side between Eddy and Turk Streets; Lot 014 in Assessor's Block 0340: -- Rear yard, usable open space, and dwelling unit exposure variances sought. The proposal is to convert a vacant commercial building to a mixed-use building containing six dwelling units above ground-floor retail space within an RC-4 (Residential-Commercial Combined, High Density) District, the North of Market Residential Special Use District, and an 80-120-T Height and Bulk District. There will be no physical expansion of the existing building. The Planning Code requires the provision of a rear y","Theoharis, Baltimore, Chinchilla, Joe, Lim, Salinas",https://sfplanning.s3.amazonaws.com/default/files/meetingarchive/planning_dept/sf-planning.org/index.aspx-page%3D1123.html,39
2001-08-09,regular,index.aspx-page_1124.html,13:30,18:20,29,19,"Gerald G. Green, Director of Planning; Larry Badiner, Zoning Administrator; David Alumbagh; Paul Lord; Tina Tam; Mat Snyder; Scott Sanchez; Michael Li; Judy Martin; Mary Woods; Dan Sider; Glenn Cabreros; Nora Priego, Transcription Secretary; Andrea Green, Acting Commission Secretary A. ITEMS PROPOSED FOR CONTINUANCE 1. 2000.1217C (DiBARTOLO: 558-6291) 1100-1126 POLK STREET (AKA: 1092 POST STREET) - northeast corner of Post and Polk Streets; Lot 12 in Assessor's Block 692 - Request for Conditional Use authorization to allow amplified live and recorded music (defined as ""Other Entertainment"" by Planning Code Section 790.38) in an existing bar, d.b.a. The Lush Lounge, as required by Planning Code Section 723.48 in the Polk Street Neighborhood Commercial Zoning District and a 130-E Height and Bulk District. Preliminary Recommendation: Approval with Conditions (Proposed for Continuance to August 23, 2001) September 13, 2001 SPEAKER(S): None ACTION: Continued to September 13, 2001 AYES: Baltimore, Chinchilla, Joe, Fay, Salinas, Theoharis ABSENT: Lim 2. 2001.0522C (SIROIS: 558-6313) 965 GENEVA AVENUE - south side of Geneva Avenue between London and Paris Streets, Lot 010 Assessor's Block 6409. Request by Metro PCS for Conditional Use authorization to install a wireless telecommunications facility pursuant to Planning Code Section 712.83 which includes the installation of nine panel antennas, one GPS antenna and equipment cabinets at the Apollo Theater which is located in an NC-3 (Mo","Baltimore, Chinchilla, Fay, Joe, Lim, Salinas, Theoharis",https://sfplanning.s3.amazonaws.com/default/files/meetingarchive/planning_dept/sf-planning.org/index.aspx-page%3D1124.html,74
2001-08-16,regular,index.aspx-page_1125.html,13:30,16:45,30,25,"Gerald G. Green, Director of Planning; Larry Badiner, Zoning Administrator; Vahram Massehian; Adam Light; Matt Snyder; Michael Smith; Mary Woods; Glenn Cabreros; Allison Borden; Nora Priego, Transcription Secretary; Andrea Green, Acting Commission Secretary A. ITEMS PROPOSED FOR CONTINUANCE 1. 2001.0604C (WOLOSHYN: 558-6612) 3928 GEARY BOULEVARD - north side between Third and Fourth Avenues and Divisadero Streets, Lot 016 in Assessor's Block 1435 - Request for Conditional Use Authorization under Planning Code Section 712.61 to operate an automobile rental establishment within an NC-3 (Moderate-Scale Neighborhood Commercial) District and a 40-X Height and Bulk District. The proposal is to convert an existing automobile repair establishment (Harry's Auto Repair) to an automobile rental establishment (Hertz). The proposed automobile rental facility will operate within the current footprint of the building. Minor internal changes are proposed as part of the conversion. Preliminary Recommendation: Approval with Conditions (Proposed for Continuance to August 23, 2001) SPEAKER(S): None ACTION: Continued to August 23, 2001 AYES: Baltimore, Chinchilla, Fay, Joe, Lim, Salinas ABSENT: Theoharis 2a. 1997.0478ZMRK (LI: 558-6396) 525 GOLDEN GATE AVENUE - southwest corner at Polk Street; Lot 001 in Assessor's Block 0766 - Request for reclassification of Lot 001 in Assessor's Block 0766 from a P (Public) District and a 130-E Height and Bulk District to a P (Public) District and a 200-L Heigh","Baltimore, Chinchilla, Fay, Joe, Lim, Salinas",https://sfplanning.s3.amazonaws.com/default/files/meetingarchive/planning_dept/sf-planning.org/index.aspx-page%3D1125.html,26
2001-08-23,regular,index.aspx-page_1126.html,13:30,20:10,33,28,"Gerald G. Green, Director of Planning; Larry Badiner, Zoning Administrator; Randall Dean; Daniel Sirois; Elizabeth Gordon; Michael Li; Tina Tam; Matt Snyder; Tim Woloshyn; Dan Sider; Mary Woods; Thomas Wang; Dario Jones; Nora Priego, Transcription Secretary; Linda Avery, Commission Secretary A. ITEMS PROPOSED FOR CONTINUANCE 1. 2001.0602E (MALTZER: 558-5977) PERMANENT INDUSTRIAL PROTECTION ZONE SPECIAL USE DISTRICT - Appeal of Preliminary Negative for a proposed permanent industrial protection zone Special Use District within a multi-block portion of the City's industrially zoned land, the area generally bounded by the following streets and avenues: Bayshore Boulevard, 26th Street, 25th Street, Iowa, Tubbs, 22nd Street, San Francisco Bay, Islais Creek, Third Street, Evans, Rankin, Phelps, Oakdale, Selby and Helena. Within the Special Use District the provisions of the underlying M-1 and M-2 zoning controls would remain applicable, except that i) no residential or live/work development or conversion to such uses shall be allowed; and ii) no new office development or conversion to office shall be allowed. Preliminary Recommendation: Reject the appeal and uphold the Department's decision to publish a Negative Declaration. (Proposed for Continuance to September 6, 2001) SPEAKER(S): None ACTION: Continued to September 6, 2001 AYES: Baltimore, Chinchilla, Joe, Lim, Salinas, Theoharis ABSENT: Fay 2. 2001.0602ETZ (GHOSH/LORD: 558-6275/558-6311) INDUSTRIAL PROTECTION ZONE – SPECIAL US","Baltimore, Chinchilla, Joe, Lim, Salinas, Theoharis",https://sfplanning.s3.amazonaws.com/default/files/meetingarchive/planning_dept/sf-planning.org/index.aspx-page%3D1126.html,72
2001-09-06,regular,index.aspx-page_1127.html,13:30,21:42,35,29,"Gerald G. Green, Director of Planning; Larry Badiner, Zoning Administrator; Tina Tam; Elizabeth Gordon; Paul Maltzer; Paul Lord; Catherine Bauman; Joan Kugler; Joy Navarrete Kelley LeBlanc; Dario Jones; Glen Cabreros; Michael Smith; Dan Sider; Tom Wang; Scott Sanchez; Nora Priego, Transcription Secretary; Linda Avery, Commission Secretary A. ITEMS PROPOSED FOR CONTINUANCE 1. 2001.0336C (S. SNYDER: 558-6543) 3579 FOLSOM/495 CHAPMAN - at the intersection of Folsom and Chapman Streets. Lot 42 in Assessor's Block 5627 - Request for authorization of a Conditional Use for the creation of one lot with a width of fewer than 25 feet in an RH-1 and an area of less than 1,750 square feet in an RH-1 (House, One-Family) District and a 40-X Height and Bulk District, per Section 121 of the Planning Code, and within the Bernal Heights Special Use District. Preliminary Recommendation: Disapproval (Proposed for Continuance to September 13, 2001) October 4, 2001 SPEAKER(S): None ACTION: Continued to October 4, 2001 AYES: Baltimore, Fay, Joe, Lim, Salinas, Theoharis ABSENT: Chinchilla 2. 2000.961EZC (TURRELL: 558-5994) 1101 O'FARRELL STREET - Appeal of a Preliminary Negative Declaration. Assessor's Block 713, Lot 33, and Block 720, Lots 28, 35, 36, and 38. The proposed project involves demolition of the existing 15,000-square-foot, three-story Urban Life Center building, which contains social service and office uses, and construction of a 297,000-square-foot, 240-foot-tall structure with 240 uni","Baltimore, Fay, Joe, Lim, Salinas, Theoharis",https://sfplanning.s3.amazonaws.com/default/files/meetingarchive/planning_dept/sf-planning.org/index.aspx-page%3D1127.html,168
2001-09-13,regular,index.aspx-page_1128.html,13:30,22:55,32,29,"Gerald G. Green, Director of Planning; Larry Badiner, Zoning Administrator; Amit Gosh; Paul Maltzer; Craig Nikitas; Nonie Turrell; Mary Woods; Jim Miller; Michael Smith; Ricardo Bressanutti; Glenn Cabreros; Dan Sirois; Judy Martin; Jonathan Purvis; Dan Sider; Matt Snyder; Pete Vollmann; Nora Priego, Transcription Secretary; Linda Avery, Commission Secretary A. ITEMS PROPOSED FOR CONTINUANCE 1. 1999.423B (M. SNYDER: 575-6891) 699 - 2nd STREET - ""the California Warehouse"", northeast corner of 2nd and Townsend Streets, Lot 4 in Assessor's Block 3789 - Request for authorization under Planning Code Sections 320-325 (Office Development Limitation Program) to establish 49,500 gross square feet of new office use in an SSO (Service, Secondary Office) District, a 50-X Height and Bulk District, the South End Historical District, and a Mixed Use Housing Zone (as designated in Planning Commission Resolution 14861). Preliminary Recommendation: Approval with conditions (Continued from Regular Meeting of August 16, 2001) (Proposed for Continuance to September 20, 2001) SPEAKER(S): None ACTION: Continued to September 20, 2001 AYES: Baltimore, Chinchilla, Fay, Joe, Lim, Salinas, Theoharis 2. 2000.723ABC (M. SNYDER: 575-6891) 639 – 2nd STREET - east side between Brannan and Townsend Streets, Lot 5 in Assessor's Block 3789 - (1) Request for new office use authorization under Planning Code Section 320-324 (Office Development Limitation Program) to allow for the construction of 49,500 gross square","Baltimore, Chinchilla, Fay, Joe, Lim, Salinas, Theoharis",https://sfplanning.s3.amazonaws.com/default/files/meetingarchive/planning_dept/sf-planning.org/index.aspx-page%3D1128.html,121
2001-09-20,regular,index.aspx-page_1130.html,13:30,16:45,26,20,"Gerald G. Green, Director of Planning; Larry Badiner, Zoning Administrator; Pete Vollmann; Michael Smith; Rick Crawford; Adam Light; Matt Snyder; Nora Priego, Transcription Secretary; Linda Avery, Commission Secretary A. ITEMS PROPOSED FOR CONTINUANCE 1. 2001.1190C (SANCHEZ: 558-6679) 2801-2825 CALIFORNIA STREET - southwest corner at Divisadero Street; Lot 001 in Assessor's Block 1028 - Request for Conditional Use authorization pursuant to Section 711.83 of the Planning Code to install a total of three antennas and GPS receiver on the roof with related connection to an equipment shelter within the basement of an existing three-story, mixed-use building, as part of Sprint PCS's wireless telecommunications network within an NC-2 (Small-Scale Neighborhood Commercial) District and a 40-X Height and Bulk District. As per the City & County of San Francisco's Wireless Telecommunications Services (WTS) Facilities Siting Guidelines the proposal is a Preferred Location Preference 5 as it is a mixed-use building within a high-density district. Preliminary Recommendation: Pending (Continued from Regular Meeting of August 2, 2001) (Proposed for Continuance to October 11, 2001) SPEAKER(S): None ACTION: Continued to October 11, 2001 AYES: Baltimore, Chinchilla, Fay, Joe, Lim, Theoharis, Salinas 2. 2001.1183DDD (SANCHEZ: 558-6679) 1725 LAKE STREET - south side between 18th and 19th Avenues, Lot 035 in Assessor's Block 1378 - Requests for Discretionary Review of Building Permit Application No","Baltimore, Chinchilla, Fay, Joe, Lim, Salinas, Theoharis",https://sfplanning.s3.amazonaws.com/default/files/meetingarchive/planning_dept/sf-planning.org/index.aspx-page%3D1130.html,49
2001-10-04,regular,index.aspx-page_1131.html,13:30,,24,17,"Gerald G. Green, Director of Planning; Larry Badiner, Zoning Administrator; Kelley LeBlanc; Michael Smith; Tina Tam; Dario Jones; Jim Miller; Sara Vellve; Glen Cabreros; Ben Fu; Jonathan Purvis; Nora Priego, Transcription Secretary; Linda Avery, Commission Secretary A. ITEMS PROPOSED FOR CONTINUANCE 1. 2001.0336C (FU: 558-6613) 3579 FOLSOM/495 CHAPMAN - at the intersection of Folsom and Chapman Streets. Lot 42 in Assessor's Block 5627 - Request for authorization of a Conditional Use for the creation of one lot with a width of fewer than 25 feet in an RH-1 and an area of less than 1,750 square feet in an RH-1 (House, One-Family) District and a 40-X Height and Bulk District, per Section 121 of the Planning Code, and within the Bernal Heights Special Use District. Preliminary Recommendation: Disapproval (Continued from Regular Meeting of September 6, 2001) (Proposed for Continuance to October 25, 2001) SPEAKER(S): None ACTION: Continued to October 25, 2001 AYES: Baltimore, Chinchilla, Fay, Joe, Salinas, and Theoharis ABSENT: Lim 2. 2001.0502C (SANCHEZ: 558-667) 4715-4723 GEARY BOULEVARD - southside between 11th and 12th Avenues; Lot 044 in Assessor's Block 1533 - Request for Conditional Use authorization pursuant to Section 712.83 of the Planning Code to install a total of six antennas and related equipment on the rooftop and an equipment shelter on the ground level of an existing six story, mixed-use (residential above commercial) building, as part of Metro PCS's wireless telec","Baltimore, Chinchilla, Fay, Joe, Lim, Salinas, Theoharis",https://sfplanning.s3.amazonaws.com/default/files/meetingarchive/planning_dept/sf-planning.org/index.aspx-page%3D1131.html,58
2001-10-11,regular,index.aspx-page_1132.html,13:30,20:45,20,16,"Gerald G. Green – Director of Planning; Larry Badiner – Zoning Administrator; Kenneth Chin; Dan DiBartolo; Mary Woods; Daniel Sirois; Michael Smith; Glenn Cabreros; Frank Jones; Patricia Gerber – Transcription Secretary; Linda D. Avery – Commission Secretary A. ITEMS PROPOSED FOR CONTINUANCE 1. (GREEN: 558-6411) Discussion and consideration of proposed amendments to the Planning Commission's Inclusionary Housing Policy. Preliminary Recommendation: Approval (Continued from Regular Meeting of October 4, 2001) (Proposed for Continuance to October 18, 2001) SPEAKER (S): None ACTION: Continued as proposed AYES: Theoharis, Fay, Baltimore, Chinchilla, Joe, Salinas ABSENT: Lim","Theoharis, William W. Fay, Baltimore, Chinchilla Joe, Lim, Salinas THE MEETING WAS CALLED TO ORDER BY PRESIDENT THEOHARIS AT 1:42 P.M. STAFF IN ATTENDANCE: Gerald G. Green – Director of Planning; Larry Badiner – Zoning Administrator; Kenneth Chin; Dan DiBartolo; Mary Woods; Daniel Sirois; Michael Smith; Glenn Cabreros; Frank Jones; Patricia Gerber – Transcription Secretary; Linda D. Avery – Commission Secretary A. ITEMS PROPOSED FOR CONTINUANCE 1. (GREEN: 558-6411) Discussion and consideration o",https://sfplanning.s3.amazonaws.com/default/files/meetingarchive/planning_dept/sf-planning.org/index.aspx-page%3D1132.html,82
2001-10-18,regular,index.aspx-page_1133.html,13:30,18:30,19,15,"Gerald G. Green, Director of Planning; Larry Badiner, Zoning Administrator; Amit Gosh; Miriam Chion; Teresa Ojeda; Dan Sirois; Vahram Massehian; Matt Snyder; Ben Fu; Dan Sider; Glenn Cabreros; Rick Crawford; Nora Priego, Transcription Secretary; Linda Avery, Commission Secretary A. CONSIDERATION OF ITEMS PROPOSED FOR CONTINUANCE The Commission will consider a request for continuance to a later date. The Commission may choose to continue the item to the date proposed below, to continue the item to another date, or to hear the item on this calendar. 1a. 2001.0781CR (VELLVE: 558-6263) 2155 – 18TH AVENUE - (San Francisco Fire Department Station #40), west side between Quintara and Rivera Streets, Lot 003, Assessor's Block 2199 - Request for General Plan Referral to install a total of three (3) panel antennas and related equipment at an existing two-story publicly-used structure (a fire station) as part of Metro PCS's wireless telecommunications network within a RH-1 (House, One Family) Zoning District, and within a 40-X Height and Bulk District. Preliminary Recommendation: Finding of conformity with the General Plan. (Proposed for Continuance to October 25, 2001) SPEAKER(S): None ACTION: Continued to October 25, 2001 AYES: Baltimore, Chinchilla, Fay, Joe, Lim, Salinas, Theoharis 1b. 2001.0781CR (VELLVE: 558-6263) 2155 – 18TH AVENUE - (San Francisco Fire Department Station #40), west side between Quintara and Rivera Streets, Lot 003, Assessor's Block 2199 - Request for Conditional","Baltimore, Chinchilla, Fay, Joe, Lim, Salinas, Theoharis",https://sfplanning.s3.amazonaws.com/default/files/meetingarchive/planning_dept/sf-planning.org/index.aspx-page%3D1133.html,33
2001-10-25,regular,index.aspx-page_1134.html,13:30,17:55,28,22,"Gerald G. Green, Director of Planning; Larry Badiner, Zoning Administrator; Craig Nikitas; Paul Lord; Mary Woods; Ben Fu; Sara Vellve; Dan Sirois; Dan Sider; Michael Smith; Dario Jones; Nora Priego, Transcription Secretary; Linda Avery, Commission Secretary A. CONSIDERATION OF ITEMS PROPOSED FOR CONTINUANCE The Commission will consider a request for continuance to a later date. The Commission may choose to continue the item to the date proposed below, to continue the item to another date, or to hear the item on this calendar. 1. 2001.0276C (LI: 558-6396) 439-441 STEVENSON STREET - south side between 6th and Mint Streets; Lot 035 in Assessor's Block 3704 - Request for Conditional Use Authorization to establish an office use at the ground floor which will not provide on-site services to the general public within a C-3-G (Downtown General Commercial) District and a 90-X / 160-F Height and Bulk District. The proposal is to convert a blueprinting and publishing use to an office use. There will be no physical expansion of the existing building. Preliminary Recommendation: Approval with conditions (Proposed for Continuance to January 17, 2002) SPEAKER(S): None ACTION: Continued to January 17, 2002 AYES: Baltimore, Joe, Lim, Salinas, Theoharis ABSENT: Chinchilla and Fay 2. 2001.1190C (SANCHEZ: 558-6679) 2801-2825 CALIFORNIA STREET - southwest corner at Divisadero Street; Lot 001 in Assessor's Block 1028 - Request for Conditional Use authorization pursuant to Section 711.83 of the Pla","Baltimore, Chinchilla, Joe, Lim, Salinas, Theoharis",https://sfplanning.s3.amazonaws.com/default/files/meetingarchive/planning_dept/sf-planning.org/index.aspx-page%3D1134.html,41
2001-11-08,regular,index.aspx-page_1135.html,13:30,19:26,32,30,"Gerald G. Green, Director of Planning; Larry Badiner, Zoning Administrator; Mary Woods; Kelley LeBlanc; Adam Light; Rick Crawford; Jim Miller; Scott Sanchez; Michael Smith; Dan Sider; Glenn Cabreros; Dan Sirois; Nora Priego, Transcription Secretary; Linda Avery, Commission Secretary A. CONSIDERATION OF ITEMS PROPOSED FOR CONTINUANCE The Commission will consider a request for continuance to a later date. The Commission may choose to continue the item to the date proposed below, to continue the item to another date, or to hear the item on this calendar.","Baltimore, Chinchilla, Fay, Joe, Lim, Salinas",https://sfplanning.s3.amazonaws.com/default/files/meetingarchive/planning_dept/sf-planning.org/index.aspx-page%3D1135.html,143
2001-11-15,regular,index.aspx-page_1136.html,13:30,21:16,24,19,"Gerald G. Green – Director of Planning; Larry Badiner – Zoning Administrator; Kelly LeBlanc; Adam Light; Matt Snyder; Winslow Hastie; Scott Sanchez; Rick Crawford; Dan DiBartolo; Dan Sider; Jim Miller; Glen Cabreros; Frank Jones; Daniel Sirois; Patricia Gerber – Transcription Secretary; Linda D. Avery – Commission Secretary A. CONSIDERATION OF ITEMS PROPOSED FOR CONTINUANCE The Commission will consider a request for continuance to a later date. The Commission may choose to continue the item to the date proposed below, to continue the item to another date, or to hear the item on this calendar. 1. 2001.0062E (CHAN: 558-5982) 491 BAYSHORE BOULEVARD – Appeal of a Preliminary Negative Declaration. Assessor's Block 5598, Lots 8, 9, 11, 13, 15, 16, 18, 21, and 28. The proposed project would demolish the vacant buildings, totaling 107,372 square feet (sq.ft.) and construct a home improvement store (Home Depot). The main store would be two stories, approximately 129,581 sq.ft. with a 10,088-sq.-ft. enclosed green house. The proposed project also includes an 8,550-sq.-ft. outdoor-garden center. The total project size would be approximately 148,219 sq.ft. The building would be approximately 40 feet in height. A parking garage consisting of three-levels of parking totaling 550 parking spaces would also be constructed on this 5.73-acre site. Vehicular access to the parking garage would be from Bayshore Boulevard, where Cortland Avenue dead-ends into Bayshore Boulevard. The site is within ","Theoharis, Fay, Baltimore, Chinchilla, Lim, Salinas",https://sfplanning.s3.amazonaws.com/default/files/meetingarchive/planning_dept/sf-planning.org/index.aspx-page%3D1136.html,57
2001-12-06,regular,index.aspx-page_1137.html,13:30,21:04,25,21,"Gerald G. Green, Director of Planning; Larry Badiner, Zoning Administrator; Joy Navarrete; Paul Maltzer; Joan Kugler; Adam Light; Jeff Tully; Dan Sirois; Jonathan Purvis; Victoria Ryan; Gwen McGee; Dan Sider; Jim Miller; Dario Jones; Rick Crawford; Tom Wang; Nora Priego, Transcription Secretary; Linda Avery, Commission Secretary A. CONSIDERATION OF ITEMS PROPOSED FOR CONTINUANCE The Commission will consider a request for continuance to a later date. The Commission may choose to continue the item to the date proposed below, to continue the item to another date, or to hear the item on this calendar. 1. 2000.0004E (NAVARRETE 558-5975) 45 MASONIC AVENUE. & 2703-2725 GEARY BOULEVARD - Appeal of Preliminary Mitigated Negative Declaration - On Assessor's Block 1092, on Lots 1, 2, 3, 4, 5, 6, and 36, the existing site is approximately 31,333 square feet in size and contains seven existing buildings containing eight residential units and seven commercial units. The proposal is to demolish the seven existing buildings and construct one four-story plus basement building containing 57 dwelling units, 2,800 gross square feet (gsf) of restaurant use and 20,200 gsf of retail space. The project would also include approximately 42,000 gsf for 195 underground parking spaces to be used for both residential (76 spaces) and commercial (119 spaces), storage and utility uses. The project site is located in a Neighborhood Commercial (NC-3) (lots 1, 2, and 36) and Residential (RH-3) (lots 3-6) zoning","Baltimore, Chinchilla, Joe, Lim, Salinas, Theoharis",https://sfplanning.s3.amazonaws.com/default/files/meetingarchive/planning_dept/sf-planning.org/index.aspx-page%3D1137.html,74
2001-12-13,regular,index.aspx-page_1138.html,13:30,18:53,22,19,"Gerald G. Green, Director of Planning; Larry Badiner, Zoning Administrator; Vahranm Massehian; Randall Dean; Jeffrey Tully; Dan DiBartolo; Rick Crawford; Peterson Vollman; Michael Smith; Dan Sider, Mathew Snyder; Patricia Gerber, Transcription Secretary; Linda Avery, Commission Secretary A. CONSIDERATION OF ITEMS PROPOSED FOR CONTINUANCE The Commission will consider a request for continuance to a later date. The Commission may choose to continue the item to the date proposed below, to continue the item to another date, or to hear the item on this calendar. 1. 2001.0015Z (WOODS: 558-6315) 1052 OAK STREET - north side between Divisadero and Scott Streets, Lot 5 in Assessor's Block 1216 - Request for reclassification of a portion (approximately 3,136 square feet) of Lot 5 (a part of the Touchless Car Wash site) from NC-2 (Small-Scale Neighborhood Commercial) District to RH-3 (Residential, House, Three-Family) District. Currently, the entire lot area, approximately 4,199 square feet, of Lot 5 is zoned NC-2. This reclassification is to allow the construction of three new residential units in accordance with Planning Commission Motion No. 16036 relating to a prior conditional use authorization approved on November 16, 2000 to expand the car wash. Preliminary Recommendation: Adoption of the Draft Resolution for Reclassification. (Continued from Regular Meeting of October 25, 2001) (Proposed for Continuance to January 17, 2002) SPEAKER(S): None ACTION: Continued as proposed PRESENT: ","Chinchilla, Fay, Joe, Lim, Salinas, Theoharis",https://sfplanning.s3.amazonaws.com/default/files/meetingarchive/planning_dept/sf-planning.org/index.aspx-page%3D1138.html,51
2001-12-20,regular,index.aspx-page_1139.html,13:30,17:54,28,20,"Larry Badiner – Zoning Administrator; Frank Jones; Rick Crawford; Michael Smith; Vahram Massehian; Mathew Snyder; Rick Cooper; Tina Tam; Geoffrey Nelson, Daniel Sirois; Ben Fu; Linda D. Avery – Commission Secretary A. CONSIDERATION OF ITEMS PROPOSED FOR CONTINUANCE The Commission will consider a request for continuance to a later date. The Commission may choose to continue the item to the date proposed below, to continue the item to another date, or to hear the item on this calendar. 1. 2000.1317C (SIROIS: 5580-6313) 4791 MISSION STREET - south side of Mission Street, between Russia Avenue and Persia Avenue, Lot 20, Block 6084 - Request for Conditional Use Authorization by North Beach Pizza to use commercial space for storage purposes pursuant to Planning Code Sections 712.66 and 790.117. PROJECT WITHDRAWN 2. 2001.0303D (NIKITAS: 558-6306) 330 – 2nd AVENUE - east side, between Clement Street and Geary Boulevard, Lot 27 in Assessor's Block 1433 - Staff-initiated request for Discretionary Review of Building Permit Application Nos. 2000/0229/2998 and 2000/0229/3001proposing to demolish a three-story, four-unit apartment building and construct a new three-story, three-unit building in an RM-1 (Residential, Mixed, Low Density) District and a 40-X Height and Bulk District. DISCRETIONARY REVIEW WITHDRAWN B. COMMISSIONERS' QUESTIONS AND MATTERS 3. Consideration of Adoption - draft minutes of July 12 and December 6, 2001. ACTION: The minutes of July 12, 2001 were approved and the munu","Theoharis; Fay; Baltimore; Chinchilla; Joe; Lim; Salinas THE MEETING WAS CALLED TO ORDER BY PRESIDENT THEOHARIS AT 1:45 P.M. STAFF IN ATTENDANCE: Larry Badiner – Zoning Administrator; Frank Jones; Rick Crawford; Michael Smith; Vahram Massehian; Mathew Snyder; Rick Cooper; Tina Tam; Geoffrey Nelson, Daniel Sirois; Ben Fu; Linda D. Avery – Commission Secretary A. CONSIDERATION OF ITEMS PROPOSED FOR CONTINUANCE The Commission will consider a request for continuance to a later date. The Commission m",https://sfplanning.s3.amazonaws.com/default/files/meetingarchive/planning_dept/sf-planning.org/index.aspx-page%3D1139.html,79
2002-01-10,regular,index.aspx-page_1056.html,13:30,19:30,24,13,"Gerald G. Green, Director of Planning; Larry Badiner, Zoning Administrator; Jean-Paul Samaha; Kelley LeBlanc; Mary Woods; Adam Light; Joan Kugler; Lisa Gibson; Paul Lord; Jonathan Purvis; Ben Fu; Vahram Massehian; Tina Tam; Dario Jones; Nora Priego, Transcription Secretary; Linda Avery, Commission Secretary A. CONSIDERATION OF ITEMS PROPOSED FOR CONTINUANCE The Commission will consider a request for continuance to a later date. The Commission may choose to continue the item to the date proposed below, to continue the item to another date, or to hear the item on this calendar. 1. 2001.0927C (VELLVE: 558-6263) 1515 to 1541 - 19th AVENUE - west side, between Kirkham and Lawton Streets, Lot 004, Assessor's Block 1865 - Request for Conditional Use Authorization pursuant to Section 209.6(b) of the Planning Code to install three (3) panel antennas and related equipment as part of Sprint PCS's wireless telecommunications network on a publicly-used structure (a telephone switching station) within a RH-2 (House, Two-Family) Zoning District, and a 40-X Height and Bulk District. The proposal is a Preference Location 1. Preliminary Recommendation: Approval with Conditions (Proposed for Continuance to January 24, 2002) SPEAKER(S): None ACTION: Continued to January 24, 2002 AYES: Baltimore, Fay, Joe, Theoharis ABSENT: Chinchilla, Lim, Salinas 2a. 2001.0800CD (M.SNYDER: 575-6891) 301 GUERRERO STREET - AKA 1795 15TH STREET - currently occupied by the business called Jet Hand Carwash and Detai","Baltimore, Chinchilla, Fay, Joe, Lim, Theoharis",https://sfplanning.s3.amazonaws.com/default/files/meetingarchive/planning_dept/sf-planning.org/index.aspx-page%3D1056.html,36
2002-01-17,regular,index.aspx-page_1057.html,13:30,16:35,16,14,"Gerald G. Green - Director of Planning; Larry Badiner -Zoning Administrator; Jonathan Purvis; Mary Woods; Michael Smith; Craig Nikitas, Scott Sanchez; Thomas Wang; Nora Priego – Transcription Secretary; Linda Avery - Commission Secretary A. CONSIDERATION OF ITEMS PROPOSED FOR CONTINUANCE The Commission will consider a request for continuance to a later date. The Commission may choose to continue the item to the date proposed below, to continue the item to another date, or to hear the item on this calendar. 1. 2001.0671E (CHAN: 558-5982) 222 VALENCIA STREET – Assessor's block 3533, Lot 4. Appeal of Preliminary Negative Declaration. The proposed project includes the construction of nine residential units, approximately 400 square feet (sq.ft.) of ground floor commercial space, and nine off-street parking spaces within a new five-story structure. The site is a fenced private parking lot for approximately 13 cars. A 780-square-foot warehouse is on this 4,590-sqare-foot site. The new building would be approximately 50 feet in height. Vehicular access to the site would be from Valencia Street. The project site is within the Board of Supervisors adopted Mission District Interim Controls. Under the controls, any change of use would require a Discretionary Review (DR) and all market rate housing that does not provide at least 25% affordable units on site would require a Conditional Use (CU) authorization. Therefore, the project requires a DR and a CU. The project site is also within t","Baltimore, Chinchilla, Fay, Joe, Lim, Theoharis",https://sfplanning.s3.amazonaws.com/default/files/meetingarchive/planning_dept/sf-planning.org/index.aspx-page%3D1057.html,4
2002-01-24,regular,index.aspx-page_1058.html,13:30,16:49,21,19,"Gerald G. Green – Director of Planning, Larry Badiner – Zoning Administrator, Adam Light, Glen Cabreros, Jonathan Purvis, Michael E. Smith, Joy Navarrete, Craig Nikitas, Mary Woods, Thomas Wang, Patricia Gerber – Transcription Secretary, Linda D. Avery – Commission Secretary. A. CONSIDERATION OF ITEMS PROPOSED FOR CONTINUANCE The Commission will consider a request for continuance to a later date. The Commission may choose to continue the item to the date proposed below, to continue the item to another date, or to hear the item on this calendar. 1. 2001.0502C (SANCHEZ: 558-6679) 4715 - 4723 GEARY BOULEVARD - south side between 11th and 12th Avenues; Lot 044 in Assessor's Block 1533 - Request for Conditional Use authorization pursuant to Section 712.83 of the Planning Code to install a total of six antennas and related equipment on the rooftop and an equipment shelter on the ground level of an existing six-story, mixed-use (residential above commercial) building, as part of Metro PCS's wireless telecommunications network within an NC-3 (Moderate-Scale Neighborhood Commercial District) a 40-X Height and Bulk District. As per the City & County of San Francisco's Wireless Telecommunications Services (WTS) Facilities Siting Guidelines the proposal is a Location Preference 5 (Mixed-Use Building in High Density Districts). Preliminary Recommendation: Pending (Continued from Regular Meeting of November 15, 2001) CONDITIONAL USE APPLICATION WITHDRAWN SPEAKER(S): None ACTION: Conditiona","Baltimore, Chinchilla, Fay, Joe, Lim, Salinas, Theoharis THE MEETING WAS CALLED TO ORDER BY PRESIDENT CHINCHILLA AT 1:40 P.M. STAFF IN ATTENDANCE: Gerald G. Green – Director of Planning, Larry Badiner – Zoning Administrator, Adam Light, Glen Cabreros, Jonathan Purvis, Michael E. Smith, Joy Navarrete, Craig Nikitas, Mary Woods, Thomas Wang, Patricia Gerber – Transcription Secretary, Linda D. Avery – Commission Secretary. A. CONSIDERATION OF ITEMS PROPOSED FOR CONTINUANCE The Commission will consi",https://sfplanning.s3.amazonaws.com/default/files/meetingarchive/planning_dept/sf-planning.org/index.aspx-page%3D1058.html,36
2002-02-07,regular,index.aspx-page_1059.html,13:30,21:20,18,17,"Gerald G. Green - Director of Planning; Larry Badiner -Zoning Administrator; Tina Tam; Paul Lord; Victoria Ryan; Scott Sanchez; Sharon Young; Matt Snyder; Tammy Chan; Dan Sider; Michael Smith; Dario Jones; Nora Priego – Transcription Secretary; Linda Avery - Commission Secretary A. CONSIDERATION OF ITEMS PROPOSED FOR CONTINUANCE The Commission will consider a request for continuance to a later date. The Commission may choose to continue the item to the date proposed below, to continue the item to another date, or to hear the item on this calendar. 1. 1999.598D (CHIN: 575-6897) 135 JORDAN AVENUE - west side of the street between Geary Blvd. and Euclid Street, Lot 008 in Assessor's Block 1062 - Request for Discretionary Review of Building Permit Application No. 9905431, proposing to add a new story and approximately 75 square feet to the basement and second floor at the rear side of the building on a single-family dwelling, located in a RH-1 (D) (Residential, Detached, Single-Family) District and a 40-X Height and Bulk District. Preliminary Recommendation: Pending (Proposed for Continuance to February 21, 2002) SPEAKER(S): None ACTION: Continued to February 21, 2002 AYES: Chinchilla, Fay, Joe, Lim, Salinas, Theoharis ABSENT: Baltimore 2. 2001.0982D (RYAN: 575-6812) 2887 WASHINGTON STREET, #9 - south side of Washington Street, between Scott and Divisadero Streets, Lot 027 in Assessor's Block 1002 - Request for Discretionary Review of Building Permit Application No. 2001/07/05/29","Baltimore, Chinchilla, Fay, Joe, Lim, Salinas, Theoharis",https://sfplanning.s3.amazonaws.com/default/files/meetingarchive/planning_dept/sf-planning.org/index.aspx-page%3D1059.html,64
2002-02-14,regular,index.aspx-page_1060.html,13:30,18:08,16,10,"Gerald G. Green - Director of Planning; Larry Badiner -Zoning Administrator; Amit Ghosh; Paul Lord; Sara Vellve; Pedro Arce; Jeffrey Tully; Geoffrey Nelson; Rick Crawford; Craig Nikitas; Nora Priego – Transcription Secretary; Linda Avery - Commission Secretary A. CONSIDERATION OF ITEMS PROPOSED FOR CONTINUANCE The Commission will consider a request for continuance to a later date. The Commission may choose to continue the item to the date proposed below, to continue the item to another date, or to hear the item on this calendar. 1. 2001.1083D (TAM: 558-6325) 200-202 FAIR OAKS STREET - southwest corner of Fair Oaks and 23rd Street; Lot 1 in Assessor's Block 3648 - Staff-initiated Discretionary Review request for Building Permit No. 2001/09/05/7610 to reduce the total number of legal dwelling units on the subject property, from 3 to 2 units. The property is a designated City Landmark (The Oakley Residence and Flats, Landmark No. 191) and is located in the RH-3 (Residential, House, Three-Family) District and a 40-X Height and Bulk District. Preliminary Recommendation: Disapproval (Proposed for Continuance to February 21, 2002) SPEAKER(S): None ACTION: Continued to February 21, 2002 AYES: Chinchilla, Fay, Joe, Lim, Salinas, Theoharis ABSENT: Baltimore 2. 2001.1091C (SIROIS: 558-6313) 1795 – 38TH AVENUE (AKA 3126 NORIEGA STREET - west side of 38th Avenue between Noriega and Moraga Streets, Lot 016, Assessor's Block 2011 - Request for Conditional Use Authorization by Verizon Wirele","Chinchilla, Fay, Joe, Lim, Salinas, Theoharis",https://sfplanning.s3.amazonaws.com/default/files/meetingarchive/planning_dept/sf-planning.org/index.aspx-page%3D1060.html,28
2002-02-21,regular,index.aspx-page_1061.html,13:30,17:08,17,12,"Gerald G. Green - Director of Planning; Larry Badiner -Zoning Administrator; Michael Li, Jamilla Vollman; Paul Lord; Amit Ghosh; Dario Jones; Tina Tam; Nora Priego – Transcription Secretary; Linda Avery - Commission Secretary A. CONSIDERATION OF ITEMS PROPOSED FOR CONTINUANCE The Commission will consider a request for continuance to a later date. The Commission may choose to continue the item to the date proposed below, to continue the item to another date, or to hear the item on this calendar. 1. 2001.0062E (CHAN: 558-5982) 491 BAYSHORE BOULEVARD - Assessor's Block 5598, Lots 8, 9, 11, 13, 15, 16, 18, 21, and 28. Appeal of Preliminary Mitigated Negative Declaration. The proposed project would demolish the vacant buildings, totaling 107,372 square feet (sq.ft.) and construct a home improvement store (Home Depot). The main store would be two stories, approximately 129,581 sq.ft. with a 10,088-sq.-ft. enclosed green house. The proposed project also includes an 8,550-sq.-ft. outdoor-garden center. The total project size would be approximately 148,219 sq.ft. The building would be approximately 40 feet in height. A parking garage consisting of three-levels of parking totaling 550 parking spaces would also be constructed on this 5.73-acre site. Vehicular access to the parking garage would be from Bayshore Blvd., where Cortland Ave. dead-ends into Bayshore Blvd. The site is within the Planning Commission's adopted Industrial Protection Zone (IPZ) and is located in a M-1 (Light Indus","Baltimore, Chinchilla, Joe, Lim, Salinas, Theoharis",https://sfplanning.s3.amazonaws.com/default/files/meetingarchive/planning_dept/sf-planning.org/index.aspx-page%3D1061.html,34
2002-02-28,regular,index.aspx-page_1062.html,13:30,17:57,19,17,"Gerald G. Green – Director of Planning, Larry Badiner Zoning Administrator, Rick Crawford; Costolino Hogan; Michael E. Smith; Jamilla Vollmann; Sara Vellve; Geoffrey Nelson; Glen Cabreros; Mathew Snyder; Dario Jones; Patricia I. Gerber – Transcription Secretary; Linda D. Avery – Commission Secretary A. CONSIDERATION OF ITEMS PROPOSED FOR CONTINUANCE The Commission will consider a request for continuance to a later date. The Commission may choose to continue the item to the date proposed below, to continue the item to another date, or to hear the item on this calendar. 1. 2001.0908DDDDDD (JONES: 558-6477) 166 AND 168 YERBA BUENA AVENUE - south side of Yerba Buena Avenue between Maywood Drive and Santa Paula Avenue, Lot 036 and Lot 37 in Assessor's Block 3078 - Request for Discretionary Review of Building Permit Application No. 2001/0724/4359, and 2001/0724/4356. Both permits are for the new construction of 2-story, single family dwellings on two vacant interior lots, located in a RH-1 (D) (Residential, Detached, Single-Family) District and a 40-X Height and Bulk District. Preliminary Recommendation: Do not take Discretionary Review and approve the building permit as submitted. (Proposed for Continuance to March 7, 2002) SPEAKER(S): None ACTION: Continued as proposed AYES: Fay, Baltimore, Joe, Lim, Salinas, Theoharis ABSENT: Chinchilla 2. 2001.0973DDDDDD (CABREROS: 558-6169) 2518 UNION STREET - north side between Scott and Divisadero Streets, Lot 008 in Assessor's Block 0945 - ","Fay, Baltimore, Joe, Lim, Salinas, Theoharis",https://sfplanning.s3.amazonaws.com/default/files/meetingarchive/planning_dept/sf-planning.org/index.aspx-page%3D1062.html,29
2002-03-07,regular,index.aspx-page_1063.html,13:30,,3,3,"Gerald G. Green - Director of Planning; Larry Badiner -Zoning Administrator; Glen Cabreros; Costolino Hogan; Randall Dean; Paul Lord; Dan Sider; Vahram Massehian; Nora Priego – Transcription Secretary; Linda Avery - Commission Secretary A. CONSIDERATION OF ITEMS PROPOSED FOR CONTINUANCE The Commission will consider a request for continuance to a later date. The Commission may choose to continue the item to the date proposed below, to continue the item to another date, or to hear the item on this calendar. 1. 2001.1116DDD (SANCHEZ: 558-6679) 2808 LAGUNA STREET - Lot 021 in Assessor's Block 0543 - Discretionary Review Request for Building Permit Application Number 2001/0119/0164'S', to raise the subject building approximately 4 feet, 5 inches to accommodate a garage at the ground level and to add a fourth-floor penthouse to the existing three-level single-family building within an RH-2 (Residential, House, Two-Family) Zoning District and a 40-X Height and Bulk District. Preliminary Recommendation: Take Discretionary Review and approve the project with modifications. ALL DISCRETIONARY REVIEWS WITHDRAWN 2. 2001. 1130DD (CABREROS: 558-6169) 147 6TH AVENUE - west side between Lake and California Streets, Lot 013 in Assessor's Block 1366 - Requests for Discretionary Review of Building Permit Application Nos. 2001/0713/3641 and 2001/0713/3642 proposing to demolish the existing two-story over garage, single-family home and to construct a three-story over garage, two-unit building in a","Baltimore, Chinchilla, Fay, Joe, Salinas, Theoharis",https://sfplanning.s3.amazonaws.com/default/files/meetingarchive/planning_dept/sf-planning.org/index.aspx-page%3D1063.html,0
2002-03-14,regular,index.aspx-page_1064.html,13:30,19:30,21,12,"Gerald G. Green – Director of Planning; Larry Badiner – Zoning Administrator; Mary Woods, Glen Cabreros; Michael Smith; Ken Rich; David Alumbaugh; Geoffrey Nelson; Tina Tam; Kate McGee, Rick Crawford; Dan Dibartolo; Patricia Gerber – Transcription Secretary; Linda D. Avery – Commission Secretary A. CONSIDERATION OF ITEMS PROPOSED FOR CONTINUANCE The Commission will consider a request for continuance to a later date. The Commission may choose to continue the item to the date proposed below, to continue the item to another date, or to hear the item on this calendar.","Chinchilla; Fay; Baltimore; Joe; Lim; Salinas, Theoharis THE MEETING WAS CALLED TO ORDER BY PRESIDENT CHINCHILLA AT 1:40 P.M. STAFF IN ATTENDANCE: Gerald G. Green – Director of Planning; Larry Badiner – Zoning Administrator; Mary Woods, Glen Cabreros; Michael Smith; Ken Rich; David Alumbaugh; Geoffrey Nelson; Tina Tam; Kate McGee, Rick Crawford; Dan Dibartolo; Patricia Gerber – Transcription Secretary; Linda D. Avery – Commission Secretary A. CONSIDERATION OF ITEMS PROPOSED FOR CONTINUANCE The C",https://sfplanning.s3.amazonaws.com/default/files/meetingarchive/planning_dept/sf-planning.org/index.aspx-page%3D1064.html,41
2002-03-21,regular,index.aspx-page_1065.html,13:30,18:10,20,16,"Larry Badiner -Zoning Administrator/Acting Director; Pete Vollman; Adam Light; Mary Woods; Geoffrey Nelson; Dan DiBartolo; Dan Sider; Jonathan Purvis; John Billovits; Dario Jones; Rick Crawford; Michael Smith; Nora Priego – Transcription Secretary; Linda Avery - Commission Secretary A. CONSIDERATION OF ITEMS PROPOSED FOR CONTINUANCE The Commission will consider a request for continuance to a later date. The Commission may choose to continue the item to the date proposed below, to continue the item to another date, or to hear the item on this calendar. 1. 2002.0067D (V. MASSEHIAN: 415-558-6363) 650A 45TH AVENUE - east side between Balboa Street and Anza Street, Lot 030A in Assessor's Block 1587 - Request for Discretionary Review of Building Permit Application No. 2001/12/06/4728 proposing to build a two-story addition to the existing one-story, single-family dwelling in an RH-2 (Residential, House, Two-Family) District and a 40-X Height and Bulk District. Preliminary Recommendation: Do not take Discretionary Review and approve the project as submitted. DISCRETIONARY REVIEW HAS BEEN WITHDRAWN 2a. 2001.0190D (M. WOODS: 415- 558-6315) 2548 CALIFORNIA STREET - north side between Steiner and Pierce Streets, Lot 9 in Assessor's Block 634 - Request for Discretionary Review of Demolition Permit Application No. 2002/0214/9237, which supersedes withdrawn Demolition Permit Application No. 2001/0103/9061, proposing to demolish the existing one-story garage at the rear of the lot, facing P","Baltimore, Chinchilla, Fay, Joe, Lim, Salinas, Theoharis",https://sfplanning.s3.amazonaws.com/default/files/meetingarchive/planning_dept/sf-planning.org/index.aspx-page%3D1065.html,26
2002-04-04,regular,index.aspx-page_1066.html,13:30,18:25,25,16,"Gerald Green – Director; Larry Badiner -Zoning Administrator; Jean Paul Samaha; David Alumbaugh; Amit Ghosh; Mary Woods; Victoria Ryan; Kate McGee; Kelley Amdur; Rick Crawford; Michael Smith; Jamilla Vollman; Nora Priego – Transcription Secretary; Linda Avery - Commission Secretary A. CONSIDERATION OF ITEMS PROPOSED FOR CONTINUANCE The Commission will consider a request for continuance to a later date. The Commission may choose to continue the item to the date proposed below, to continue the item to another date, or to hear the item on this calendar.","Baltimore, Chinchilla, Fay, Joe, Lim, Salinas, Theoharis",https://sfplanning.s3.amazonaws.com/default/files/meetingarchive/planning_dept/sf-planning.org/index.aspx-page%3D1066.html,45
2002-04-11,regular,index.aspx-page_1067.html,13:30,21:10,21,9,"Gerald G. Green – Director of Planning, Larry Badiner – Zoning Administrator, Geoffrey Nelson, Michael Smith, Dan Dibartolo, Ben Fu, Victoria Ryan, Mary Woods, Kate McGee, Linda Avery – Commission Secretary A. CONSIDERATION OF ITEMS PROPOSED FOR CONTINUANCE The Commission will consider a request for continuance to a later date. The Commission may choose to continue the item to the date proposed below, to continue the item to another date, or to hear the item on this calendar. 1. 2001.1098H (A. LIGHT: (415) 558-6254) 216 STOCKTON STREET - east side between Geary and Posts Streets, in Assessor's Block 309, Lot 13 - Request for a Permit to Alter under Article 11 of the Planning Code to permit an alteration to the front facade of a three-story limestone and black granite-clad Category IV retail building in the Kearny-Market-Mason-Sutter Conservation District, the C-3-R (Downtown, Retail) Zoning District, and a 80-130-F Height and Bulk District. Preliminary Recommendation: Approval with Conditions. (Continued from Regular Meeting of April 4, 2002) (Proposed for Continuance to April 18, 2002) SPEAKER (S): None ACTION: Continued as proposed AYES: Chinchilla, Fay, Joe, Lim, Salinas ABENT: Baltimore, Theoharis B. COMMISSIONERS' QUESTIONS AND MATTERS 2. Commission Matters None C. DIRECTOR'S REPORT 3. Director's Announcements None 4. Review of Past Week's Events at the Board of Supervisors and Board of Appeals Board of Supervisors: - 417 23rd. Avenue – Antenna Case CU – Appealed to the ","Chinchilla, Baltimore, Fay, Joe, Lim, Salinas",https://sfplanning.s3.amazonaws.com/default/files/meetingarchive/planning_dept/sf-planning.org/index.aspx-page%3D1067.html,49
2002-04-18,regular,index.aspx-page_1068.html,13:30,22:10,25,14,"Gerald Green – Director; Larry Badiner -Zoning Administrator; Jean Paul Samaha; Dan DiBartolo; Kate McGee; Jeff Tully; Adam Light; Ben Fu; Rick Crawford; Pete Vollman; Geoffrey Nelson; Dan Sirois; Michael Li; Vahram Massehian; Matt Snyder; Mary Woods; Nora Priego – Transcription Secretary; Linda Avery - Commission Secretary A. CONSIDERATION OF ITEMS PROPOSED FOR CONTINUANCE The Commission will consider a request for continuance to a later date. The Commission may choose to continue the item to the date proposed below, to continue the item to another date, or to hear the item on this calendar. 1. 2001.0995CV (D. JONES: 415-558-6477) 3130-3154 NORIEGA STREET - north side of Noriega Street between 39th and 38th Avenues, Lot 007 in Assessor's Block 2011- Request for Conditional Use Authorization under Planning Code Section 121.1 and 710.11 to develop a (9) nine-unit, mixed-use building on a lot exceeding 5,000 square feet in area, within an NC-1 (Neighborhood Commercial Cluster District) and a 40-X Height and Bulk District. Preliminary Recommendation: APPROVAL WITH CONDITIONS (Proposed for Continuance to April 25, 2002) SPEAKER(S): None ACTION: Continued as proposed AYES: Baltimore, Chinchilla, Joe, Lim, Salinas, Theoharis ABSENT: Fay B. COMMISSIONERS' QUESTIONS AND MATTERS 2. Consideration of Adoption - draft minutes of March 14 and March 21, 2002. SPEAKER(S): None ACTION: Approved AYES: Baltimore, Chinchilla, Joe, Lim, Salinas, Theoharis ABSENT: Fay 3. Commission Matters None C","Baltimore, Chinchilla, Joe, Lim, Salinas, Theoharis",https://sfplanning.s3.amazonaws.com/default/files/meetingarchive/planning_dept/sf-planning.org/index.aspx-page%3D1068.html,64
2002-04-25,regular,index.aspx-page_1069.html,13:30,20:15,29,24,"Gerald Green – Director; Larry Badiner -Zoning Administrator; Jean Paul Samaha; Ben Fu; Jamilla Vollman; Dan Sirois; Rick Crawford; Nannie Turrell; Michael Li; Dario Jones; Kate McGee; Joy Navarrete; Jonathan Purvis; Thomas Wang; Nora Priego – Transcription Secretary; Linda Avery - Commission Secretary A. CONSIDERATION OF ITEMS PROPOSED FOR CONTINUANCE The Commission will consider a request for continuance to a later date. The Commission may choose to continue the item to the date proposed below, to continue the item to another date, or to hear the item on this calendar. 1. 2000.1170D (M. SNYDER: 415-575-6891) 2637–2639 24th STREET - south side between Potrero Avenue and Utah Street, Lot 25 in Assessor's Block 4264 - Request for Discretionary Review of Building Permit Application No. 2000/03/07/3664 proposing to construct a new building that would contain six new dwelling units, six parking spaces, and a small commercial unit, on a lot that currently contains a single-story commercial building. The property is within the 24th Street - Mission Neighborhood Commercial District, and a 65-A Height and Bulk District. Preliminary Recommendation: Do not take Discretionary Review and approve the project as proposed. (Continued from Regular Meeting of April 18, 2002) (Proposed for Continuance to May 2, 2002) May 16, 2002 SPEAKER(S): None ACTION: Continued to May 16, 2002 AYES: Baltimore, Fay, Lim, Salinas, Theoharis ABSENT: Chinchilla, Joe 2. 2000.790EKXCTZM (K. AMDUR: 415-558-6351) 8","Baltimore, Chinchilla, Fay, Lim, Salinas, Theoharis",https://sfplanning.s3.amazonaws.com/default/files/meetingarchive/planning_dept/sf-planning.org/index.aspx-page%3D1069.html,104
2002-05-02,regular,index.aspx-page_1070.html,13:30,,25,19,"Gerald Green – Director; Larry Badiner -Zoning Administrator; Jean Paul Samaha; ; Nora Priego – Transcription Secretary; Linda Avery - Commission Secretary A. CONSIDERATION OF ITEMS PROPOSED FOR CONTINUANCE The Commission will consider a request for continuance to a later date. The Commission may choose to continue the item to the date proposed below, to continue the item to another date, or to hear the item on this calendar. 1. 2000.0015C 2002.0015C (D. SIROIS: 415-558-6313) 1005-1007 GENEVA AVENUE - north side of Geneva Avenue, between Paris and Lisbon Streets, Lot 013 in Assessor's Block 6408 - Request for Conditional Use authorization to demolish a residential unit at the second story pursuant to Planning Code Section 712.39 and to construct a four-story mixed use building with 3 residential units and a ground floor commercial space for the existing business-Apollo Heating in an NC-3 (Moderate-Scale Neighborhood Commercial) District and a 40-X Height and Bulk District. Preliminary Recommendation: Approval with Conditions (Proposed for Continuance to June 6, 2002) SPEAKER(S): None ACTION: Continued as Proposed AYES: Baltimore, Chinchilla, Fay, Lim ABSENT: Joe, Salinas, Theoharis 2. 2002.0089D (M. WOODS: 415-558-6315) 607 BELVEDERE STREET - west side between 17th and Carmel Streets, Lot 2 in Assessor's Block 1291 - Request for Discretionary Review of Building Permit Application No. 2001/1031/2222, proposing to convert a portion of the existing garage and attic into habitabl","Baltimore, Chinchilla, Fay, Lim, Salinas",https://sfplanning.s3.amazonaws.com/default/files/meetingarchive/planning_dept/sf-planning.org/index.aspx-page%3D1070.html,58
2002-05-09,regular,index.aspx-page_1071.html,13:30,19:10,27,20,"Gerald Green – Director; Larry Badiner -Zoning Administrator; Jean Paul Samaha; Paul Maltzer; Jonathan Purvis; Rick Cooper; Michael Lee; Thomas Wang; Dan Sider; Kate McGee; Sara Vellve; Glenn Cabreros; Geoffrey Nelson; Dario Jones; Nora Priego – Transcription Secretary; Linda Avery - Commission Secretary A. CONSIDERATION OF ITEMS PROPOSED FOR CONTINUANCE The Commission will consider a request for continuance to a later date. The Commission may choose to continue the item to the date proposed below, to continue the item to another date, or to hear the item on this calendar. 1. 2001.1099E (A. AGUILAR: 415-558-5973) 533 SUTTER STREET - Assessor's Block 296, Lot 13D - Appeal of a Preliminary Mitigated Negative Declaration. The project site is currently developed with a two-story-plus-basement building containing a mix of retail, office, and theater uses. The proposed project would involve the conversion of 4,200 gross square feet (gsf) of existing second-floor offices and theater use to four dwelling units and construction of three additional floors of residential use with four dwelling units on each new floor, for a total of 16 dwelling units. The existing ground-floor retail would remain as is. The proposed project would add three stories, approximately 36 feet in height, for a total building height of approximately 65 feet. The proposed project would add 15,000 gsf of new construction, for a total building floor area of 23,200 gsf. The project site at 533 Sutter Street (Assess","Baltimore, Chinchilla, Fay, Lim, Salinas, Theoharis",https://sfplanning.s3.amazonaws.com/default/files/meetingarchive/planning_dept/sf-planning.org/index.aspx-page%3D1071.html,76
2002-05-16,regular,index.aspx-page_1072.html,13:30,18:46,21,17,"Gerald Green – Director; Larry Badiner -Zoning Administrator; Dan Sider; Jim Miller; Rick Crawford; Geoffrey Nelson; Glenn Cabreros; Victoria Ryan; Petterson Vollman; Dario Jones; Nora Priego – Transcription Secretary; Linda Avery - Commission Secretary A. CONSIDERATION OF ITEMS PROPOSED FOR CONTINUANCE The Commission will consider a request for continuance to a later date. The Commission may choose to continue the item to the date proposed below, to continue the item to another date, or to hear the item on this calendar. 1a. 2001.0494CDV (W. HASTIE: 415-558-6381) 1475-79 FOLSOM STREET – (The Jackson Brewery Complex) south side between 10TH and 11TH Streets. Assessor's Block 3520, Lots 30B & 30C – Request for a Conditional Use authorization pursuant to Sections 803.5(c) and 816.48 of the Planning Code to convert 9,885 square feet at 1475 Folsom from office of design professionals and retail to general office use and to convert 10,361 square feet at 1479 Folsom from office and warehouse to general office; both lots are within a SLR (Service/Light Industrial/Residential) zoning district and a 50-X Height and Bulk District. The Jackson Brewery Complex, Landmark #199, is also located within the Industrial Protection Zone (Planning Commission Resolution No. 16202), which discourages office conversions. Project includes minor exterior alterations, as well as seismic and ADA upgrades. Preliminary Recommendation: Pending (Proposed for Continuance to May 23, 2002) SPEAKER(S): None ACT","Baltimore, Chinchilla, Fay, Joe, Lim, Salinas",https://sfplanning.s3.amazonaws.com/default/files/meetingarchive/planning_dept/sf-planning.org/index.aspx-page%3D1072.html,52
2002-05-23,regular,index.aspx-page_1073.html,13:30,18:20,41,33,Gerald Green - Director; Larry Badiner -Zoning Administrator; Kate McGee; Kelley Amdur; Art Aguilar; Michael Li; Rick Crawford; Thomas Wang; Matt Snyder; Dario Jones; Nora Priego - Transcription Secretary; Linda Avery - Commission Secretary,"Baltimore, Chinchilla, Fay, Joe, Lim, Salinas, Theoharis",https://sfplanning.s3.amazonaws.com/default/files/meetingarchive/planning_dept/sf-planning.org/index.aspx-page%3D1073.html,114
2002-05-30,regular,index.aspx-page_1074.html,13:30,20:38,23,22,"Gerald Green – Director; Larry Badiner -Zoning Administrator; Kate McGee; Kelley Amdur; Art Aguilar; Michael Li; Rick Crawford; Thomas Wang; Matt Snyder; Dario Jones; Nora Priego – Transcription Secretary; Linda Avery - Commission Secretary A. CONSIDERATION OF ITEMS PROPOSED FOR CONTINUANCE The Commission will consider a request for continuance to a later date. The Commission may choose to continue the item to the date proposed below, to continue the item to another date, or to hear the item on this calendar. 1. 2002.0474D (S. SANCHEZ: 415-558-6679) 318 29th AVENUE - east side between California and Clement Streets; Lot 046 in Assessor's Block 1405 - Staff-initiated request for Discretionary Review of Building Permit Application 2000/10/13/2953 proposing to demolish the existing three level single family dwelling (the project also proposes the new construction of a two-unit building under separate permit). The subject property is located in an RH-2 (Residential, House, Two-Family) District and a 40-X Height and Bulk District. Preliminary Recommendation: Take Discretionary Review and disapprove the demolition application. (Proposed for Continuance to August 1, 2002) SPEAKER(S): None ACTION: Continued as Proposed AYES: Chinchilla, Fay, Joe, Lim, Salinas, Theoharis ABSENT: Baltimore B. COMMISSIONERS' QUESTIONS AND MATTERS 2. Consideration of Adoption - draft minutes of May 9, 2002 SPEAKER(S): None ACTION: Approved AYES: Chinchilla, Fay, Joe, Lim, Salinas, Theoharis ABSENT: Balti","Baltimore, Chinchilla, Fay, Joe, Lim, Salinas, Theoharis",https://sfplanning.s3.amazonaws.com/default/files/meetingarchive/planning_dept/sf-planning.org/index.aspx-page%3D1074.html,89
2002-06-06,regular,index.aspx-page_1075.html,13:30,19:50,31,27,"Gerald Green – Director; Larry Badiner -Zoning Administrator; Adam Light: Glenn Cabreros; Kelley Amdur; Winslow Hastie; Vahram Massehian; Michael Smith; Dan Sirois; Sara Vellve; Jonathan Purvis; Pete Vollmann; Nora Priego – Transcription Secretary; Linda Avery - Commission Secretary A. CONSIDERATION OF ITEMS PROPOSED FOR CONTINUANCE The Commission will consider a request for continuance to a later date. The Commission may choose to continue the item to the date proposed below, to continue the item to another date, or to hear the item on this calendar. 1. 2002.0157C (M. SNYDER: 415-575-6891) 20 HERON STREET - northwest corner of Heron Street and Berwick Street, Lot 44 in Assessor's Block 3755, – Request for Conditional Use authorization to install a total of 12 panel antennas, and associated equipment cabinets, as part of a wireless transmission network operated by Verizon Wireless, pursuant to Planning Code Sections 816.73 and 227(h) of the Planning Code. The site is within an SLR (Service / Light Industrial / Residential) District and a 40-X Height and Bulk District. Pursuant to the WTS Facilities Guidelines, the project is a Preference 4 Location Site, a wholly commercial building within a South of Market District. Preliminary Recommendation: Approval with conditions (Proposed for Continuance June 13, 2002) SPEAKER(S): None ACTION: Continued as Proposed AYES: Chinchilla, Fay, Joe, Lim, Salinas, Theoharis ABSENT: Baltimore 2. 2002.0279X (M. LUELLEN: 415-558-6478) 1 FRONT STR","Baltimore, Chinchilla, Fay, Joe, Lim, Salinas, Theoharis",https://sfplanning.s3.amazonaws.com/default/files/meetingarchive/planning_dept/sf-planning.org/index.aspx-page%3D1075.html,74
2002-06-13,regular,index.aspx-page_1076.html,13:30,21:32,24,17,"Gerald Green – Director; Larry Badiner -Zoning Administrator; Jean-Paul Samaha; Petterson Vollmann; Jeff Tully; Moses Corette; Jonas Ionin; Kate McGee; Randall Dean; Paul Maltzer; Tina Tam; Leigh Kienker; Dan Sirois; Matt Snyder; Thomas Wang; Kate Simonson; Nora Priego – Transcription Secretary; Linda Avery - Commission Secretary A. CONSIDERATION OF ITEMS PROPOSED FOR CONTINUANCE The Commission will consider a request for continuance to a later date. The Commission may choose to continue the item to the date proposed below, to continue the item to another date, or to hear the item on this calendar. 1. 2002.1051D (D. SIDER: 415-558- 6697) 480 POTRERO AVENUE - northwest corner of Mariposa Street, Lot 002C in Assessor's Block 3973 - Mandatory Discretionary Review of Building Permit Application Number 2001.11.27.3854, proposing to (1) change the use of an existing industrial building to a 55 unit residential care facility, (2) construct a vertical addition, and (3) perform interior and exterior alterations in an M-1 (Light Industrial) Zoning District, a 65-B Height and Bulk District, and an Industrial Protection Zone as set forth by Planning Commission Policy expressed in Resolution Number 16202. Mandatory Discretionary Review is required by Board of Supervisors Resolution Number 518-01 (Mission District Interim Controls) for any permit proposing to change the use of a property within the Mission District. Preliminary Recommendation: Pending (Proposed for Continuance to June 20, ","Baltimore, Fay, Joe, Salinas, Theoharis",https://sfplanning.s3.amazonaws.com/default/files/meetingarchive/planning_dept/sf-planning.org/index.aspx-page%3D1076.html,68
2002-06-20,regular,index.aspx-page_1077.html,14:30,23:12,33,25,"Gerald Green – Director; Larry Badiner -Zoning Administrator; Tina Tam, Mary Woods; Bill Wycko; Randall Dean; Jonas Ionin; Jonathan Purvis; Glenn Cabreros; Matt Snyder; Dan Sider; Petterson Vollmann; Sara Vellve; Kate McGee; Nora Priego – Transcription Secretary; Linda Avery - Commission Secretary A. CONSIDERATION OF ITEMS PROPOSED FOR CONTINUANCE The Commission will consider a request for continuance to a later date. The Commission may choose to continue the item to the date proposed below, to continue the item to another date, or to hear the item on this calendar. 1. 2002.0396C (G. CABREROS: 415-558-6169) 2200 HAYES STREET (A.K.A. 450 STANYAN STREET) - north side of Hayes Street between Stanyan and Shrader Streets, Lots 038 and 039 in Assessor's Block 1191 - Request for Conditional Use to authorization under Section 606 of the Planning Code to revise the master signage program for an institutional use (St. Mary's Medical Center). The project site spans an RH-3 (Residential, House, Three-Family) District and an RM-2 (Residential Mixed, Moderate-Density) District and three (80-D, 80-E, and 130-E) Height and Bulk Districts. Preliminary Recommendation: Approval with conditions (Proposed for Continuance to June 27, 2002) SPEAKER(S): None ACTION: Continued as Proposed AYES: Baltimore, Chinchilla, Joe, Lim, Theoharis ABSENT: Fay and Salinas 2. 2002.0279X (M. LUELLEN: 415-558-6478) 1 FRONT STREET (aka 444 MARKET STREET) - north side of Market Street between Battery and Front Street","Baltimore, Chinchilla, Joe, Lim, Theoharis",https://sfplanning.s3.amazonaws.com/default/files/meetingarchive/planning_dept/sf-planning.org/index.aspx-page%3D1077.html,170
2002-06-20,special,index.aspx-page_1078.html,13:30,14:00,4,3,"Gerald Green – Director; Larry Badiner -Zoning Administrator; Craig Nikitas; Michael Li; Nora Priego – Transcription Secretary; Linda Avery - Commission Secretary RECREATION AND PARK DEPARTMENT: Bob McDonald, Planner; Elizabeth Goldstein, General Manager; Margaret McCarthur, Commission Secretary A. SPECIAL CALENDAR 1. 2002.0624K (M. LI: 415-558-6396) BOEDDEKER PARK - northeast corner of Jones and Eddy Streets, Lots 006-009 and 017-019 in Assessor's Block 0332: -- Request to raise the absolute cumulative limit for additional shadow on Boeddeker Park from 0.0070 percent to 0.0087 percent. Preliminary Recommendation: Approval (ACTION ITEM: BOTH COMMISSIONS) SPEAKER(S): (+) Joan McNamara – Mayor's Office of Housing - At least two family housing units will be possible if the Commissions approve this. (-) Marvis J. Phillips – North of Market Planning Coalition - They have not seen any of the plans. - The Board of Directors are opposed to the shadow increase. - This is a cumulative situation. - The area where the shadow will be cast is on a children's vegetable garden. (+) Rev. Glenda Hope – San Francisco Network Ministries - They are aware of the need for family housing. - She is in support of the recommendations. (+) Diane Clampton – Bay Area Women's and Children's Center - They support this project because housing is desperately needed. - The shadow impact will be minimal. (+) Brother Kelley Collin – TNDC - This new construction is very necessary because it will allow family unit","Baltimore, Chinchilla, Joe, and Theoharis PLANNING",https://sfplanning.s3.amazonaws.com/default/files/meetingarchive/planning_dept/sf-planning.org/index.aspx-page%3D1078.html,170
2002-06-27,regular,index.aspx-page_1079.html,13:00,21:35,36,27,"Gerald Green – Director; Larry Badiner -Zoning Administrator; Peterson Vollmann; Dan Sirois; Tina Tam; Glenn Cabreros; Michael Smith; Paul Lord; Matt Snyder; Lisa Gibson; Rick Crawford; Sara Vellve; Michael Li; Art Aguilar; Dan Sider; Thomas Wang; Victoria Ryan; Nora Priego – Transcription Secretary; Linda Avery - Commission Secretary Note: With the passage of Proposition D on the March 2002 ballot, the terms of the current members of the Planning Commission will expire at noon on July 1, 2002–making this hearing their last one. Immediately after this meeting was called to order, The Honorable Willie L. Brown, Mayor of the City and County of San Francisco, addressed the Commission and thanked them for their years of dedicated service to the city and the citizens of San Francisco. A. CONSIDERATION OF ITEMS PROPOSED FOR CONTINUANCE The Commission will consider a request for continuance to a later date. The Commission may choose to continue the item to the date proposed below, to continue the item to another date, or to hear the item on this calendar. 1a. 2002.0223BV (M. SNYDER: 415-575-6891) 501 FOLSOM STREET - southwest corner of Folsom Street and 1st Street, Lot 1 in Assessor's Block 3749 - Request for Planning Commission authorization under Planning Code Sections 320-325, to establish up to 32,000 gross square feet of office space in a building whose officially recognized use is light industrial / warehousing. This project would include constructing a stair tower at the sout","Baltimore, Chinchilla, Joe, Lim, Salinas, Theoharis",https://sfplanning.s3.amazonaws.com/default/files/meetingarchive/planning_dept/sf-planning.org/index.aspx-page%3D1079.html,103
2002-09-12,regular,index.aspx-page_1080.html,13:30,15:20,13,9,"M. Luellen; P. Vollmann; G. Cabreros; J. Vollmann; M. Woods; ;S. Vellve; M. Snyder; Nora Priego – Transcription Secretary; Linda Avery - Commission Secretary A. CONSIDERATION OF ITEMS PROPOSED FOR CONTINUANCE The Director of Planning or the Zoning Administrator will consider a request for continuance to a later date. The Director of Planning or the Zoning Administrator may choose to continue the item to the date proposed below, to continue the item to another date, or to hear the item on this calendar. None B. DIRECTOR'S REPORT Director's Announcements Director Green addressed the assembled public. He explained how in the absence of a Planning Commission, the Board of Supervisors passed emergency legislation that gives limited jurisdictional authority to the Director of Planning and the Zoning Administrator over Conditional Uses and Discretionary Reviews enabling them to hold public hearings. He also explained how this authority and his responsibilities as Director of Planning have altered his normal participation in the preparation of cases that now require his decision for approval or disapproval. C. REGULAR CALENDAR (The following two items are Section 309 exceptions and were heard by the Zoning Administrator.) 1. 2002.0279X (M. LUELLEN: (415) 558-6478) 1 FRONT STREET (aka 444 MARKET STREET) - north side of Market Street between Battery and Front Streets, Lot 9 in Assessor's Block 266 - Request under Planning Code Section 309(a)(5) (Permit Review in C-3 [Downtown Commercia","Gerald Green, Director of Planning; Lawrence B. Badiner, Zoning Administrator",https://sfplanning.s3.amazonaws.com/default/files/meetingarchive/planning_dept/sf-planning.org/index.aspx-page%3D1080.html,16
2002-09-17,regular,index.aspx-page_1081.html,23:30,13:46,15,7,"D. Sirois; G. Cabreros; R. Crawford; M. Woods; M. Smith; Nora Priego – Transcription Secretary; Linda Avery - Commission Secretary A. CONSIDERATION OF ITEMS PROPOSED FOR CONTINUANCE The Director of Planning or the Zoning Administrator will consider a request for continuance to a later date. The Director of Planning or the Zoning Administrator may choose to continue the item to the date proposed below, to continue the item to another date, or to hear the item on this calendar. PLEASE NOTE: The following item has appeared on calendar in error. The legal notice and/or posting requirements have not been met. This matter will be adequately noticed and/or posted for hearing on October 24, 2002. 1. 2002.0671D (G. CABREROS: (415) 558-6169) 135 SEACLIFF DRIVE - south side between 26th and 27th Avenues, Lot 021 in Assessor's Block 1305 - Request for Discretionary Review of Building Permit Application No. 2001.12.14.5291 proposing to construct a roof deck and stair penthouse over an existing two-story single-family residence in an RH-1(D) (Residential, House, One-Family Detached) District and a 40-X Height and Bulk District. Preliminary Recommendation: Do not take Discretionary Review and approve the project as submitted. (Continued from Regular Meeting of September 12, 2002) SPEAKER(S): Re: Continuance Luel Lam – He is in agreement with the new hearing date (10/24/02) for this item. ACTION: None required. B. DIRECTOR'S REPORT Director of Planning's Announcements Re: Alternative Procedu","Gerald Green, Director of Planning; Lawrence B. Badiner, Zoning Administrator",https://sfplanning.s3.amazonaws.com/default/files/meetingarchive/planning_dept/sf-planning.org/index.aspx-page%3D1081.html,12
2002-09-26,regular,index.aspx-page_1082.html,13:30,20:53,27,4,"M. Li; J. Miller; K. Simonson; T. Tam; S. Vellve; B. Fu; G. Nelson; T. Wang; S. Sanchez; Nora Priego – Transcription Secretary; Linda Avery - Commission Secretary A. CONSIDERATION OF ITEMS PROPOSED FOR CONTINUANCE The Director of Planning or the Zoning Administrator will consider a request for continuance to a later date. The Director of Planning or the Zoning Administrator may choose to continue the item to the date proposed below, to continue the item to another date, or to hear the item on this calendar. 1. 2002.0401C (D. DiBARTOLO: (415) 558﷓6291) 531-539 MISSION STREET - south side between First and Second Streets; Lots 068 and 083 in Assessor's Block 3721 - Request for a temporary (two year) Conditional Use authorization under Planning Code Section 156 (h) for public parking on a surface lot in a C-3-O District and a 550-S Height and Bulk District. The project site comprises of two lots. The proposal is to demolish the vacant three-story unreinforced masonry building on Lot 083 and to install a surface parking lot on that site as well as the adjacent vacant Lot 068. The combined site would provide up to 76 parking spaces. In April 2000, the Planning Commission approved an office project at this site. The proposed parking lot would be temporary, providing authorization for this use for two years. Preliminary Recommendation: Approval with conditions (Continued from Regular Meeting of September 19, 2002) (Proposed for Continuance to October 3, 2002) ACTION: Without hearing","Gerald Green, Director of Planning; Lawrence B. Badiner, Zoning Administrator",https://sfplanning.s3.amazonaws.com/default/files/meetingarchive/planning_dept/sf-planning.org/index.aspx-page%3D1082.html,12
2002-10-03,regular,index.aspx-page_1083.html,13:30,18:30,15,1,"Dan DiBartolo; Kate McGee; Dan Sider; Glenn Cabreros; Sara Vellve; Rick Crawford; Patricia Gerber - Transcription Secretary; Linda Avery - Commission Secretary A. CONSIDERATION OF ITEMS PROPOSED FOR CONTINUANCE The Director of Planning or the Zoning Administrator will consider a request for continuance to a later date. The Director of Planning or the Zoning Administrator may choose to continue the item to the date proposed below, to continue the item to another date, or to hear the item on this calendar. 1. 2002.0851D (G. CABREROS: (415) 558-6169) 52 CERVANTES BOULEVARD - north side between Fillmore and Beach Streets, Lot 007 in Assessor's Block 0443A - Request for Discretionary Review of Building Permit Application No. 2002.02.25.9981 proposing to construct a three-story horizontal addition to the rear of an existing single-family residence in an RH-3 (Residential, House, Three-Family) District and a 40-X Height and Bulk District Preliminary Recommendation: Do not take Discretionary Review and approve as submitted. (Proposed for Continuance to October 24, 2002) ACTION: Continued as proposed C. DIRECTOR'S REPORT 2. Director's Announcements Re: Explained emergency legislation and the limited authority extended to the Director and Zoning Administrator 3. Review of Past Week's Events at the Board of Supervisors and Board of Appeals - None 4. Consideration of Adoption - draft minutes of Planning Director and Zoning Administrator's Meetings of September 12 and 17, 2002 ACTION: Sep","Gerald Green, Director of Planning; Lawrence B. Badiner, Zoning Administrator; Judy Boyajian, Deputy City Attorney",https://sfplanning.s3.amazonaws.com/default/files/meetingarchive/planning_dept/sf-planning.org/index.aspx-page%3D1083.html,0
2002-10-10,regular,index.aspx-page_1084.html,13:30,,19,8,"Tina Tam; Dan Sirois; Dan Dibartolo; Sara Vellve; Mary Woods; Dario Jones; Nora Priego – Transcription Secretary; Linda Avery - Commission Secretary A. CONSIDERATION OF ITEMS PROPOSED FOR CONTINUANCE The Commission or Director of Planning or the Zoning Administrator will consider a request for continuance to a later date. The Commission or Director of Planning or the Zoning Administrator may choose to continue the item to the date proposed below, to continue the item to another date, or to hear the item on this calendar. B. DIRECTOR'S REPORT","Gerald Green, Director of Planning; Lawrence B. Badiner, Zoning Administrator; Judy Boyajian, Deputy City Attorney",https://sfplanning.s3.amazonaws.com/default/files/meetingarchive/planning_dept/sf-planning.org/index.aspx-page%3D1084.html,30
2002-10-17,regular,index.aspx-page_1085.html,13:30,18:00,18,14,"Geoffrey Nelson; Mary Woods; Michael E. Smith; Rick Crawford; Tina Tam; Patricia I. Gerber – Transcription Secretary; Linda D. Avery – Commission Secretary A. CONSIDERATION OF ITEMS PROPOSED FOR CONTINUANCE The Director of Planning or the Zoning Administrator will consider a request for continuance to a later date. The Director of Planning or the Zoning Administrator may choose to continue the item to the date proposed below, to continue the item to another date, or to hear the item on this calendar. 1. 2002.0395C (G. NELSON: (415) 558- 6257) 417 31ST AVENUE - northwest corner at the intersection of Clement Street and 31st Avenue; Lot 001 in Assessor's Block 1463 - Request for Conditional Use authorization pursuant to Section 710.83 of the Planning Code to install a total of six antennas and related equipment within the belfry of an existing two-story, 40-foot tall (58 feet to top of tower), publicly-used structure known as the Lincoln Park Presbyterian Church, as part of Cingular's wireless telecommunications network within an NC-1 (Neighborhood Commercial Cluster) District and a 40-X Height and Bulk District. Per the City & County of San Francisco's Wireless Telecommunications Services (WTS) Facilities Siting Guidelines the proposal is a Preferred Location Preference 1 as it is a publicly-used structure. Preliminary Recommendation: Approval with Conditions (Proposed for Continuance to December 5, 2002) SPEAKER(S): (-) Louise Chegwidden - Continuance is very disingenuous (-)","Gerald G. Green - Director of Planning; Lawrence B. Badiner –Zoning Administrator; Judy Boyajian, Deputy City Attorney THE MEETING WAS CALLED TO ORDER BY THE DIRECTOR OF PLANNING AT 1:38 p.m. STAFF IN ATTENDANCE: Geoffrey Nelson; Mary Woods; Michael E. Smith; Rick Crawford; Tina Tam; Patricia I. Gerber – Transcription Secretary; Linda D. Avery – Commission Secretary A. CONSIDERATION OF ITEMS PROPOSED FOR CONTINUANCE The Director of Planning or the Zoning Administrator will consider a request for",https://sfplanning.s3.amazonaws.com/default/files/meetingarchive/planning_dept/sf-planning.org/index.aspx-page%3D1085.html,48
2002-10-24,regular,index.aspx-page_1086.html,13:30,,25,9,"Nora Priego – Transcription Secretary; Linda Avery - Commission Secretary NOTE: The proceedings of today were brought about because of the Planning Commission Alternative Review Process Ordinance which grants the Director of Planning and the Zoning administrator to act in the place of a Planning Commission. We now have 6 members of the Planning Commission. Section 4 of the emergency ordinance states that if the majority of the Planning Commission members are selected and sworn in to office during the time this emergency ordinance is operative, the provisions of this emergency ordinance shall cease to apply to any matter that has not been already decided under this emergency ordinances' alternative procedures. As such, the items on this calendar are continued as specified in each item. A. CONSIDERATION OF ITEMS PROPOSED FOR CONTINUANCE The Director of Planning or the Zoning Administrator will consider a request for continuance to a later date. The Director of Planning or the Zoning Administrator may choose to continue the item to the date proposed below, to continue the item to another date, or to hear the item on this calendar. 1a. 2002.0934AXV (M. LUELLEN: (415) 558-6478) 333 GRANT AVENUE - on the west side between Bush and Sutter Streets, at Harlan Place, on Assessor's Block 286, Lot 002 in a C-3-R (Downtown Retail) District, and an 80-130-F Height and Bulk District. The subject property is Landmark No. 141 under Article 10; is rated as a Category I (Significant) Building w","Gerald Green, Director of Planning; Lawrence B. Badiner, Zoning Administrator; Judith Boyagen – Deputy City Attorney",https://sfplanning.s3.amazonaws.com/default/files/meetingarchive/planning_dept/sf-planning.org/index.aspx-page%3D1086.html,4
2002-11-14,regular,index.aspx-page_1087.html,13:30,20:27,32,2,"Gerald Green – Director; Larry Badiner -Zoning Administrator; Geoffrey Nelson; Craig Nikitas; Larry McDonald; Diane Lim; Jim Nixon; Paul Maltzer; Michael Berkowitz; Amit Ghosh; Jean-Paul Samaha; Ben Fu; Michael Smith; Nora Priego – Transcription Secretary; Linda Avery - Commission Secretary A. CONSIDERATION OF ITEMS PROPOSED FOR CONTINUANCE -- NOTE: THIS CATEGORY WAS TAKEN OUT OF ORDER AND FOLLOWED THE DIRECTOR'S REPORT. D. COMMISSION MATTERS 1. Election of Officers NOMINATIONS FOR PRESIDENT: Shelley Bradford Bell ACTION: Approved AYES: Antonini; Boyd; Feldstein; Hughes; Sue Lee; William Lee ABSENT: None NOMINATIONS FOR VICE PRESIDENT: Antonini and Sue Lee ACTION: Sue Lee withdrew her name from nomination ACTION: Approved for Antonini AYES: Boyd; Bradford Bell; Feldstein; Hughes; Sue Lee; William Lee ABSENT: None 2. Overview of Public Meeting Laws (Brown Act and Sunshine Ordinance) and Overview of Conflict of Interest, Financial Disclosure and Other Governmental Ethics Laws. Speaking on an Overview of Public Meeting Laws (Brown Act and Sunshine Ordinance): A PowerPoint presentation was given by Paul Zuraski, Deputy City Attorney. Speaking on Governmental Ethics Laws: Claire Sylvia, Deputy City Attorney with the City Attorney's Office SPEAKER (S): John Bardis - Having been involved with the Commission for many years, he believes the best way to communicate with Commissioners is publicly so all who are concerned--Commissioners and those in opposition--can hear what is said at t",Michael J. Antonini; Rev. Edgar E. Boyd; Shelley Bradford Bell; Lisa Feldstein; Kevin Hughes; Sue Lee; William L. Lee,https://sfplanning.s3.amazonaws.com/default/files/meetingarchive/planning_dept/sf-planning.org/index.aspx-page%3D1087.html,0
2002-11-21,regular,index.aspx-page_1088.html,,,21,12,"Gerald G. Green – Director of Planning; Larry Badiner – Zoning Administrator; Mark Luellen; Rick Cooper; Nannie Turrell; Rick Crawford; Geoffrey Nelson; Tina Tam; Glenn Cabreros; Patricia Gerber – Recording Secretary; Linda Avery – Commission Secretary A. CONSIDERATION OF ITEMS PROPOSED FOR CONTINUANCE The Commission will consider a request for continuance to a later date. The Commission may choose to continue the item to the date proposed below, to continue the item to another date, or to hear the item on this calendar. 1. 2002.0650D (K. McGEE: (415) 558-6367) 3358 CESAR CHAVEZ STREET - north side between Mission Street and South Van Ness Street; Lot 16 in Assessor's Block 6571 - Mandatory Discretionary Review for a change of use per the Mission District Interim Controls (Board of Supervisors Resolution Number 518-01). The existing use is classified as a Bar; the proposed use is Other Institution, Large for the Day Labor Program, sponsored by the Mission Housing Development Corporation. The property is located in an NC-3 (Moderate Scale Neighborhood Commercial) Zoning District, and in a 50-X Height and Bulk District. (Continued from Regular Meeting of October 17, 2002) Preliminary Recommendation: Pending NOTE: On October 17, 2002, the Planning Director continued this matter to November 21, 2002 and requested that the Project Sponsor provide staff with a traffic analysis. Public Hearing is open. (Proposed for Continuance to December 5, 2002) SPEAKER(S): (Jamie Moss - Asked Co",Shelley Bradford Bell; Michael J. Antonini; Rev. Edgar E. Boyd; Lisa Feldstein; Kevin Hughes; Sue Lee; William L. Lee MEETING WAS CALLED TO ORDER BY PRESIDENT SHELLY BRADFORD-BELL AT: 12:35 P.M. STAFF IN ATTENDANCE: Gerald G. Green – Director of Planning; Larry Badiner – Zoning Administrator; Mark Luellen; Rick Cooper; Nannie Turrell; Rick Crawford; Geoffrey Nelson; Tina Tam; Glenn Cabreros; Patricia Gerber – Recording Secretary; Linda Avery – Commission Secretary A. CONSIDERATION OF ITEMS PROPO,https://sfplanning.s3.amazonaws.com/default/files/meetingarchive/planning_dept/sf-planning.org/index.aspx-page%3D1088.html,3
2002-11-26,regular,index.aspx-page_1089.html,12:30,,1,1,"Gerald G. Green – Director of Planning; Larry Badiner – Zoning Administrator; Jean Paul Samaha; Jonas Ionin – Acting Commission Secretary; Patricia Gerber – Transcription Secretary C. DIRECTOR'S REPORT 4.1. Informational presentation on Board of Supervisor's legislation which would establish a Special Use District at Fourth Street and Freelon Street. The proposed special use district would permit increased residential density, greater height and create affordable housing. NO ACTION REQUIRED. SPEAKER(S): (+) Bill Barnes, Supervisor Daly's Aide - Gave an overall explanation about the legislation (+) Sue Hestor - Is this legislation consistent with the Housing Element? - Housing Element currently is out of compliance with State law, it is a year overdue, and was rejected by the State in October 11, 2002. - Is this the best use of this site? - Is this project consistent with the conditional use process? - This is the first project outside the C-3, that she is aware of, that does not have any bulk limitation over 50 feet - This is not the way that the Planning Code is set up to deal with amendments of the Planning Code. Is this a Planning Code amendment? - Environmental Review could not start during 90 days, because the project sponsor had not come in with the application that defined the project - This is a way to run a railroad, this is not the way to run a Planning Commission (-) Paul Homechick - This legislation does not talk about communication with the community - There has ",Shelley Bradford Bell; Michael J. Antonini; Kevin Hughes; Sue Lee; William L. Lee,https://sfplanning.s3.amazonaws.com/default/files/meetingarchive/planning_dept/sf-planning.org/index.aspx-page%3D1089.html,21
2002-11-26,special,index.aspx-page_1090.html,12:30,17:15,7,2,"Gerald G. Green – Director of Planning; Larry Badiner – Zoning Administrator, Jean Paul Samaha, Jonas P. Ionin – Acting Commission Secretary; Patricia Gerber – Transcription Secretary A. CONSIDERATION OF ITEMS PROPOSED FOR CONTINUANCE The Commission will consider a request for continuance to a later date. The Commission may choose to continue the item to the date proposed below, to continue the item to another date, or to hear the item on this calendar. 1. 2002.0446E (B. HELBER: (415) 558-5968) 40-50 LANSING STREET - Preliminary Mitigated Negative Declaration. The proposed project involves the construction of a 155,000 gsf, 8-story residential building containing 81 dwelling units with 81 off-street parking spaces on 2 below-grade garage levels and the demolition of the existing 56,250 gsf, 3-story light-industrial building. The site is located at 40-50 Lansing Street, on Assessor's Block 3749, Lot 11, in the Rincon Hill area. The 20,205 sf site fronts on guy Place and Lansing Street, between First and Second Streets. Two on-street loading spaces are planned; one on Guy Place and one on Lansing Street. The site is within a RC-4 (Residential Commercial Combined, High Density) zoning district, the Rincon Hill Special Use Subdistrict and an 84-X height and bulk district. The project would require variances from the following provisions of the Planning Code: Freight Loading; dwelling unit exposure; and from the Rincon Hill Special Use District; and Conditional Use authorization f",Shelley Bradford Bell; Michael J. Antonini; Kevin Hughes; Sue Lee; William L. Lee,https://sfplanning.s3.amazonaws.com/default/files/meetingarchive/planning_dept/sf-planning.org/index.aspx-page%3D1090.html,21
2002-12-05,regular,index.aspx-page_1091.html,12:30,22:36,20,17,"Gerald Green – Director; Larry Badiner -Zoning Administrator; Jean-Paul Samaha; Pedro Arce; Geoffrey Nelson; Michael Li; Leigh Kienker; Rick Crawford; Dan Sider; Ben Fu; Michael Smith; Jonathan Purvis; Nora Priego – Transcription Secretary; Linda Avery - Commission Secretary A. CONSIDERATION OF ITEMS PROPOSED FOR CONTINUANCE The Planning Commission will consider a request for continuance to a later date. The Planning Commission may choose to continue the item to the date proposed below, to continue the item to another date, or to hear the item on this calendar. 1. 2001.1174E (T. CHAN: (415) 558-5982) 436 CLEMENTINA STREET - Appeal of a Preliminary Negative Declaration: Assessor's Block 3732, Lot 62. The site is part of the major city block bounded by Howard Street to the north, Folsom Street to the south, 5th Street to the east, and 6th Street to the west within the South of Market neighborhood. Clementina and Tehama Streets are minor streets bisecting this city block. The proposed project would demolish the existing one-story, 5,000-square-foot warehouse on this 5,625-square-foot site and construct 28 residential condominium units over approximately 1,250 square feet (sq. ft.) of ground-floor commercial space, and eight off-street parking spaces within a new eight-story structure. The proposed structure would be approximately 37,975 sq. ft. and 85 feet in height, an increase of 32,348 sq. ft. and seven stories in height above the existing structure. The project site is locat",Michael J. Antonini; Rev. Edgar E. Boyd; Shelley Bradford Bell; Lisa Feldstein; Kevin Hughes; Sue Lee; William L. Lee,https://sfplanning.s3.amazonaws.com/default/files/meetingarchive/planning_dept/sf-planning.org/index.aspx-page%3D1091.html,146
2002-12-10,special,index.aspx-page_1092.html,12:30,15:30,3,2,Gerald Green – Director; Larry Badiner -Zoning Administrator; Amit Ghosh; David Alumbagh; Jonas Ionin; Ken Chin; Nora Priego – Transcription Secretary; Linda Avery - Commission Secretary A. COMMISSION MATTERS 1. Commission Questions and Comments Commissioner Antonini: Re: Glen Park Marketplace - He is happy to work with the residents of this neighborhood and is in the process of contacting members of the BART Board to discuss current issues and concerns. Re: Fourth and Freelon – He will respond to the various correspondence he has received on this case. Commissioner William Lee: Re: Cost of Discretionary Reviews - He would like Director Green to provide the average cost of expenses to handle a Discretionary Review case. It is important that the Commission get a sense of how much Discretionary Review cost. Re: Fourth and Freelon - He would like staff to review the latest copy of the ordinance and provide the Commission with information on special use districts. - He would like to have the Health Department come to a Planning Commission hearing to talk about the health affects of radiation from cellular antennas. Commissioner Bradford Bell: - She would also like to have whatever information the staff can provide regarding Fourth and Freelon Streets. - She would like to acknowledge how wonderful and cooperative planning staff has been to bring the Commission up to speed. - She would like to have a representative from the Department of the Environment attend a Planning Commission,Michael J. Antonini; Shelley Bradford Bell; Lisa Feldstein; Kevin Hughes; Sue Lee; William L. Lee,https://sfplanning.s3.amazonaws.com/default/files/meetingarchive/planning_dept/sf-planning.org/index.aspx-page%3D1092.html,8
2002-12-12,regular,index.aspx-page_1093.html,12:30,21:12,25,19,"Gerald G. Green – Planning Director; Larry Badiner – Zoning Administrator; Dan Sider; Carol Roos; Thomas Wang; Michael Li; Kaye Simonson; Glenn Cabreros; Mary Woods; Geoffrey Nelson; Jamilla Vollmann; Jonathan Purvis; Sara Vellve; Patricia Gerber – Transcription Secretary; Linda D. Avery – Commission Secretary A. CONSIDERATION OF ITEMS PROPOSED FOR CONTINUANCE The Commission will consider a request for continuance to a later date. The Commission may choose to continue the item to the date proposed below, to continue the item to another date, or to hear the item on this calendar. 1a. 2002.0313CV (A. LIGHT: (415) 558-6254) 527 GOUGH STREET, west side between Grove and Fulton Streets, Lots 34 and 40, in Assessor's Block 793 -- Request for a Conditional Use authorization to develop a lot that is larger than 9,999 square feet. The proposal would demolish an auto repair garage and construct up to 21 dwelling units, with 4,800 square feet of ground-floor retail and 22 off-street parking spaces, and is also the subject of a concurrent hearing before the Zoning Administrator for a waiver of the rear yard requirement and a Variance from the dwelling unit exposure requirement. The project lies within a NC-3 (Neighborhood Commercial, Moderate Scale) District and within a 50-X Height and Bulk District. Preliminary Recommendation: Approval with conditions (Proposed for Continuance to December 19, 2002) SPEAKER(S): None ACTION: Continued as proposed AYES: Bradford-Bell; Antonini; Boyd; Feld",,https://sfplanning.s3.amazonaws.com/default/files/meetingarchive/planning_dept/sf-planning.org/index.aspx-page%3D1093.html,63
2002-12-17,special,index.aspx-page_1094.html,12:30,17:17,8,5,"Gerald Green – Director; Larry Badiner - Zoning Administrator; Amit Ghosh; David Alumbaugh; John Billovits; Marshall Foster; Ann Marie Rodgers; Ben Fu; Michael Smith; Nora Priego – Transcription Secretary; Linda Avery - Commission Secretary A. CONSIDERATION OF ITEMS PROPOSED FOR CONTINUANCE The Commission will consider a request for continuance to a later date. The Commission may choose to continue the item to the date proposed below, to continue the item to another date, or to hear the item on this calendar. None B . COMMISSION MATTERS 1. Commission questions/comments Commissioner William Lee: 1) There was an item at the Board of Supervisor's hearing yesterday related to the past audit of the Planning Department and a proposal to set up an audit committee. He would like the director to address this issue. Do we really need an audit committee? 2) He would like to have a presentation by the Transportation Authority regarding transportation and funding requests for the next few years. There will be changes in the transportation industry as a result of Prop B. He is requesting this presentation because many of the projects the Commission will be voting on will be impacted by this proposition. Commissioner Antonini: Re: 653 Duncan Street - He has a patient who is one of the Discretionary Review requestors. He has checked with the City Attorney's office regarding this issue and they said that there are two tests to determine conflict: 1) if the fiduciary interest exceeds $500.00 i","Shelley Bradford Bell, Michael J. Antonini; Rev. Edgar E. Boyd, Lisa Feldstein; Kevin Hughes; Sue Lee; William L. Lee",https://sfplanning.s3.amazonaws.com/default/files/meetingarchive/planning_dept/sf-planning.org/index.aspx-page%3D1094.html,36
2002-12-19,regular,index.aspx-page_1096.html,13:30,17:54,26,23,"Gerald Green – Director; Larry Badiner -Zoning Administrator; Geoffrey Nelson; Michael Li; Adam Light; Paul Lord; Mary Woods; Nora Priego – Transcription Secretary; Linda Avery - Commission Secretary A. CONSIDERATION OF ITEMS PROPOSED FOR CONTINUANCE The Commission will consider a request for continuance to a later date. The Commission may choose to continue the item to the date proposed below, to continue the item to another date, or to hear the item on this calendar. 1. 2002.0915EC (J. MILLER: (415) 558-6344) 1635 CALIFORNIA STREET - north side between Polk Street and Van Ness Avenue, Lot 14 in Assessor's Block 646 - Request for authorization to modify a previously authorized Conditional Use (Case No. 2000.527C, Motion No. 16165) and Environmental Evaluation (Case No. 2000.527E). The current request would permit construction of a seven-story building containing 36 dwelling units on six floors over a ground floor with a retail space of up to 5,000 square feet and a below-grade, two-level garage containing 53 off-street parking spaces, on a lot in excess of 10,000 square feet (10.321.5 square feet), after demolition of an automobile storage garage, in the Polk Street Neighborhood Commercial District and a 50-X Height and Bulk District. Preliminary Recommendation: Approval with conditions (Proposed for Continuance to January 16, 2003) SPEAKER(S): None ACTION: Continued to January 16, 2003 AYES: Bradford Bell, Antonini, Boyd, Feldstein, Hughes, S. Lee, W. Lee 2. 2002.0812XCV (D","Shelley Bradford Bell, Michael J. Antonini; Rev. Edgar E. Boyd, Lisa Feldstein; Kevin Hughes; Sue Lee; William L. Lee",https://sfplanning.s3.amazonaws.com/default/files/meetingarchive/planning_dept/sf-planning.org/index.aspx-page%3D1096.html,23
2003-01-09,regular,index.aspx-page_1006.html,13:30,22:29,19,17,"Gerald Green – Director; Larry Badiner -Zoning Administrator; Judy Boyajian – Deputy City Attorney; Jonathan Purvis; Jamilla Vollmann; Dan Sider; Carol Roos; Joan Kugler; Paul Lord; Rick Crawford; Nora Priego – Transcription Secretary; Linda Avery - Commission Secretary A. CONSIDERATION OF ITEMS PROPOSED FOR CONTINUANCE The Commission will consider a request for continuance to a later date. The Commission may choose to continue the item to the date proposed below, to continue the item to another date, or to hear the item on this calendar. 1. 2002.0872CR (B. FU: (415) 558-6613) 505 SHOTWELL STREET - east side of Shotwell Street, between 19th Street and 20th Street, Lot 059, Assessor's Block 3594 - Request for Conditional Use Authorization pursuant to Section 234.2 of the Planning Code to install a wireless telecommunications facility consisting of six (6) panel antennas and related equipment at an existing three-story publicly-used structure (a fire station) as part of AT&T's wireless telecommunications network within a P (Public) Zoning District and a 50-X Height and Bulk Designation. The project would establish a new use on City-owned property and a General Plan Referral is required. A finding of consistency with the General Plan is necessary. Preliminary Recommendation: Approval with conditions (Proposed for Continuance to March 6, 2003) SPEAKER(S): None ACTION: Continued to March 6, 2003 AYES: Bradford Bell, Antonini, Boyd, Feldstein, Hughes, S. Lee, W. Lee 2. 2001.1174E (","Shelley Bradford Bell, Michael J. Antonini; Rev. Edgar E. Boyd, Lisa Feldstein; Kevin Hughes; Sue Lee; William L. Lee",https://sfplanning.s3.amazonaws.com/default/files/meetingarchive/planning_dept/sf-planning.org/index.aspx-page%3D1006.html,177
2003-01-16,regular,index.aspx-page_1007.html,13:34,,19,9,"Gerald G. Green – Director of Planning; Larry Badiner – Zoning Administrator; Paul Lord; Mark Luellen; Ben Helber; Paul Maltzer; Mathew Snyder; Jim Miller; Adam Light; Kate McGee; Patricia Gerber – Transcription Secretary; Linda D. Avery – Commission Secretary A. CONSIDERATION OF ITEMS PROPOSED FOR CONTINUANCE The Commission will consider a request for continuance to a later date. The Commission may choose to continue the item to the date proposed below, to continue the item to another date, or to hear the item on this calendar. 1. 2002.0876D (D. JONES: (415) 558-6477) 67 GRANADA AVENUE - west side, between Grafton and Lake View Avenues, Lot 005 in Block 7016 - Discretionary Review request, for a building permit (No. 2002/04/30/5347) to allow the construction of a two-story, rear horizontal extension to an existing two-story, single-family dwelling. The property is located in the RH-1 (Residential, House, Single-Family) District and a 40-X Height and Bulk District. Preliminary Recommendation: Do not take Discretionary Review and approve the building permit as submitted. (Proposed for Continuance to January 23, 2003) SPEAKER (s): None ACTION: Continued as proposed PRESENT: Antonini; Boyd; Feldstein; Hughes; S. Lee; W. Lee ABSENT: Bradford Bell 2. 2002.0967C (G. NELSON: (415) 558-6257) 2000 VAN NESS AVENUE - northeast corner of Van Ness Avenue and Jackson Street; Lot 005 in Assessor's Block 0595: Request for Conditional Use authorization pursuant to Section 209.6(b) of the Plan",Antonini; Boyd; Feldstein; Hughes; S. Lee; W. Lee,https://sfplanning.s3.amazonaws.com/default/files/meetingarchive/planning_dept/sf-planning.org/index.aspx-page%3D1007.html,103
2003-01-23,regular,index.aspx-page_1008.html,13:30,19:21,29,23,"Gerald Green – Director; Larry Badiner -Zoning Administrator; Deputy City Attorney; Nora Priego – Transcription Secretary; Linda Avery - Commission Secretary A. CONSIDERATION OF ITEMS PROPOSED FOR CONTINUANCE The Commission will consider a request for continuance to a later date. The Commission may choose to continue the item to the date proposed below, to continue the item to another date, or to hear the item on this calendar. 1. 2002.0430C (J. IONIN: (415) 558-6309) 378 10TH AVENUE, A.K.A. 389 9TH AVENUE - northwest corner of 9th Avenue and Geary Boulevard; Lot 035 in Assessor's Block 1441 - Request for Conditional Use authorization pursuant to Section 712.83 of the Planning Code to install a total of six antennas and related equipment on the roof of an existing three-story, 53-foot tall, industrial structure within an NC-3 (Moderate-Scale Neighborhood Commercial) District and a 40-X Height and Bulk District. Per the City & County of San Francisco's Wireless Telecommunications Services (WTS) Facilities Siting Guidelines the proposal is a Preferred Location Preference 1 as it is both a co-location site and an industrial building in an NC-3 District. (Proposed for Continuance to February 6, 2003) SPEAKER(S): Re: Request for continuance to 2/27/03. Bill Stephens – AT&T Wireless Services - They have had two community meetings that he wants the Commission to be aware of. - He agrees to the further request for continuance. ACTION: Continued to February 27, 2003 AYES: Antonini, Br","Shelley Bradford Bell, Michael J. Antonini; Rev. Edgar E. Boyd, Lisa Feldstein; Kevin Hughes; Sue Lee; William L. Lee",https://sfplanning.s3.amazonaws.com/default/files/meetingarchive/planning_dept/sf-planning.org/index.aspx-page%3D1008.html,82
2003-02-06,regular,index.aspx-page_1009.html,13:30,19:16,33,30,"Gerald Green – Director; Larry Badiner -Zoning Administrator; Susan Cleveland-Knowles, Deputy City Attorney; Daniel Sirois; Jeffrey Tully; Adam Light; Daniel Sider; Jonathan Purvis; Tina Tam; Geoffrey Nelson; Jamilla Vollmann; Michael Li; Kay Simonson; Michael Smith; Glenn Cabreros; Winslow Hastie; Nora Priego – Transcription Secretary; Linda Avery - Commission Secretary A. CONSIDERATION OF ITEMS PROPOSED FOR CONTINUANCE The Commission will consider a request for continuance to a later date. The Commission may choose to continue the item to the date proposed below, to continue the item to another date, or to hear the item on this calendar. 1. 2002.1101D (D. SIROIS: (415) 558-6313) 408 FAIR OAKS - east side of Fair Oaks, between 25th & 26th Streets, Lot 038, Assessor's Block 6533 - Mandatory Discretionary Review, under the Planning Commission's policy requiring review of housing demolition, of Demolition Permit Application 2002.1001.7854 seeking to merge two dwelling units in a four unit building located in an RH-3 (Residential House, Three-Family) District and in a 40-X Height and Bulk District. Preliminary Recommendation: Do not take Discretionary Review and Approve Project. (Proposed for Continuance to: March 13, 2003) SPEAKER(S): None ACTION: Continued to March 13, 2003 AYES: Antonini, Bradford Bell, Boyd, Hughes ABSENT: Lisa Feldstein, S. Lee, W. Lee 2. 2002.1169T (P. LORD: (415) 558-6311) CONDITIONAL USE EXEMPTION FOR RESIDENTIAL PROJECTS OVER 40 FEET IN HEIGHT - Conside","Shelley Bradford Bell, Michael J. Antonini; Rev. Edgar E. Boyd, Kevin Hughes",https://sfplanning.s3.amazonaws.com/default/files/meetingarchive/planning_dept/sf-planning.org/index.aspx-page%3D1009.html,86
2003-02-13,regular,index.aspx-page_1010.html,13:30,22:23,21,20,"Gerald Green – Director; Larry Badiner -Zoning Administrator; Susan Cleveland-Knowles, Deputy City Attorney; Costolino Hogan; Diane Lim; Tammy Chan; Ben Fu; Glenn Cabreros; Tina Tam; Dario Jones; Matt Snyder; Sara Vellve; Dan Sider; Nora Priego – Transcription Secretary; Linda Avery - Commission Secretary A. CONSIDERATION OF ITEMS PROPOSED FOR CONTINUANCE The Commission will consider a request for continuance to a later date. The Commission may choose to continue the item to the date proposed below, to continue the item to another date, or to hear the item on this calendar. 1. 2002.1258E (T. CHAN: (415) 558-5982) STONESTOWN VILLAGE PROJECT - 3251 20TH AVENUE - Public Hearing on Draft Environmental Impact Report: The project site is located on the south side of Eucalyptus Drive, immediately west and northwest of the Stonestown Galleria shopping center. The proposal includes a mixed-use development comprising approximately 366,800 gross square feet (gsf) on approximately 13.7 acres primarily used as surface parking for the shopping center. The proposed development includes both residential and neighborhood-serving retail components. The residential component includes three five-story, 50-foot-tall apartment buildings, approximately 96,250 gsf, 71,400 gsf, and 62,350 gsf, respectively, with 202 subsurface parking spaces; and a two- to three-story, approximately 30-foot-tall senior care facility, totaling approximately 70,300 gsf, with 17 parking spaces. The proposed retail compo","Shelley Bradford Bell, Michael J. Antonini; Rev. Edgar E. Boyd, Lisa Feldstein, Kevin Hughes, Sue Lee, William L. Lee",https://sfplanning.s3.amazonaws.com/default/files/meetingarchive/planning_dept/sf-planning.org/index.aspx-page%3D1010.html,75
2003-02-20,regular,index.aspx-page_1011.html,13:30,23:06,23,20,"Gerald Green - Director; Larry Badiner -Zoning Administrator; Judy Boyajian, Deputy City Attorney; Ben Helber; Matt Snyder; Jonathan Purvis, Nora Priego - Transcription Secretary; Jonas Ionin - Acting Commission Secretary","Shelley Bradford Bell, Michael J. Antonini; Rev. Edgar E. Boyd,",https://sfplanning.s3.amazonaws.com/default/files/meetingarchive/planning_dept/sf-planning.org/index.aspx-page%3D1011.html,230
2003-02-27,regular,index.aspx-page_1024.html,13:30,,25,19,"Gerald Green - Director; Larry Badiner -Zoning Administrator; Judy Boyajian, Deputy City Attorney; Dan Sider; Jamilla Vollmann; Mary Woods; Matt Snyder; Dan DiBartolo; Michael Li; Michael Smith; Tom Wang; Dan Sirois, Tammy Chan, Nora Priego - Transcription Secretary; Linda Avery - Commission Secretary","Shelley Bradford Bell, Michael J. Antonini; Rev. Edgar E. Boyd,",https://sfplanning.s3.amazonaws.com/default/files/meetingarchive/planning_dept/sf-planning.org/index.aspx-page%3D1024.html,83
2003-03-03,special,index.aspx-page_1019.html,16:00,,2,1,Gerald G. Green - Planning Director; Larry Badiner - Zoning Administrator; Amit Ghosh; Miriam Chion; Nora Priego and Patricia Gerber - Transcription Secretaries; Linda D. Avery - Commission Secretary,Antonini; Boyd; Feldstein; Hughes; Lee,https://sfplanning.s3.amazonaws.com/default/files/meetingarchive/planning_dept/sf-planning.org/index.aspx-page%3D1019.html,7
2003-03-06,regular,index.aspx-page_1012.html,13:30,17:56,26,18,"Gerald Green - Director; Larry Badiner -Zoning Administrator; Judy Boyajian, Deputy City Attorney; David Alumbaugh; Ken Rich; Kate McGee; Jamilla Vollmann; Geoffrey Nelson; Dan Sider; Ben Fu; Nora Priego - Transcription Secretary; Linda Avery - Commission Secretary","Michael J. Antonini; Rev. Edgar E. Boyd, Lisa Feldstein,",https://sfplanning.s3.amazonaws.com/default/files/meetingarchive/planning_dept/sf-planning.org/index.aspx-page%3D1012.html,21
2003-03-13,regular,index.aspx-page_1021.html,13:30,,33,25,Gerald G. Green - Director of Planning; Larry Badiner - Zoning Administrator; Dan Sider; Jonas Ionin; Charles Rivasplata; Glen Cabreros;,Bradford Bell; Antonini; Feldstein; Hughes; S. Lee; W. Lee,https://sfplanning.s3.amazonaws.com/default/files/meetingarchive/planning_dept/sf-planning.org/index.aspx-page%3D1021.html,116
2003-03-20,regular,index.aspx-page_1014.html,13:30,21:00,31,23,"Gerald Green - Director; Larry Badiner -Zoning Administrator; Judy Boyajian, Deputy City Attorney; Dan Sider; Sara Vellve; David Alumbaugh, John Billovits; Michael Li; Adam Light; Dan Sirois; Kelley Amdur; Carol Roos; Glen Cabreros; Rick Crawford; Ben Fu; Tom Wang; Nora Priego - Transcription Secretary; Linda Avery - Commission Secretary","Shelley Bradford Bell, Michael J. Antonini; Rev. Edgar E. Boyd,",https://sfplanning.s3.amazonaws.com/default/files/meetingarchive/planning_dept/sf-planning.org/index.aspx-page%3D1014.html,53
2003-03-27,regular,index.aspx-page_1013.html,13:30,,33,23,"Gerald Green - Director; Larry Badiner -Zoning Administrator; Judy Boyajian, Deputy City Attorney; Dan Sider; Sara Vellve; David Alumbaugh, John Billovits; Michael Li; Adam Light; Dan Sirois; Kelley Amdur; Carol Roos; Glen Cabreros; Rick Crawford; Ben Fu; Tom Wang; Nora Priego - Transcription Secretary; Linda Avery - Commission Secretary","Shelley Bradford Bell, Michael J. Antonini; Lisa Feldstein,",https://sfplanning.s3.amazonaws.com/default/files/meetingarchive/planning_dept/sf-planning.org/index.aspx-page%3D1013.html,56
2003-04-03,regular,index.aspx-page_1017.html,13:30,20:00,34,27,"Gerald Green - Director; Larry Badiner -Zoning Administrator; Jonas Ionin, Michael Li, Dominick Argumedo, Dan Sider, Geoffrey Nelson, Matt Snyder, Adam Light, Elane Tope, Jeffrey Tully, Glen Cabreros, Judy Boyajian, Deputy City Attorney; Nora Priego - Transcription Secretary; Linda Avery - Commission Secretary","Shelley Bradford Bell, Michael J. Antonini; Rev. Edgar E. Boyd,",https://sfplanning.s3.amazonaws.com/default/files/meetingarchive/planning_dept/sf-planning.org/index.aspx-page%3D1017.html,50
2003-04-10,regular,index.aspx-page_1018.html,13:30,19:18,23,20,"Gerald Green - Director; Larry Badiner -Zoning Administrator; Susan Cleveland-Knowles, Deputy City Attorney; Carol Roos; Adam Light; Jonas Ionin; Matt Snyder; Kay Simonson; Geoffrey Nelson; Nora Priego - Transcription Secretary; Linda Avery - Commission Secretary","Shelley Bradford Bell, Michael J. Antonini; Rev. Edgar E. Boyd,",https://sfplanning.s3.amazonaws.com/default/files/meetingarchive/planning_dept/sf-planning.org/index.aspx-page%3D1018.html,27
2003-04-24,regular,index.aspx-page_1020.html,13:30,21:30,30,25,"Gerald Green - Director; Larry Badiner -Zoning Administrator; Judith Boyajian, Deputy City Attorney; Dan Sirois; Geoffrey Nelson; Joy Navarrete; Jonas Ionin; Joan Kugler; Paul Lord; Matt Snyder; Ben Fu; Mary Woods; Nora Priego - Transcription Secretary; Linda Avery - Commission Secretary","Shelley Bradford Bell, Michael J. Antonini; Rev. Edgar E. Boyd,",https://sfplanning.s3.amazonaws.com/default/files/meetingarchive/planning_dept/sf-planning.org/index.aspx-page%3D1020.html,137
2003-05-01,regular,index.aspx-page_1023.html,13:30,23:00,24,20,"Gerald Green - Director; Larry Badiner -Zoning Administrator; Susan Cleveland-Knowles, Deputy City Attorney; John Paul Samaha; Paul Maltzer; Jonas Ionin; Matt Snyder; Mary Woods; Randall Dean; Adam Light; Sara Vellve; Tina Tam; Dan Dibartolo; Geoffrey Nelson; Dario Jones; Matt Snyder; Nora Priego - Transcription Secretary; Linda Avery - Commission Secretary","Shelley Bradford Bell, Michael J. Antonini; Rev. Edgar E. Boyd,",https://sfplanning.s3.amazonaws.com/default/files/meetingarchive/planning_dept/sf-planning.org/index.aspx-page%3D1023.html,174
2003-05-08,regular,index.aspx-page_1025.html,13:30,,26,7,Gerald G. Green - Director of Planning; Larry Badiner - Zoning Administrator; Adam Light; Isolde Wilson; Craig Nikitas; Dario Jones; Mathew Snyder; Kate McGee; Mary Woods; Rick Crawford; Linda D. Avery - Commission Secretary,Bradford Bell; Antonini; Boyd; FeldsteinS. Lee; W. Lee,https://sfplanning.s3.amazonaws.com/default/files/meetingarchive/planning_dept/sf-planning.org/index.aspx-page%3D1025.html,39
2003-05-15,regular,index.aspx-page_1022.html,13:30,21:37,31,24,"Gerald Green - Director; Larry Badiner -Zoning Administrator; Judy Boyajian, Deputy City Attorney; John Paul Samaha; Matt Snyder; Jasper Rubin; Elaine Tope; Kate McGee; Ben Fu; Geoffrey Nelson; Glen Cabreros; Dan Sider; Nora Priego - Transcription Secretary; Linda Avery - Commission Secretary","Shelley Bradford Bell, Michael J. Antonini; Rev. Edgar E. Boyd,",https://sfplanning.s3.amazonaws.com/default/files/meetingarchive/planning_dept/sf-planning.org/index.aspx-page%3D1022.html,68
2003-05-22,regular,index.aspx-page_1026.html,13:30,22:20,38,29,"Gerald Green - Director; Larry Badiner -Zoning Administrator; Susan Cleveland-Knowles, Deputy City Attorney; John Paul Samaha; Amit Ghosh; Neil Hart; Max Putra-Tan; Joan Kugler; Leigh Kienker; Rick Crawford; Kelley Amdur; Sara Vellve; Jonathan Purvis; Matt Snyder; Michael Smith; Joy Navarrete; Mark Luellen; Glen Cabreros; Kate McGee; Mary Woods; Geoffrey Nelson; Kay Simonson; Nora Priego - Transcription Secretary; Linda Avery - Commission Secretary","Shelley Bradford Bell, Michael J. Antonini; Lisa Feldstein, Kevin Hughes, Sue Lee, William L. Lee",https://sfplanning.s3.amazonaws.com/default/files/meetingarchive/planning_dept/sf-planning.org/index.aspx-page%3D1026.html,149
2003-06-05,regular,index.aspx-page_1027.html,13:30,21:55,17,14,"Gerald Green - Director; Larry Badiner -Zoning Administrator; Judy Boyajian, Deputy City Attorney; John Paul Samaha; Costolino Hogan; Diane Lim, Yvonne Ko, Jamilla Vollman; Paul Lord; Teresa Ojeda; Daniel Sider; Tina Tam; Ben Fu; Nora Priego - Transcription Secretary; Linda Avery - Commission Secretary","Shelley Bradford Bell, Edgar E. Boyd, Michael J. Antonini; Lisa Feldstein, Sue Lee, William L. Lee",https://sfplanning.s3.amazonaws.com/default/files/meetingarchive/planning_dept/sf-planning.org/index.aspx-page%3D1027.html,215
2003-06-12,regular,index.aspx-page_1032.html,13:30,22:00,31,25,"Gerald Green - Director; Larry Badiner -Zoning Administrator; Susan Cleveland-Knowles, Deputy City Attorney; John Paul Samaha; Amit Ghosh; Teresa Ojeda; Geoffrey Nelson; Marion Chion; Rana Ahmadi; Adam Light; Dan Sider; Jonathan Purvis; Michael Smith; Mary Woods; Ben Fu; Glen Cabreros; Kate McGEe; Dan Dibartolo; Nora Priego - Transcription Secretary; Linda Avery - Commission Secretary","Shelley Bradford Bell, Edgar E. Boyd, Michael J. Antonini; Lisa Feldstein, Sue Lee, William L. Lee",https://sfplanning.s3.amazonaws.com/default/files/meetingarchive/planning_dept/sf-planning.org/index.aspx-page%3D1032.html,83
2003-06-19,regular,index.aspx-page_1033.html,13:30,22:00,40,33,Gerald Green - Director; Larry Badiner -Zoning Administrator; Susan Cleveland-Knowles - Deputy City Attorney; John Paul Samaha; Craig Nikitas; Dario Jones; Adam Light; Dan Sider; Ben Fu; Kate McGee; Tina Tam; Kay Simonson; Michael Smith; Mary Woods; Nora Priego - Transcription Secretary; Linda Avery - Commission Secretary,"Shelley Bradford Bell, Michael J. Antonini, Edgar E. Boyd, Lisa Feldstein, Kevin Hughes, Sue Lee",https://sfplanning.s3.amazonaws.com/default/files/meetingarchive/planning_dept/sf-planning.org/index.aspx-page%3D1033.html,129
2003-06-26,regular,index.aspx-page_1036.html,13:30,22:47,48,17,"Gerald Green - Director; Larry Badiner -Zoning Administrator; Judy Boyajian, Deputy City Attorney; John Paul Samaha; Jonathan Purvis; Rana Ahmadi; Ben Helber; Matt Snyder; Kelley Amdur; Adam Light; Rick Crawford; Glen Cabreros; Mary Woods; Dan Dibartolo; Dan Sider; Michael Smith; Michael Li; Kate McGee; Patricia Gerber - Transcription Secretary; Linda Avery - Commission Secretary","Michael J. Antonini, Edgar E. Boyd, Kevin Hughes, Sue Lee",https://sfplanning.s3.amazonaws.com/default/files/meetingarchive/planning_dept/sf-planning.org/index.aspx-page%3D1036.html,79
2003-06-26,special,index.aspx-page_1035.html,12:30,14:45,2,2,"Gerald Green - Director; Larry Badiner -Zoning Administrator; Judy Boyajian, Deputy City Attorney; Stephen Shotland, Nora Priego - Transcription Secretary; Linda Avery - Commission Secretary","Michael J. Antonini, Rev. Edgar E. Boyd; Kevin Hughes; Sue Lee",https://sfplanning.s3.amazonaws.com/default/files/meetingarchive/planning_dept/sf-planning.org/index.aspx-page%3D1035.html,79
2003-07-10,regular,index.aspx-page_1028.html,13:30,23:44,35,28,"Gerald Green - Director; Larry Badiner -Zoning Administrator; Judy Boyajian, Deputy City Attorney; John Paul Samaha; Jonathan Purvis; Rana Ahmadi; Ben Helber; Matt Snyder; Kelley Amdur; Adam Light; Rick Crawford; Glen Cabreros; Mary Woods; Dan Dibartolo; Dan Sider; Michael Smith; Michael Li; Kate McGee; Nora Priego - Transcription Secretary; Linda Avery - Commission Secretary","Michael J. Antonini, Shelley Bradford Bell, Edgar E. Boyd, Lisa Feldstein, Kevin Hughes, Sue Lee, William L. Lee",https://sfplanning.s3.amazonaws.com/default/files/meetingarchive/planning_dept/sf-planning.org/index.aspx-page%3D1028.html,186
2003-07-17,regular,index.aspx-page_1029.html,13:30,23:16,28,22,"Gerald Green - Director; Larry Badiner -Zoning Administrator; Susan Cleveland-Knowles, Deputy City Attorney; Amit Ghosh; David Alumbaugh; Joy Navarrete; Jim Miller, Mat Snyder; Jonas Ionin; Geoffrey Nelson; Mary Woods; Glenn Cabreros; Kate McGee; Rick Crawford; Nora Priego - Transcription Secretary; Linda Avery - Commission Secretary","Michael J. Antonini, Shelley Bradford Bell, Edgar E. Boyd, Kevin Hughes, Lisa Feldstein, Sue Lee, William L. Lee",https://sfplanning.s3.amazonaws.com/default/files/meetingarchive/planning_dept/sf-planning.org/index.aspx-page%3D1029.html,125
2003-07-21,regular,index.aspx-page_1030.html,15:00,20:48,4,2,Gerald Green - Director; Larry Badiner - Zoning Administrator; Susan Cleveland-Knowles - Deputy City Attorney; Amit Ghosh; David Alumbagh; Teresa Ojeda; Nora Priego - Transcription Secretary; Linda Avery - Commission Secretary,"Michael J. Antonini, Shelley Bradford Bell, Kevin Hughes, Lisa Feldstein, William L. Lee",https://sfplanning.s3.amazonaws.com/default/files/meetingarchive/planning_dept/sf-planning.org/index.aspx-page%3D1030.html,404
2003-07-24,regular,index.aspx-page_1031.html,13:30,23:28,29,23,"Gerald Green - Director; Larry Badiner -Zoning Administrator; Susan Cleveland-Knowles, Deputy City Attorney; Sara Vellve; Elaine Tope; Glenn Cabreros; Mary Woods; Joy Navarrete; Ben Helber; Matt Snyder; Michael Smith; Geoffrey Nelson; Nora Priego - Transcription Secretary; Linda Avery - Commission Secretary","Michael J. Antonini, Shelley Bradford Bell, Edgar E. Boyd, Kevin Hughes, Lisa Feldstein, Sue Lee, William L. Lee",https://sfplanning.s3.amazonaws.com/default/files/meetingarchive/planning_dept/sf-planning.org/index.aspx-page%3D1031.html,190
2003-07-31,special,index.aspx-page_1034.html,13:30,23:05,23,18,Gerald Green - Director; Larry Badiner -Zoning Administrator; Judy Boyajian - Deputy City Attorney; Kay Simonson; Geoffrey Nelson; Ben Fu; Tom Wang; Tina Tam; Dario Jones; Carol Roos; Adam Light; David Alumbaugh; Matt Snyder; Mark Luellen; Nora Priego - Transcription Secretary; Linda Avery - Commission Secretary,"Michael J. Antonini, Edgar E. Boyd, Kevin Hughes, Lisa Feldstein,",https://sfplanning.s3.amazonaws.com/default/files/meetingarchive/planning_dept/sf-planning.org/index.aspx-page%3D1034.html,141
2003-08-21,regular,index.aspx-page_1039.html,13:30,19:40,29,22,Larry Badiner -Acting Director/Zoning Administrator; Susan Cleveland-Knowles - Deputy City Attorney; Joan Kugler; Paul Lord; Craig Nikitas; Dan Sirois; Tom Wang; Michael Smith; Rick Crawford; Nora Priego - Transcription Secretary; Linda Avery - Commission Secretary,"Shelley Bradford Bell, Edgar E. Boyd, Michael J. Antonini, William L. Lee",https://sfplanning.s3.amazonaws.com/default/files/meetingarchive/planning_dept/sf-planning.org/index.aspx-page%3D1039.html,102
2003-08-28,regular,index.aspx-page_1037.html,13:30,18:12,18,13,Larry Badiner - Acting Director; Jim Nixon - Acting Zoning Administrator; Susan Cleveland-Knowles - Deputy City Attorney; Matt Snyder; Michael Smith; Tina Tam; Jonathan Purvis; Dan Dibartolo; Dan Sirois; Jonas Ionin - Acting Commission Secretary (until 3:30 p.m.); Linda Avery - Commission Secretary,"Michael J. Antonini, Shelley Bradford Bell, Edgar E. Boyd, Kevin Hughes, William L. Lee",https://sfplanning.s3.amazonaws.com/default/files/meetingarchive/planning_dept/sf-planning.org/index.aspx-page%3D1037.html,27
2003-09-04,regular,index.aspx-page_1038.html,13:30,20:56,26,21,Larry Badiner - Acting Director; Jim Nixon - Acting Zoning Administrator; Elaine Warren - Deputy City Attorney; Ben Helber; Matt Snyder; Rick Crawford; Geoffrey Nelson; Glenn Cabreros; Michael Smith; Ben Fu; Kate McGee; Michael Lee; Paul Maltzer; Joan Kugler; Nora Priego - Transcription Secretary; Linda Avery - Commission Secretary,"Michael J. Antonini, Shelley Bradford Bell, Edgar E. Boyd, Lisa Feldstein, Kevin Hughes, Sue Lee William L. Lee",https://sfplanning.s3.amazonaws.com/default/files/meetingarchive/planning_dept/sf-planning.org/index.aspx-page%3D1038.html,35
2003-09-11,regular,index.aspx-page_1040.html,13:30,19:38,21,15,Larry Badiner - Acting Director; Jim Nixon - Acting Zoning Administrator; Elaine Warren - Deputy City Attorney; Ben Helber; Matt Snyder; Rick Crawford; Geoffrey Nelson; Glenn Cabreros; Michael Smith; Ben Fu; Kate McGee; Michael Lee; Paul Maltzer; Joan Kugler; Linda Avery - Commission Secretary,"Michael J. Antonini, Shelley Bradford Bell, Edgar E. Boyd, Kevin Hughes, Sue Lee, William L. Lee",https://sfplanning.s3.amazonaws.com/default/files/meetingarchive/planning_dept/sf-planning.org/index.aspx-page%3D1040.html,94
2003-09-16,special,index.aspx-page_1041.html,12:30,13:28,3,2,Larry Badiner - Acting Director of Planning; Jim Nixon - Acting Zoning Administrator; Amit Ghosh; Bill Wacko; Judy Boyajian -- Deputy City Attorney; Patricia Gerber - Executive Secretary; Nora Priego - Transcription Secretary; Linda Avery - Commission Secretary,"Michael J. Antonini, Shelley Bradford Bell; Lisa Feldstein; Kevin Hughes; Sue Lee; William L. Lee",https://sfplanning.s3.amazonaws.com/default/files/meetingarchive/planning_dept/sf-planning.org/index.aspx-page%3D1041.html,0
2003-09-18,regular,index.aspx-page_1042.html,13:30,19:50,22,16,Larry Badiner - Acting Director of Planning; Jim Nixon - Acting Zoning Administrator; Judy Boyajian - Deputy City Attorney; Amit Ghosh; Delvin Washington; Craig Nikitas; Kelley Amdur; Adam Light; Matt Snyder; Rick Crawford; Dan Sirois; Jim Miller; Patricia Gerber; Nora Priego - Transcription Secretary; Linda Avery - Commission Secretary,"Michael J. Antonini, Shelley Bradford Bell, Lisa Feldstein, Kevin Hughes, Sue Lee William L. Lee",https://sfplanning.s3.amazonaws.com/default/files/meetingarchive/planning_dept/sf-planning.org/index.aspx-page%3D1042.html,66
2003-09-25,regular,index.aspx-page_1043.html,13:30,,21,15,Larry Badiner - Acting Director of Planning; Jim Nixon - Acting Zoning Administrator; Judy Boyajian - Deputy City Attorney; Jonathan Purvis; Paul Lord; Ben Fu; Geoffrey Nelson; Elaine Tope; Rick Crawford; Glenn Cabreros; Nora Priego - Transcription Secretary; Linda Avery - Commission Secretary,"Michael J. Antonini, Shelley Bradford Bell, Lisa Feldstein, Kevin Hughes, Sue Lee William L. Lee",https://sfplanning.s3.amazonaws.com/default/files/meetingarchive/planning_dept/sf-planning.org/index.aspx-page%3D1043.html,109
2003-10-02,regular,index.aspx-page_1045.html,14:30,18:50,25,19,"Larry Badiner - Acting Director of Planning; Jim Nixon - Acting Zoning Administrator; Judy Boyajian - Deputy City Attorney; Miriam Chion, Teresa Ojeda, Nora Priego - Transcription Secretary; Linda Avery - Commission Secretary","Michael J. Antonini, Shelley Bradford Bell, Edgar E. Boyd, Lisa Feldstein, Kevin Hughes, Sue Lee William L. Lee William L. Lee",https://sfplanning.s3.amazonaws.com/default/files/meetingarchive/planning_dept/sf-planning.org/index.aspx-page%3D1045.html,34
2003-10-02,special,index.aspx-page_1044.html,12:30,13:15,2,2,"Larry Badiner - Acting Director of Planning; Kate Stacey -- Deputy City Attorney; Ann Marie Conroy - Treasure Island Development Authority; Steven Crown - Deputy Director, Treasure Island Development Authority; Rick Cooper, Patricia Gerber - Executive Secretary; Nora Priego - Transcription Secretary; Linda Avery - Commission Secretary","Michael J. Antonini, Shelley Bradford Bell; Edgar E. Boyd, Lisa Feldstein; Kevin Hughes; Sue Lee; William L. Lee",https://sfplanning.s3.amazonaws.com/default/files/meetingarchive/planning_dept/sf-planning.org/index.aspx-page%3D1044.html,34
2003-10-09,regular,index.aspx-page_1054.html,13:30,22:33,8,3,Larry Badiner - Acting Director of Planning/Acting Zoning Administrator; Judy Boyajian - Deputy City Attorney; Jonas Ionin; Amit Ghosh; Teresa Ojeda; Nora Priego - Transcription Secretary; Linda Avery - Commission Secretary,"Michael J. Antonini, Shelley Bradford Bell, Edgar E. Boyd, Lisa Feldstein, Kevin Hughes, Sue Lee William L. Lee William L. Lee",https://sfplanning.s3.amazonaws.com/default/files/meetingarchive/planning_dept/sf-planning.org/index.aspx-page%3D1054.html,151
2003-10-16,regular,index.aspx-page_1046.html,13:00,,23,17,"Gerald Green - Director of Planning; Larry Badiner - Acting Director of Planning; Jim Nixon - Acting Zoning Administrator; Judy Boyajian - Deputy City Attorney; Amit Ghosh; Paul Maltzer; Miriam Chion; Rachna; Susan Exline, Nora Priego - Transcription Secretary; Linda Avery - Commission Secretary","Michael J. Antonini, Shelley Bradford Bell, Lisa Feldstein, Kevin Hughes, Sue Lee, William L. Lee",https://sfplanning.s3.amazonaws.com/default/files/meetingarchive/planning_dept/sf-planning.org/index.aspx-page%3D1046.html,77
2003-10-23,regular,index.aspx-page_1047.html,13:00,17:45,22,17,"Larry Badiner - Acting Director of Planning; Jim Nixon - Acting Zoning Administrator; Judy Boyajian - Deputy City Attorney; Craig Nikitas, Michael Li, Stella Esver, Jonathan Purvis, Sara Vellve, Isolde Wilson; Max Putra, Nora Priego - Transcription Secretary; Linda Avery - Commission Secretary","Michael J. Antonini, Lisa Feldstein, Kevin Hughes, Sue Lee, William L. Lee",https://sfplanning.s3.amazonaws.com/default/files/meetingarchive/planning_dept/sf-planning.org/index.aspx-page%3D1047.html,39
2003-11-06,regular,index.aspx-page_1048.html,13:30,20:26,28,21,Larry Badiner - Acting Director of Planning; Jim Nixon - Acting Zoning Administrator; Rick Crawford; Mary Woods; Glenn Cabreros; Michael Li; Michael Li; Craig Nikitas; Nora Priego - Transcription Secretary; Linda Avery - Commission Secretary,"Michael J. Antonini, Lisa Feldstein, Kevin Hughes, Sue Lee",https://sfplanning.s3.amazonaws.com/default/files/meetingarchive/planning_dept/sf-planning.org/index.aspx-page%3D1048.html,87
2003-11-13,regular,index.aspx-page_1049.html,13:30,20:25,32,22,Larry Badiner - Acting Director of Planning; Jim Nixon - Acting Zoning Administrator; Nora Priego - Transcription Secretary; Jonas Ionin - Acting Commission Secretary,"Michael J. Antonini, Shelley Bradford Bell, Edgar E. Boyd, Lisa Feldstein, Kevin Hughes, Sue Lee",https://sfplanning.s3.amazonaws.com/default/files/meetingarchive/planning_dept/sf-planning.org/index.aspx-page%3D1049.html,147
2003-11-20,regular,index.aspx-page_1050.html,13:30,21:03,33,24,"Larry Badiner - Acting Director of Planning; Jim Nixon - Acting Zoning Administrator; Diane Lim, Costolino Hogan, Geoffrey Nelson, Tom Wang, Paul Lord, Dario Jones, Nora Priego - Transcription Secretary; Linda Avery - Commission Secretary","Michael J. Antonini, Shelley Bradford Bell, Edgar E. Boyd, Lisa Feldstein, Kevin Hughes, Sue Lee, William L. Lee",https://sfplanning.s3.amazonaws.com/default/files/meetingarchive/planning_dept/sf-planning.org/index.aspx-page%3D1050.html,104
2003-12-04,regular,index.aspx-page_1051.html,13:30,21:56,28,20,Larry Badiner - Acting Director of Planning; Jim Nixon - Acting Zoning Administrator; Amit Ghosh; David Alumbaugh; Steven Shotland; Marshall Foster; Joshua Switzky; Jim Miller; Max Putra; Mary Woods; Glen Cabreros; Geoffrey Nelson; Nora Priego - Transcription Secretary; Linda Avery -- Commission Secretary,"Michael J. Antonini, Shelley Bradford Bell, Lisa Feldstein, Kevin Hughes, Sue Lee, William L. Lee",https://sfplanning.s3.amazonaws.com/default/files/meetingarchive/planning_dept/sf-planning.org/index.aspx-page%3D1051.html,64
2003-12-11,regular,index.aspx-page_1052.html,13:30,19:08,27,21,Larry Badiner - Acting Director of Planning; Jim Nixon - Acting Zoning Administrator; Sara Vellve; Kate McGee; Elaine Tope; Dan DiBartolo; Glen Cabreros; Jonathan Purvis; Kelley Amdur; Craig Nikitas; Linda Avery - Commission Secretary,"Michael J. Antonini, Shelley Bradford Bell, Edgar E. Boyd, Lisa Feldstein, Kevin Hughes, Sue Lee, William L. Lee",https://sfplanning.s3.amazonaws.com/default/files/meetingarchive/planning_dept/sf-planning.org/index.aspx-page%3D1052.html,67
2003-12-18,regular,index.aspx-page_1053.html,13:30,21:40,29,21,Larry Badiner - Acting Director of Planning; Jim Nixon - Acting Zoning Administrator; Michael Smith; Michael Li; Mary Woods; Glenn Cabreros; Jonathan Purvis; Nora Priego - Transcription Secretary; Linda Avery - Commission Secretary,"Michael J. Antonini, Shelley Bradford Bell, Edgar E. Boyd, Lisa Feldstein, Kevin Hughes, Sue Lee, William L. Lee",https://sfplanning.s3.amazonaws.com/default/files/meetingarchive/planning_dept/sf-planning.org/index.aspx-page%3D1053.html,42
2004-01-08,regular,index.aspx-page_1142.html,15:30,23:01,24,20,Larry Badiner - Acting Director of Planning; Jim Nixon - Acting Zoning Administrator; Rick Crawford; Isolde Wilson; Dan Sirois; Ben Fu; Paul Lord; Nora Priego - Transcription Secretary; Linda Avery - Commission Secretary,"Michael J. Antonini, Shelley Bradford Bell, Edgar E. Boyd, Lisa Feldstein, Kevin Hughes, Sue Lee, William L. Lee",https://sfplanning.s3.amazonaws.com/default/files/meetingarchive/planning_dept/sf-planning.org/index.aspx-page%3D1142.html,100
2004-01-15,regular,index.aspx-page_1141.html,13:30,23:01,25,19,Larry Badiner - Acting Director of Planning; Craig Nikitas - Acting Zoning Administrator; Jean-Paul Samaha; Glenn Cabreros; Rick Crawford; Jonathan Purvis; Kate McGee; Geoffrey Nelson; Nora Priego - Transcription Secretary; Linda Avery - Commission Secretary,"Michael J. Antonini, Shelley Bradford Bell, Edgar E. Boyd, Lisa Feldstein, Kevin Hughes, Sue Lee, William L. Lee",https://sfplanning.s3.amazonaws.com/default/files/meetingarchive/planning_dept/sf-planning.org/index.aspx-page%3D1141.html,84
2004-01-22,regular,index.aspx-page_1143.html,13:30,22:05,53,37,Larry Badiner - Acting Director of Planning; Craig Nikitas - Acting Zoning Administrator; Jean-Paul Samaha; Glenn Cabreros; Rick Crawford; Jonathan Purvis; Kate McGee; Geoffrey Nelson; Nora Priego - Transcription Secretary; Linda Avery - Commission Secretary,"Michael J. Antonini, Shelley Bradford Bell, Edgar E. Boyd, Lisa Feldstein, Kevin Hughes, Sue Lee, William L. Lee",https://sfplanning.s3.amazonaws.com/default/files/meetingarchive/planning_dept/sf-planning.org/index.aspx-page%3D1143.html,96
2004-02-05,regular,index.aspx-page_1144.html,13:30,22:09,25,20,Larry Badiner - Acting Director of Planning; Craig Nikitas - Acting Zoning Administrator; Paul Maltzer; Matt Snyder; Kate McGee; Jim Miller; Joan Kugler; Nonnie Turrell; Michael Li; Jonas Ionin; Diane Lim; Costolino Hogan; Nora Priego - Transcription Secretary; Linda Avery - Commission Secretary,"Michael J. Antonini, Shelley Bradford Bell, Lisa Feldstein, Kevin Hughes, Sue Lee, William L. Lee",https://sfplanning.s3.amazonaws.com/default/files/meetingarchive/planning_dept/sf-planning.org/index.aspx-page%3D1144.html,211
2004-02-12,regular,index.aspx-page_1147.html,13:30,22:56,27,20,Larry Badiner - Acting Director of Planning; Craig Nikitas - Acting Zoning Administrator; Paul Maltzer; Amit Ghosh; Neil Hart; Mike Burkowitz; Larry McDonald; Diane Lim; Costolino Hogan; Rick Crawford; Glenn Cabreros; Isolde Wilson; Ben Fu; Dan DiBartolo; Lois Scott; Nora Priego - Transcription Secretary; Linda Avery - Commission Secretary,"Michael J. Antonini, Shelley Bradford Bell, Edgar E. Boyd, Lisa Feldstein, Kevin Hughes, Sue Lee, William L. Lee",https://sfplanning.s3.amazonaws.com/default/files/meetingarchive/planning_dept/sf-planning.org/index.aspx-page%3D1147.html,72
2004-02-19,regular,index.aspx-page_1145.html,13:30,21:02,29,23,Larry Badiner - Acting Director of Planning; Craig Nikitas - Acting Zoning Administrator; Jim Miller; Costolino Hogan; Elaine Tope; Michael Li; Dan DiBartolo; Winslow Hastie; Adam Light; Jonas Ionin; Nora Priego - Transcription Secretary; Linda Avery - Commission Secretary,"Michael J. Antonini, Shelley Bradford Bell, Edgar E. Boyd, Lisa Feldstein, Kevin Hughes, Sue Lee, William L. Lee",https://sfplanning.s3.amazonaws.com/default/files/meetingarchive/planning_dept/sf-planning.org/index.aspx-page%3D1145.html,136
2004-02-26,regular,index.aspx-page_1146.html,13:30,17:07,32,25,Larry Badiner - Acting Director of Planning; Craig Nikitas - Acting Zoning Administrator; Tim Kelley (President of the Landmarks Advisory Board); Michael Li; Dan DiBartolo; Sara Vellve; Elaine Tope; Dario Jones; Ben Fu; Nora Priego - Transcription Secretary; Linda Avery - Commission Secretary,"Michael J. Antonini, Shelley Bradford Bell, Edgar E. Boyd, Lisa Feldstein, Kevin Hughes, Sue Lee, William L. Lee",https://sfplanning.s3.amazonaws.com/default/files/meetingarchive/planning_dept/sf-planning.org/index.aspx-page%3D1146.html,44
2004-03-04,regular,index.aspx-page_1148.html,13:30,17:24,25,17,Larry Badiner - Acting Director of Planning; Craig Nikitas - Acting Zoning Administrator; Nora Priego - Transcription Secretary; Jonas Ionin - Acting Commission Secretary,"Michael J. Antonini, Edgar E. Boyd, Lisa Feldstein, Kevin Hughes, Sue Lee, William L. Lee",https://sfplanning.s3.amazonaws.com/default/files/meetingarchive/planning_dept/sf-planning.org/index.aspx-page%3D1148.html,305
2004-03-11,regular,index.aspx-page_1149.html,13:30,23:03,27,23,Larry Badiner - Acting Director of Planning; Craig Nikitas - Acting Zoning Administrator; Tina Tam; Dominick Argumedo; Paul Lord; Nora Priego - Transcription Secretary; Linda Avery - Commission Secretary,"Michael J. Antonini, Shelley Bradford Bell, Kevin Hughes, Sue Lee, William L. Lee",https://sfplanning.s3.amazonaws.com/default/files/meetingarchive/planning_dept/sf-planning.org/index.aspx-page%3D1149.html,110
2004-03-18,regular,index.aspx-page_1151.html,13:30,19:46,28,20,Larry Badiner - Acting Director of Planning; Craig Nikitas - Acting Zoning Administrator; Adam Light; Matt Snyder; Geoffrey Nelson; Michael Smith; Ben Fu; Michael Li; Nora Priego - Transcription Secretary; Linda Avery - Commission Secretary,"Michael J. Antonini, Shelley Bradford Bell, Edgar E. Boyd, Lisa Feldstein, Kevin Hughes, Sue Lee, William L. Lee",https://sfplanning.s3.amazonaws.com/default/files/meetingarchive/planning_dept/sf-planning.org/index.aspx-page%3D1151.html,72
2004-03-25,regular,index.aspx-page_1150.html,13:30,19:46,34,26,Larry Badiner - Acting Director of Planning; Craig Nikitas - Acting Zoning Administrator; Paul Maltzer; Bill Wycko; Jonathan Purvis; Tom Wang; Dan DiBartolo; Nora Priego - Transcription Secretary; Linda Avery - Commission Secretary,"Michael J. Antonini, Shelley Bradford Bell, Lisa Feldstein, Sue Lee, William L. Lee",https://sfplanning.s3.amazonaws.com/default/files/meetingarchive/planning_dept/sf-planning.org/index.aspx-page%3D1150.html,29
2004-04-01,regular,index.aspx-page_1153.html,13:30,18:45,26,19,Larry Badiner - Acting Director of Planning; Craig Nikitas - Acting Zoning Administrator; Steve Shotland; Jonas Ionin; Kate McGee; Ben Fu; Dan DiBartolo; Nora Priego - Transcription Secretary; Linda Avery - Commission Secretary,"Michael J. Antonini, Shelley Bradford Bell, Edgar E. Boyd, Lisa Feldstein, Sue Lee, William L. Lee",https://sfplanning.s3.amazonaws.com/default/files/meetingarchive/planning_dept/sf-planning.org/index.aspx-page%3D1153.html,52
2004-04-08,regular,index.aspx-page_1152.html,13:30,16:24,22,16,Larry Badiner - Acting Director of Planning; Craig Nikitas - Acting Zoning Administrator; Steve Shotland; Ben Fu; Nora Priego - Transcription Secretary; Linda Avery - Commission Secretary,"Michael J. Antonini, Shelley Bradford Bell, Edgar E. Boyd, Lisa Feldstein, Kevin Hughes, Sue Lee, William L. Lee",https://sfplanning.s3.amazonaws.com/default/files/meetingarchive/planning_dept/sf-planning.org/index.aspx-page%3D1152.html,27
2004-04-15,regular,index.aspx-page_1154.html,13:30,19:46,23,18,"Craig Nikitas - Acting Director and Acting Zoning Administrator; Amit Ghosh; Rick Crawford; Ann Marie Rodgers; David Alumbaugh; Joshua Switzky; Jasper Rubin, Dario Jones; Glenn Cabreros; Dan DiBartolo; Matt Snyder; Elaine Tope; Nora Priego - Transcription Secretary; Linda Avery - Commission Secretary","Michael J. Antonini, Shelley Bradford Bell, Edgar E. Boyd, Sue Lee, William L. Lee",https://sfplanning.s3.amazonaws.com/default/files/meetingarchive/planning_dept/sf-planning.org/index.aspx-page%3D1154.html,31
2004-04-22,regular,index.aspx-page_1155.html,13:30,17:40,36,28,Larry Badiner - Acting Director of Planning; Craig Nikitas - Acting Zoning Administrator; Amit Ghosh; Sara Vellve; Jim Miller; Kate McGee; Tina Tam; Dan DiBartolo; Matt Snyder; Winslow Hastie; Nora Priego - Transcription Secretary; Linda Avery - Commission Secretary,"Michael J. Antonini, Shelley Bradford Bell, Edgar E. Boyd, Lisa Feldstein, Kevin Hughes, Sue Lee, William L. Lee",https://sfplanning.s3.amazonaws.com/default/files/meetingarchive/planning_dept/sf-planning.org/index.aspx-page%3D1155.html,76
2004-04-22,special,index.aspx-page_1156.html,18:00,21:30,5,3,Larry Badiner - Acting Director of Planning; Craig Nikitas - Acting Zoning Administrator; Joan Kugler; David Alumbaugh; Dominick Argumedo; Patricia Gerber - Executive Secretary; Nora Priego - Transcription Secretary; Linda Avery - Commission Secretary,"Michael J. Antonini, Shelley Bradford Bell, Edgar E. Boyd, Lisa Feldstein, Kevin Hughes, Sue Lee, William L. Lee",https://sfplanning.s3.amazonaws.com/default/files/meetingarchive/planning_dept/sf-planning.org/index.aspx-page%3D1156.html,76
2004-05-06,regular,index.aspx-page_1157.html,13:30,18:32,35,26,Larry Badiner - Acting Director of Planning; Craig Nikitas - Acting Zoning Administrator; Steve Shotland; Jonas Ionin; Glenn Cabreros; Dan Sirois; Dan DiBartolo; Paul Lord; Tina Tam; Mary Woods; Michael Li; Matt Snyder; Adam Light; Nora Priego - Transcription Secretary; Linda Avery - Commission Secretary,"Michael J. Antonini, Edgar E. Boyd, Kevin Hughes, William L. Lee",https://sfplanning.s3.amazonaws.com/default/files/meetingarchive/planning_dept/sf-planning.org/index.aspx-page%3D1157.html,55
2004-05-13,regular,index.aspx-page_1158.html,13:30,23:05,28,21,"Larry Badiner - Acting Director of Planning; Craig Nikitas - Acting Zoning Administrator; Geoffrey Nelson; David Alumbaugh; Miriam Chion; Paul Maltzer; Susan Exline; Michael Li; Sara Vellve; Lois Scott; Adam Light; Mark Sprick; Nannie Turrell; Rick Cooper, Nora Priego - Transcription Secretary; Linda Avery - Commission Secretary","Michael J. Antonini, Shelley Bradford Bell, Kevin Hughes, Sue Lee, William L. Lee",https://sfplanning.s3.amazonaws.com/default/files/meetingarchive/planning_dept/sf-planning.org/index.aspx-page%3D1158.html,451
2004-05-20,regular,index.aspx-page_1159.html,13:30,20:11,27,18,Larry Badiner - Acting Director of Planning; Craig Nikitas - Acting Zoning Administrator; Ken Rich; May Fung; Jonas Ionin; Dan DiBartolo; Nora Priego - Transcription Secretary; Linda Avery - Commission Secretary,"Michael J. Antonini, Shelley Bradford Bell, Edgar E. Boyd, Kevin Hughes, Sue Lee, William L. Lee",https://sfplanning.s3.amazonaws.com/default/files/meetingarchive/planning_dept/sf-planning.org/index.aspx-page%3D1159.html,38
2004-05-27,regular,index.aspx-page_1160.html,13:30,21:30,32,25,Larry Badiner - Acting Director of Planning; Jim Nixon - Zoning Administrator; Nora Priego - Transcription Secretary; Linda Avery - Commission Secretary,"Michael J. Antonini, Shelley Bradford Bell, Edgar E. Boyd, Kevin Hughes, Sue Lee, William L. Lee",https://sfplanning.s3.amazonaws.com/default/files/meetingarchive/planning_dept/sf-planning.org/index.aspx-page%3D1160.html,150
2004-06-03,regular,index.aspx-page_1161.html,13:30,,31,22,Larry Badiner - Acting Director of Planning; Jim Nixon - Acting Zoning Administrator; Susan Cleveland-Knowles - Deputy City Attorney; Costolino Hogan; Diane Lim; Yvonne Ko; Glenn Cabreros; Adam Light; Matt Snyder; Geoffrey Nelson; Kate McGee; Dario Jones; Nora Priego - Transcription Secretary; Linda Avery - Commission Secretary,"Michael J. Antonini, Shelley Bradford Bell, Edgar E. Boyd, Kevin Hughes, Sue Lee, William L. Lee",https://sfplanning.s3.amazonaws.com/default/files/meetingarchive/planning_dept/sf-planning.org/index.aspx-page%3D1161.html,54
2004-06-10,regular,index.aspx-page_1162.html,13:30,18:46,31,22,Larry Badiner - Acting Director of Planning; Jim Nixon - Zoning Administrator; Susan Cleveland -Knowles - Deputy City Attorney; Diane Lim; Kate McGee; Mary Woods; Jim Miller; Paul Lord; Elaine Tope; Nora Priego - Transcription Secretary; Linda Avery - Commission Secretary,"Michael J. Antonini, Shelley Bradford Bell, Edgar E. Boyd, Kevin Hughes, Sue Lee, William L. Lee",https://sfplanning.s3.amazonaws.com/default/files/meetingarchive/planning_dept/sf-planning.org/index.aspx-page%3D1162.html,86
2004-06-24,regular,index.aspx-page_1176.html,13:30,,27,13,Larry Badiner - Acting Director of Planning; Jim Nixon- Acting Zoning Administrator; Jean Paul Samaha; Joan Kugler; Mathew Snyder; Michael Smith; Tina Tam; Rick Crawford; Glenn Cabreros; Patricia Gerber - Transcription Secretary; Linda D. Avery - Commission Secretary,"Bradford Bell; Antonini; Boyd; Hughes, S. Lee, W. Lee",https://sfplanning.s3.amazonaws.com/default/files/meetingarchive/planning_dept/sf-planning.org/index.aspx-page%3D1176.html,58
2004-07-15,regular,index.aspx-page_1163.html,13:30,21:46,32,24,"Gerald Green - Director of Planning; Craig Nikitas - Acting Zoning Administrator; Susan Cleveland-Knowles - Deputy City Attorney; Amit Ghosh; Jean Paul Samaha; Miriam Chion; Teresa Ojeda, Susan Exline; Johnny Jaramillo; Jasbir Rubin; Nora Priego - Transcription Secretary; Linda Avery - Commission Secretary","Michael J. Antonini, Kevin Hughes, Sue Lee, William L. Lee,",https://sfplanning.s3.amazonaws.com/default/files/meetingarchive/planning_dept/sf-planning.org/index.aspx-page%3D1163.html,77
2004-07-22,regular,index.aspx-page_1164.html,13:30,19:30,21,17,"Gerald Green - Director of Planning and Acting Zoning Administrator; Susan Cleveland-Knowles - Deputy City Attorney; Jim Miller; Rick Crawford; Elaine Tope, Sara Vellve, Nora Priego - Transcription Secretary; Linda Avery - Commission Secretary","Michael J. Antonini, Shelley Bradford Bell, Sue Lee, William L. Lee, Christina Olague",https://sfplanning.s3.amazonaws.com/default/files/meetingarchive/planning_dept/sf-planning.org/index.aspx-page%3D1164.html,91
2004-08-05,regular,index.aspx-page_1165.html,13:30,20:23,31,21,Larry Badiner- Acting Director of Planning and Zoning Administrator; Susan Cleveland-Knowles - Deputy City Attorney; Elaine Tope; Geoffrey Nelson; Adam Light; Glenn Cabreros; Dan DiBartolo; Matt Snyder; Nora Priego - Transcription Secretary; Jonas Ionin - Acting Commission Secretary,"Michael J. Antonini, Kevin Hughes, Sue Lee, William L. Lee, Christina Olague",https://sfplanning.s3.amazonaws.com/default/files/meetingarchive/planning_dept/sf-planning.org/index.aspx-page%3D1165.html,199
2004-08-12,regular,index.aspx-page_1167.html,13:30,21:15,24,19,Gerald Green - Director of Planning and Acting Zoning Administrator; Susan Cleveland-Knowles - Deputy City Attorney; Leigh Kienker; Rick Cooper; Paul Lord; Mary Woods; Adam Light; Jonathan Purvis; Nora Priego - Transcription Secretary; Linda Avery - Commission Secretary,"Michael J. Antonini, Kevin Hughes, Sue Lee, William L. Lee, Christina Olague",https://sfplanning.s3.amazonaws.com/default/files/meetingarchive/planning_dept/sf-planning.org/index.aspx-page%3D1167.html,122
2004-08-19,regular,index.aspx-page_1187.html,12:30,,3,2,,"Sue Lee,",https://sfplanning.s3.amazonaws.com/default/files/meetingarchive/planning_dept/sf-planning.org/index.aspx-page%3D1187.html,3
2004-09-02,regular,index.aspx-page_1168.html,13:30,20:30,29,23,Gerald Green - Director of Planning and Acting Zoning Administrator; Susan Cleveland-Knowles - Deputy City Attorney; Ben Fu; Geoffrey Nelson; Glenn Cabreros; Dan Sirois; Paul Lord; Nora Priego - Transcription Secretary; Linda Avery - Commission Secretary,"Michael J. Antonini, Shelley Bradford Bell, Kevin Hughes, Sue Lee, William L. Lee, Christina Olague",https://sfplanning.s3.amazonaws.com/default/files/meetingarchive/planning_dept/sf-planning.org/index.aspx-page%3D1168.html,206
2004-09-09,regular,index.aspx-page_1169.html,13:30,23:30,29,21,Gerald Green - Director of Planning and Acting Zoning Administrator; Susan Cleveland-Knowles - Deputy City Attorney; Rick Crawford; Dan DiBartolo; Michael Smith; Michael Li; Nora Priego - Transcription Secretary; Linda Avery - Commission Secretary,"Michael J. Antonini, Shelley Bradford Bell, Kevin Hughes, Sue Lee, William L. Lee, Christina Olague",https://sfplanning.s3.amazonaws.com/default/files/meetingarchive/planning_dept/sf-planning.org/index.aspx-page%3D1169.html,140
2004-09-23,regular,index.aspx-page_1177.html,13:30,21:20,36,26,Gerald Green - Director of Planning and Acting Zoning Administrator; Susan Cleveland-Knowles - Deputy City Attorney; Paul Lord; Glenn Cabreros; Matt Snyder; Rick Crawford; Geoffrey Nelson; Dan DiBartolo; Craig Nikitas; Winslow Hastie; Sara Vellve; Dan Sirois; Nora Priego - Transcription Secretary; Linda Avery - Commission Secretary,"Michael J. Antonini, Shelley Bradford Bell, Kevin Hughes, Sue Lee, William L. Lee, Christina Olague",https://sfplanning.s3.amazonaws.com/default/files/meetingarchive/planning_dept/sf-planning.org/index.aspx-page%3D1177.html,72
2004-10-07,regular,index.aspx-page_1171.html,13:30,19:26,36,30,Larry Badiner - Acting Director of Planning and Zoning Administrator; Paul Lord; Matthew Snyder; Geoffrey Nelson; Michael Li; Nora Priego - Transcription Secretary; Linda Avery - Commission Secretary,"Michael J. Antonini, Shelley Bradford Bell, Kevin Hughes, Sue Lee, William L. Lee, Christina Olague",https://sfplanning.s3.amazonaws.com/default/files/meetingarchive/planning_dept/sf-planning.org/index.aspx-page%3D1171.html,31
2004-10-07,special,index.aspx-page_1170.html,12:30,15:30,1,0,,,https://sfplanning.s3.amazonaws.com/default/files/meetingarchive/planning_dept/sf-planning.org/index.aspx-page%3D1170.html,31
2004-10-14,regular,index.aspx-page_1186.html,13:30,18:21,40,29,"Delvin Washington, Craig Nikitas; Carol Roos; Tina Tam; Matthew Snyder; May Woods; Dan Sider; Nora Priego - Transcription Secretary; Linda Avery - Commission Secretary","Michael J. Antonini, Shelley Bradford Bell, Kevin Hughes, Sue Lee, William L. Lee",https://sfplanning.s3.amazonaws.com/default/files/meetingarchive/planning_dept/sf-planning.org/index.aspx-page%3D1186.html,61
2004-10-21,regular,index.aspx-page_1183.html,13:30,22:00,44,33,Larry Badiner – Acing Director and Zoning Administrator; Jonathan Purvis; Dan DiBartolo; Dan Sider; Paul Lord; Steve Shotland; Dominick Argumedo; Nora Priego – Transcription Secretary; Linda Avery - Commission Secretary,"Dwight D. Alexander,",https://sfplanning.s3.amazonaws.com/default/files/meetingarchive/planning_dept/sf-planning.org/index.aspx-page%3D1183.html,82
2004-10-28,regular,index.aspx-page_1184.html,13:30,18:31,44,28,Gerald Green - Director of Planning; Larry Badiner - Zoning Administrator; Dan Sider; Paul Lord; Tina Tam; Michael Smith; Ben Fu; Thomas Wang; Dan DiBartolo; Geoffrey Nelson; Michael Li; Nora Priego - Transcription Secretary; Linda Avery - Commission Secretary,"Dwight Alexander; Michael J. Antonini, Shelley Bradford Bell,",https://sfplanning.s3.amazonaws.com/default/files/meetingarchive/planning_dept/sf-planning.org/index.aspx-page%3D1184.html,106
2004-10-28,special,index.aspx-page_1185.html,12:30,13:29,2,2,,"Antonini, Shelley Bradford Bell and Sue Lee",https://sfplanning.s3.amazonaws.com/default/files/meetingarchive/planning_dept/sf-planning.org/index.aspx-page%3D1185.html,106
2004-11-04,regular,index.aspx-page_1178.html,13:30,,2,1,Larry Badiner - Acing Director and Zoning Administrator; Nora Priego - Transcription Secretary; Linda Avery - Commission Secretary,"Shelley Bradford Bell, Kevin Hughes, Sue Lee, William L. Lee, Christina Olague",https://sfplanning.s3.amazonaws.com/default/files/meetingarchive/planning_dept/sf-planning.org/index.aspx-page%3D1178.html,0
2004-11-04,special,index.aspx-page_1179.html,12:30,13:00,4,2,,Shelley Bradford Bell and Sue Lee,https://sfplanning.s3.amazonaws.com/default/files/meetingarchive/planning_dept/sf-planning.org/index.aspx-page%3D1179.html,0
2004-11-18,regular,index.aspx-page_1180.html,13:30,19:48,32,27,"Gerald Green - Director of Planning; Larry Badiner - Zoning Administrator; Dan Sirois, Dan DiBartolo; Dan Sider; Jim Miller; Adam Light; Paul Lord; Lois Scott; David Alumbaugh; Dominick Argumedo; Nora Priego - Transcription Secretary; Linda Avery - Commission Secretary","Dwight Alexander; Michael J. Antonini, Shelley Bradford Bell,",https://sfplanning.s3.amazonaws.com/default/files/meetingarchive/planning_dept/sf-planning.org/index.aspx-page%3D1180.html,133
2004-11-29,regular,index.aspx-page_1181.html,13:30,21:23,33,23,Dean Macris - Interim Director of Planning; Larry Badiner - Zoning Administrator; Matt Snyder; Rick Crawford; Joan Kugler; Lea Kienker; Dan DiBartolo; Jonathan Purvis; Nora Priego - Transcription Secretary; Linda Avery - Commission Secretary,"Dwight Alexander; Michael J. Antonini, Shelley Bradford Bell,",https://sfplanning.s3.amazonaws.com/default/files/meetingarchive/planning_dept/sf-planning.org/index.aspx-page%3D1181.html,115
2004-12-02,regular,index.aspx-page_1172.html,13:30,,35,26,Dean Macris - Interim Director of Planning; Larry Badiner - Zoning Administrator; Elaine Tope; Dario Jones; Nora Priego - Transcription Secretary; Jonas Ionin - Acting Commission Secretary,"Dwight Alexander; Michael J. Antonini, Shelley Bradford Bell,",https://sfplanning.s3.amazonaws.com/default/files/meetingarchive/planning_dept/sf-planning.org/index.aspx-page%3D1172.html,209
2004-12-09,regular,index.aspx-page_1173.html,13:30,19:52,43,31,Dean Macris - Interim Director of Planning; Larry Badiner - Zoning Administrator; Jim Miller; Glenn Cabreros; Rick Crawford; David Alumbaugh; Joshua Switzky; Nora Priego - Transcription Secretary; Linda Avery - Commission Secretary,"Dwight Alexander; Michael J. Antonini, Shelley Bradford Bell,",https://sfplanning.s3.amazonaws.com/default/files/meetingarchive/planning_dept/sf-planning.org/index.aspx-page%3D1173.html,67
2004-12-16,regular,index.aspx-page_1174.html,13:30,15:16,13,6,Dean Macris - Interim Director of Planning; Larry Badiner - Zoning Administrator; Nora Priego - Transcription Secretary; Linda Avery - Commission Secretary,"Michael J. Antonini, Kevin Hughes, Sue Lee, William L. Lee, Christina Olague",https://sfplanning.s3.amazonaws.com/default/files/meetingarchive/planning_dept/sf-planning.org/index.aspx-page%3D1174.html,6
2005-01-06,regular,index.aspx-page_1189.html,13:30,15:49,17,10,Dean Macris - Interim Director of Planning; Larry Badiner - Zoning Administrator; Dan Sirois; Tammy Chan; Joshua Switsky; Nora Priego - Transcription Secretary; Linda Avery - Commission Secretary,"Dwight Alexander; Michael J. Antonini, Shelley Bradford Bell,",https://sfplanning.s3.amazonaws.com/default/files/meetingarchive/planning_dept/sf-planning.org/index.aspx-page%3D1189.html,11
2005-01-06,special,index.aspx-page_1190.html,12:00,13:37,3,2,,"Michael J. Antonini, Dwight S. Alexander, Shelley Bradford Bell,",https://sfplanning.s3.amazonaws.com/default/files/meetingarchive/planning_dept/sf-planning.org/index.aspx-page%3D1190.html,11
2005-01-13,regular,index.aspx-page_1232.html,13:30,,28,18,Dean Macris – Interim Director of Planning; Larry Badiner – Zoning Administrator; Adam Varat; Joshua Switzky; Dominic Argumedo; Carol Roos; Matt Snyder; Michael Li; Kelley Amdur; Nora Priego – Transcription Secretary; Linda Avery – Commission Secretary,"Michael J. Antonini, Shelley Bradford Bell,",https://sfplanning.s3.amazonaws.com/default/files/meetingarchive/planning_dept/sf-planning.org/index.aspx-page%3D1232.html,25
2005-01-20,regular,index.aspx-page_1192.html,13:30,21:10,32,24,Dean Macris - Interim Director of Planning; Larry Badiner - Zoning Administrator; Rick Crawford; Matt Snyder; Sara Vellve; Joy Navarrete; Dan Sider; Marshall Foster; Nora Priego - Transcription Secretary; Linda Avery - Commission Secretary,"Dwight Alexander; Michael J. Antonini, Shelley Bradford Bell,",https://sfplanning.s3.amazonaws.com/default/files/meetingarchive/planning_dept/sf-planning.org/index.aspx-page%3D1192.html,108
2005-01-20,special,index.aspx-page_1193.html,13:00,13:50,4,1,,Michael J. Antonini and Sue Lee,https://sfplanning.s3.amazonaws.com/default/files/meetingarchive/planning_dept/sf-planning.org/index.aspx-page%3D1193.html,108
2005-01-27,regular,index.aspx-page_1214.html,13:30,20:35,41,28,Dean Macris – Interim Director of Planning; Larry Badiner – Zoning Administrator; Judy Boyajian – Deputy City Attorney; Amit Ghosh; Marshall Foster; Joshua Switzky; Michael Smith; Carol Roos; Ben Fu; Dan DiBartolo; Mary Woods; Michael Li; Nora Priego – Transcription Secretary; Linda Avery – Commission Secretary,Dwight Alexander;,https://sfplanning.s3.amazonaws.com/default/files/meetingarchive/planning_dept/sf-planning.org/index.aspx-page%3D1214.html,83
2005-01-27,special,index.aspx-page_1213.html,12:00,13:37,2,1,,"Michael J. Antonini, Dwight S. Alexander, Kevin Hughes, Sue Lee, William L. Lee, Christina Olague",https://sfplanning.s3.amazonaws.com/default/files/meetingarchive/planning_dept/sf-planning.org/index.aspx-page%3D1213.html,83
2005-02-03,regular,index.aspx-page_1195.html,13:30,,24,18,Dean Macris - Interim Director of Planning; Larry Badiner - Zoning Administrator; Geoffrey Nelson; Joy Navarrete; Dan Sider; Susan Snyder; Joshua Switzky; Mary Woods; Michael Li; Nora Priego - Transcription Secretary; Linda Avery - Commission Secretary,"Dwight Alexander; Michael J. Antonini, Shelley Bradford Bell, Sue Lee; Christina Olague",https://sfplanning.s3.amazonaws.com/default/files/meetingarchive/planning_dept/sf-planning.org/index.aspx-page%3D1195.html,229
2005-02-10,regular,index.aspx-page_1219.html,14:00,18:25,18,13,Dean Macris – Interim Director of Planning; Larry Badiner – Zoning Administrator; Amit Ghosh; Neil Hart; Steve Gordon; Alicia John-Baptiste; Geoffrey Nelson; Elaine Tope; Ann Marie Rogers; Nora Priego – Transcription Secretary; Linda Avery – Commission Secretary,Dwight Alexander;,https://sfplanning.s3.amazonaws.com/default/files/meetingarchive/planning_dept/sf-planning.org/index.aspx-page%3D1219.html,25
2005-02-17,regular,index.aspx-page_1196.html,14:00,19:18,20,15,Dean Macris - Interim Director of Planning; Larry Badiner - Zoning Administrator; Rick Crawford; Mary Woods; Dan Sider; Moses Corrette; Susan Snyder; Matthew Snyder; Nora Priego - Transcription Secretary; Linda Avery - Commission Secretary,"Dwight Alexander; Michael J. Antonini, Shelley Bradford Bell, Kevin Hughes, Sue Lee; William L. Lee, Christina Olague",https://sfplanning.s3.amazonaws.com/default/files/meetingarchive/planning_dept/sf-planning.org/index.aspx-page%3D1196.html,51
2005-02-17,special,index.aspx-page_1197.html,13:00,13:55,2,1,,"Michael J. Antonini, Dwight S. Alexander, Shelley Bradford Bell, Kevin Hughes, Sue Lee, William L. Lee",https://sfplanning.s3.amazonaws.com/default/files/meetingarchive/planning_dept/sf-planning.org/index.aspx-page%3D1197.html,51
2005-02-24,regular,index.aspx-page_1191.html,14:00,21:17,36,27,Dean Macris - Interim Director of Planning; Larry Badiner - Zoning Administrator; Art Aguilar; Joy Navarrete; Geoffrey Nelson; Craig Nikitas; Kelley Amdur; Nora Priego - Transcription Secretary; Linda Avery - Commission Secretary,"Dwight Alexander; Michael J. Antonini, Shelley Bradford Bell,",https://sfplanning.s3.amazonaws.com/default/files/meetingarchive/planning_dept/sf-planning.org/index.aspx-page%3D1191.html,40
2005-03-03,regular,index.aspx-page_1210.html,13:30,20:31,37,25,Dean Macris – Interim Director of Planning; Larry Badiner – Zoning Administrator; Amit Ghosh; Alicia Jean-Baptiste; Paul Maltzer; Matt Snyder; Michael Smith; Dan Sirois: Moses Corrette; Sharon Young; Mary Woods; Ben Fu; Paul Lord; Nora Priego – Transcription Secretary; Linda Avery – Commission Secretary,Dwight Alexander;,https://sfplanning.s3.amazonaws.com/default/files/meetingarchive/planning_dept/sf-planning.org/index.aspx-page%3D1210.html,57
2005-03-10,regular,index.aspx-page_1194.html,13:30,15:34,13,9,Dean Macris - Interim Director of Planning; Larry Badiner - Zoning Administrator; Kate Stacey - Deputy City Attorney; Craig Nikitas; Rick Crawford; Tina Tam; Nora Priego - Transcription Secretary; Linda Avery - Commission Secretary,"Michael J. Antonini, Kevin Hughes, Sue Lee; William L. Lee,",https://sfplanning.s3.amazonaws.com/default/files/meetingarchive/planning_dept/sf-planning.org/index.aspx-page%3D1194.html,4
2005-03-17,regular,index.aspx-page_1198.html,13:30,18:30,25,15,Larry Badiner - Zoning Administrator; Kate Stacey - Deputy City Attorney; Glenn Cabreros; Geoffrey Nelson; Ben Fu; Jim Miller; Dan DiBartolo; Linda Avery - Commission Secretary,"Michael J. Antonini, Shelley Bradford Bell, Kevin Hughes, William L. Lee, Christina Olague",https://sfplanning.s3.amazonaws.com/default/files/meetingarchive/planning_dept/sf-planning.org/index.aspx-page%3D1198.html,28
2005-03-24,regular,index.aspx-page_1199.html,13:30,19:24,26,20,Dean Macris - Interim Director of Planning; Larry Badiner - Zoning Administrator; Kate Stacey - Deputy City Attorney; Jim Miller; Sara Vellve; Kate McGee; Matthew Snyder; Dan Sider; Mary Woods; Paul Maltzer; Sue Exline; Marshall Foster; Joy Navarrete; Nora Priego - Transcription Secretary; Linda Avery - Commission Secretary,"Michael J. Antonini, Shelley Bradford Bell, Kevin Hughes, Sue Lee, William L. Lee, Christina Olague",https://sfplanning.s3.amazonaws.com/default/files/meetingarchive/planning_dept/sf-planning.org/index.aspx-page%3D1199.html,95
2005-03-31,special,index.aspx-page_1201.html,15:00,17:23,4,2,Dean Macris - Interim Director of Planning; Larry Badiner - Zoning Administrator; Kate Stacey - Deputy City Attorney; Amit Ghosh; Nora Priego - Transcription Secretary; Linda Avery - Commission Secretary,"Michael J. Antonini, Kevin Hughes, Sue Lee, William L. Lee, Christina Olague",https://sfplanning.s3.amazonaws.com/default/files/meetingarchive/planning_dept/sf-planning.org/index.aspx-page%3D1201.html,54
2005-04-07,regular,index.aspx-page_1200.html,13:30,19:53,28,23,Dean Macris - Interim Director of Planning; Larry Badiner - Zoning Administrator; Kate Stacey - Deputy City Attorney; Kelley Amdur; Craig Nikitas; Paul Maltzer; Amit Ghosh; Dan Sider; Dan DiBartolo; Geoffrey Nelson; Dan Sirois; Mary Woods; Elaine Tope; Nora Priego - Transcription Secretary; Linda Avery - Commission Secretary,"Michael J. Antonini, Shelley Bradford Bell, Kevin Hughes, Sue Lee, William L. Lee, and Christina Olague",https://sfplanning.s3.amazonaws.com/default/files/meetingarchive/planning_dept/sf-planning.org/index.aspx-page%3D1200.html,30
2005-04-14,regular,index.aspx-page_1202.html,13:30,18:47,27,21,Dean Macris - Interim Director of Planning; Larry Badiner - Zoning Administrator; Kate Stacey - Deputy City Attorney; Jonathan Purvis; Jim Miller; Craig Nikitas; Michael Li; Marshall Foster; Lisa Gibson; Glenn Cabreros; Nora Priego - Transcription Secretary; Linda Avery - Commission Secretary,"Michael J. Antonini, Shelley Bradford Bell, Kevin Hughes, Sue Lee, William L. Lee, and Christina Olague",https://sfplanning.s3.amazonaws.com/default/files/meetingarchive/planning_dept/sf-planning.org/index.aspx-page%3D1202.html,83
2005-04-21,regular,index.aspx-page_1203.html,13:30,23:48,40,32,Dean Macris - Interim Director of Planning; Larry Badiner - Zoning Administrator; Kate Stacey - Deputy City Attorney; Craig Nikitas; Matthew Snyder; Rick Cooper; Sara Vellve; Nora Priego - Transcription Secretary; Linda Avery - Commission Secretary,"Dwight Alexander, Michael J. Antonini, Kevin Hughes, Sue Lee, William L. Lee, and Christina Olague",https://sfplanning.s3.amazonaws.com/default/files/meetingarchive/planning_dept/sf-planning.org/index.aspx-page%3D1203.html,1085
2005-04-21,special,index.aspx-page_1204.html,12:00,,3,1,Dean Macris - Interim Director of Planning; Larry Badiner - Zoning Administrator; Judy Boyajian - Deputy City Attorney; Susan Exline; Nora Priego - Transcription Secretary; Linda Avery - Commission Secretary,"Michael J. Antonini, Kevin Hughes, Sue Lee, William L. Lee, and Christina Olague",https://sfplanning.s3.amazonaws.com/default/files/meetingarchive/planning_dept/sf-planning.org/index.aspx-page%3D1204.html,1085
2005-04-28,regular,index.aspx-page_1205.html,13:30,20:48,29,24,Dean Macris - Interim Director of Planning; Larry Badiner - Zoning Administrator; Judy Boyajian - Deputy City Attorney; Amit Ghosh; Michael Li; Sara Vellve; Jonas Ionin; Rick Cooper; Marshall Foster; Nora Priego - Transcription Secretary; Linda Avery - Commission Secretary,"Michael J. Antonini, Dwight Alexander, Kevin Hughes, Sue Lee,",https://sfplanning.s3.amazonaws.com/default/files/meetingarchive/planning_dept/sf-planning.org/index.aspx-page%3D1205.html,77
2005-05-05,regular,index.aspx-page_1206.html,13:30,22:59,45,35,"Dean Macris - Interim Director of Planning; Larry Badiner - Zoning Administrator; Kate Stacey - Deputy City Attorney; Amit Ghosh; Craig Nikitas; Mary Woods, Glenn Cabreros, Sharon Young, Kelley Amdur; Tina Tam; Michael Li; Marshall Foster; Joshua Switsky; Adam Varat; Nora Priego - Transcription Secretary; Linda Avery - Commission Secretary","Michael J. Antonini, Dwight Alexander, Shelley Bradford Bell, Kevin Hughes, Sue Lee, William L. Lee, Christina Olague",https://sfplanning.s3.amazonaws.com/default/files/meetingarchive/planning_dept/sf-planning.org/index.aspx-page%3D1206.html,50
2005-05-05,special,index.aspx-page_1207.html,23:00,12:04,5,2,,"Michael J. Antonini, Dwight Alexander, Shelley Bradford Bell, Kevin Hughes, Sue Lee, William L. Lee",https://sfplanning.s3.amazonaws.com/default/files/meetingarchive/planning_dept/sf-planning.org/index.aspx-page%3D1207.html,50
2005-05-12,regular,index.aspx-page_1208.html,13:30,20:15,34,27,Dean Macris - Interim Director of Planning; Larry Badiner - Zoning Administrator; Judy Boyajian - Deputy City Attorney; Amit Ghosh; Craig Nikitas; Jonathan Purvis; Michael Li; Geoffrey Nelson; Delvin Washington; Mary Woods; Nora Priego - Transcription Secretary; Linda Avery - Commission Secretary,"Michael J. Antonini, Dwight Alexander, Kevin Hughes, Sue Lee, William L. Lee, Christina Olague",https://sfplanning.s3.amazonaws.com/default/files/meetingarchive/planning_dept/sf-planning.org/index.aspx-page%3D1208.html,33
2005-05-19,regular,index.aspx-page_1209.html,13:30,23:44,30,24,Dean Macris - Interim Director of Planning; Larry Badiner - Zoning Administrator; Kate Stacey - Deputy City Attorney; Sue Exline; Sara Vellve; Dan Sirois; Glen Cabreros; Dan Dibartolo; Matt Snyder; Marshall Foster; Paul Lord; Bill Wycko; Rick Crawford; Linda Avery - Commission Secretary,"Dwight Alexander, Michael J. Antonini, Shelley Bradford Bell, Kevin Hughes, Sue Lee, William L. Lee, Christina Olague",https://sfplanning.s3.amazonaws.com/default/files/meetingarchive/planning_dept/sf-planning.org/index.aspx-page%3D1209.html,121
2005-05-26,regular,index.aspx-page_1211.html,13:30,20:05,29,20,Dean Macris – Interim Director of Planning; Larry Badiner – Zoning Administrator; Kate Stacey – Deputy City Attorney; Paul Lord; Sara Vellve; Geoffrey Nelson; Dan DiBartolo; Jonathan Purvis; Jonas Ionin – Acting Commission Secretary,"Dwight Alexander,",https://sfplanning.s3.amazonaws.com/default/files/meetingarchive/planning_dept/sf-planning.org/index.aspx-page%3D1211.html,31
2005-06-02,regular,index.aspx-page_1212.html,13:30,19:07,28,21,Dean Macris – Interim Director of Planning; Larry Badiner – Zoning Administrator; Kate Stacey – Deputy City Attorney; Craig Nikitas; Glenn Cabreros; Winslow Hastie; Matt Snyder; David Alumbaugh; Dan Dibartolo; Ben Fu; Linda Avery – Commission Secretary,"Dwight Alexander,",https://sfplanning.s3.amazonaws.com/default/files/meetingarchive/planning_dept/sf-planning.org/index.aspx-page%3D1212.html,39
2005-06-09,regular,index.aspx-page_1220.html,13:30,16:23,21,14,Dean Macris – Interim Director of Planning; Larry Badiner – Zoning Administrator; Susan Cleveland-Knowles – Deputy City Attorney; Ben Fu; Jonathan Purvis; Sara Vellve; Dan Sirois; Michael Smith; Linda Avery – Commission Secretary,"Dwight Alexander,",https://sfplanning.s3.amazonaws.com/default/files/meetingarchive/planning_dept/sf-planning.org/index.aspx-page%3D1220.html,26
2005-06-16,regular,index.aspx-page_1221.html,13:30,22:45,29,21,Dean Macris – Interim Director of Planning; Larry Badiner – Zoning Administrator; Kate Stacey – Deputy City Attorney; Jonathan Purvis; Geoffrey Nelson; Joy Navarrete; Kate McGee; Tina Tam; Dan Sider; Paul Lord; Tammy Chan; Matt Snyder; Linda Avery – Commission Secretary,"Dwight Alexander,",https://sfplanning.s3.amazonaws.com/default/files/meetingarchive/planning_dept/sf-planning.org/index.aspx-page%3D1221.html,59
2005-06-23,regular,index.aspx-page_1239.html,13:30,,32,24,"Dean Macris – Director of Planning, Larry Badiner – Zoning Administrator, Jonathan Purvis, Michael Li, Ben Fu, Irene Nishimura, Mathew Snyder. Isolde Wilson, Michael Smith, Geoffrey Nelson, Marshall Foster, Linda Avery – Commission Secretary",,https://sfplanning.s3.amazonaws.com/default/files/meetingarchive/planning_dept/sf-planning.org/index.aspx-page%3D1239.html,34
2005-06-23,special,index.aspx-page_1226.html,12:00,,2,1,"Dean Macris –Director of Planning; Larry Badiner – Zoning Administrator; Stephen Shotland, Linda Avery – Commission Secretary",Sue Lee;,https://sfplanning.s3.amazonaws.com/default/files/meetingarchive/planning_dept/sf-planning.org/index.aspx-page%3D1226.html,34
2005-07-14,regular,index.aspx-page_2524.html,13:30,,35,28,Dean Macris – Director of Planning; Larry Badiner – Zoning Administrator; Mathew Snyder; Michael Li; Ben Fu; Dan Sider; Winslow Hastie; Rick Crawford; Nannie Turrell; Glenn Cabreros; Mary Woods; Isolde Wilson; Kate McGee; Jim Miller; Jonas Ionin – Acting Commission Secretary.,Sue Lee; Dwight S. Alexander; Michael J. Antonini;,https://sfplanning.s3.amazonaws.com/default/files/meetingarchive/planning_dept/sf-planning.org/index.aspx-page%3D2524.html,54
2005-07-21,regular,index.aspx-page_1217.html,13:30,,31,23,Dean Macris – Director of Planning; Larry Badiner – Zoning Administrator; Dan Sider; Jonathan Purvis; Sara Vellve; Rick Crawford; Mathew Snyder; Mary Woods; Bill Wycko; Linda Avery – Commission Secretary.,Sue Lee; Dwight Alexander; Michael Antonini; Shelley Bradford-Bell; Christina Olague; William Lee,https://sfplanning.s3.amazonaws.com/default/files/meetingarchive/planning_dept/sf-planning.org/index.aspx-page%3D1217.html,14
2005-07-21,special,index.aspx-page_1218.html,12:00,13:03,2,1,,"Michael J. Antonini, Dwight S. Alexander, Shelley Bradford Bell, Sue Lee, and Christina Olague",https://sfplanning.s3.amazonaws.com/default/files/meetingarchive/planning_dept/sf-planning.org/index.aspx-page%3D1218.html,14
2005-07-28,regular,index.aspx-page_1229.html,14:00,,26,22,Dean Macris – Director of Planning; Larry Badiner – Zoning Administrator; Jonathan Purvis; Mathew Snyder; Kate McGee; Paul Maltzer; Rana Ahmadi; Tammy Chan; Linda Avery - Commission Secretary,Sue Lee;,https://sfplanning.s3.amazonaws.com/default/files/meetingarchive/planning_dept/sf-planning.org/index.aspx-page%3D1229.html,20
2005-07-28,special,index.aspx-page_1228.html,13:00,,2,1,"Dean Macris - Director of Planning; Larry Badiner - Zoning Administrator, Amit Ghosh, Dan Sider, Linda Avery – Commission Secretary",Sue Lee; Michael J. Antonini;,https://sfplanning.s3.amazonaws.com/default/files/meetingarchive/planning_dept/sf-planning.org/index.aspx-page%3D1228.html,20
2005-08-04,regular,index.aspx-page_1215.html,13:30,,22,16,Larry Badiner – Zoning Administrator; Jim Miller; Daniel Sirois; Jonathan Purvis; Carol Roos; Mathew Snyder; Dan Sider; Linda Avery = Commission Secretary,"S. Lee; Alexander Hughes, W. Lee, Olague",https://sfplanning.s3.amazonaws.com/default/files/meetingarchive/planning_dept/sf-planning.org/index.aspx-page%3D1215.html,10
2005-09-01,regular,index.aspx-page_1216.html,13:30,,34,26,Dean Macris – Director of Planning; Larry Badiner – Zoning Administrator; Tina Tam; Kelley Amdur; Michael Li; Ben Fu; Jonathan Purvis; Sara Vellve; Winslow Hastie; Irene Nishimura; Mathew Snyder; Adam Varat; Dan Sider; Linda Avery – Commission Secretary.,Sue Lee;,https://sfplanning.s3.amazonaws.com/default/files/meetingarchive/planning_dept/sf-planning.org/index.aspx-page%3D1216.html,23
2005-09-08,regular,index.aspx-page_1222.html,13:30,,32,27,Dean Macris – Director of Planning; Larry Badiner – Zoning Administrator; Sharon Young; Michael Smith; Winslow Hastie; Ben Fu; Glenn Cabreros; Jonathan Purvis; Thomas Wang; Mary Woods; Daniel Sirois; Isolde Wilson; Sarah Dennis; Linda Avery – Commission Secretary,"S. Lee, Antonini, Bradford-Bell, Hughes, Olague, W. Lee",https://sfplanning.s3.amazonaws.com/default/files/meetingarchive/planning_dept/sf-planning.org/index.aspx-page%3D1222.html,24
2005-09-15,regular,index.aspx-page_1224.html,13:30,,40,22,Dean Macris – Director of Planning; Larry Badiner – Zoning Administrator; Jim Miller; Mathew Snyder; Tammy Chan; Paul Lord; Mary Woods; Glenn Cabreros; Sara Vellve; Dan Sider; Joy Navarrete; Ben Fu; Sharon Young; Sarah Dennis; Linda Avery – Commission Secretary.,"S. Lee, Alexander, Antonini, Bradford-Bell, Hughes, W. Lee",https://sfplanning.s3.amazonaws.com/default/files/meetingarchive/planning_dept/sf-planning.org/index.aspx-page%3D1224.html,9
2005-09-22,regular,index.aspx-page_1225.html,13:30,,32,24,Dean Macris – Director of Planning; Larry Badiner – Zoning Administrator; Ben Fu; Sharon Young; Michael Li; Daniel Sirois; Michael Smith; Elaine Tope; Joy Navarrete; Dan Sider; Jonathan Purvis; Linda Avery – Commission Secretary,Dwight Alexander; Michael Antonini; Shelley Bradford-Bell; Kevin Hughes; Sue Lee; Christina Olague; and William Lee,https://sfplanning.s3.amazonaws.com/default/files/meetingarchive/planning_dept/sf-planning.org/index.aspx-page%3D1225.html,10
2005-10-06,regular,index.aspx-page_1230.html,13:30,,36,25,Dean Macris – Director of Planning; Larry Badiner – Zoning Administrator; Michael E. Smith; Glenn Cabreros; Daniel Sirois; Shaun Mendrin; Jonathan Purvis; Sara Vellve; Isolde Wilson; Paul Maltzer; Tammy Chan; Mathew Snyder; Lisa Gibson; Dan Sider; Kate McGee; Linda Avery – Commission Secretary,Dwight Alexander; Michael Antonini; Shelley Bradford-Bell; Sue Lee; William Lee; Christina Olague,https://sfplanning.s3.amazonaws.com/default/files/meetingarchive/planning_dept/sf-planning.org/index.aspx-page%3D1230.html,34
2005-10-14,regular,index.aspx-page_1182.html,12:00,13:13,2,1,,"Shelley Bradford Bell, Sue Lee, Michael Antonini",https://sfplanning.s3.amazonaws.com/default/files/meetingarchive/planning_dept/sf-planning.org/index.aspx-page%3D1182.html,0
2005-10-20,regular,index.aspx-page_1235.html,13:30,,28,21,Dean Macris – Director of Planning; Larry Badiner – Zoning Administrator; Rick Crawford; Jonathan Purvis; Glenn Cabreros; Sharon Young; Michael E. Smith; Delvin Washington; Sara Vellve; Paul Maltzer; Mark Luellen; Joy Navarrete; Sara Dennis; Linda D. Avery – Commission Secretary.,Sue Lee; Dwight Alexander;,https://sfplanning.s3.amazonaws.com/default/files/meetingarchive/planning_dept/sf-planning.org/index.aspx-page%3D1235.html,14
2005-10-27,regular,index.aspx-page_1233.html,13:30,,31,24,"Dean Macris – Director of Planning, Larry Badiner – Zoning Administrator, Rick Crawford, Kelley Amdur, Daniel Sirois, Dan Dibartolo, Shaun Mendrin, Ben Fu, Glenn Cabreros, Joshua Switzky, Jonas Ionin -- Acting Commission Secretary",Sue Lee;,https://sfplanning.s3.amazonaws.com/default/files/meetingarchive/planning_dept/sf-planning.org/index.aspx-page%3D1233.html,10
2005-11-03,regular,index.aspx-page_1231.html,13:30,,25,18,"Dean Macris – Director of Planning; Larry Badiner – Zoning Administrator; Tim Blomgren, Dan Sider, Adam Light, Isolde Wilson, Glen Cabreros, Rick Crawford, Mary Woods, Dan DiBartolo, Tom Wang, Jonas Ionin – Acting Commission Secretary","Alexander, Antonini, Bradford-Bell, Hughes, W. Lee, and Olague",https://sfplanning.s3.amazonaws.com/default/files/meetingarchive/planning_dept/sf-planning.org/index.aspx-page%3D1231.html,6
2005-11-10,regular,index.aspx-page_1234.html,13:30,,15,10,"Dean Macris – Director of Planning; Larry Badiner – Zoning Administrator; Jim Miller, Michael Smith, Rick Crawford, Dan DiBartolo, Jonas Ionin – Acting Commission Secretary","Alexander, Antonini, Bradford-Bell, Hughes, W Lee and Olague",https://sfplanning.s3.amazonaws.com/default/files/meetingarchive/planning_dept/sf-planning.org/index.aspx-page%3D1234.html,9
2005-11-17,regular,index.aspx-page_1240.html,13:30,,70,44,Dean Macris – Director of Planning; Larry Badiner – Zoning Administrator; Dan Sider; Isolde Wilson; Jonathan Purvis; Sara Vellve; Ben Fu; Jim Miller; Nannie Turrell; Joshua Switzky; Johnny Jaramillo; Jasper Rubin; Charles Rivasplata; Linda Avery – Commission Secretary.,Sue Lee; Dwight S. Alexander; Michael J. Antonini;,https://sfplanning.s3.amazonaws.com/default/files/meetingarchive/planning_dept/sf-planning.org/index.aspx-page%3D1240.html,54
2005-12-01,regular,index.aspx-page_1236.html,13:30,,17,12,Dean Macris – Director of Planning; Larry Badiner – Zoning Administrator; Rick Crawford; Michael Li; Mary Woods; Ben Fu; Diana Sokolove; Isolde Wilson; Tom Wang; Jonas Ionin – Acting Commission Secretary.,Sue Lee; Michael J. Antonini; Kevin Hughes; Christina Olague,https://sfplanning.s3.amazonaws.com/default/files/meetingarchive/planning_dept/sf-planning.org/index.aspx-page%3D1236.html,5
2005-12-08,regular,index.aspx-page_1237.html,13:30,,24,16,Dean Macris – Director of Planning; Larry Badiner – Zoning Administrator; Teresa Ojeda; Rick Crawford; Dan Sirois; Dan Dibartolo; Michael Li; Dan Sider; Sara Vellve; Isolde Wilson; Mary Woods; Linda Avery – Commission Secretary,Sue Lee ; Michael J. Antonini;,https://sfplanning.s3.amazonaws.com/default/files/meetingarchive/planning_dept/sf-planning.org/index.aspx-page%3D1237.html,12
2005-12-15,regular,index.aspx-page_1238.html,13:30,,48,30,"Dean Macris – Director of Planning; Larry Badiner – Zoning Administrator, Glen Cabreros, Michael Li, Jonathan Purvis, Joy Navarrete, Mathew Snyder, Linda Avery – Commission Secretary.",Sue Lee;,https://sfplanning.s3.amazonaws.com/default/files/meetingarchive/planning_dept/sf-planning.org/index.aspx-page%3D1238.html,9
2006-01-05,regular,index.aspx-page_1243.html,13:30,,12,7,Dean Macris – Director of Planning; Larry Badiner – Zoning Administrator; Sharon Young; Michael Li; Sara Vellve; Lois Scott; Craig Nikitas; Linda Avery,Sue,https://sfplanning.s3.amazonaws.com/default/files/meetingarchive/planning_dept/sf-planning.org/index.aspx-page%3D1243.html,5
2006-01-12,regular,index.aspx-page_1253.html,13:30,,40,26,"Dean Macris – Planning Director; Larry Badiner – Zoning Administrator; April Hesik, Teresa Ojeda, Lisa Gibson, Sara Vellve, Kate Conner, Tina Tam, Glenn Cabreros, Daniel Sirois, Linda Avery – Commission Secretary",S. Lee ; D. Alexander M. Antonini;,https://sfplanning.s3.amazonaws.com/default/files/meetingarchive/planning_dept/sf-planning.org/index.aspx-page%3D1253.html,11
2006-01-19,regular,index.aspx-page_1280.html,13:30,,34,24,"Dean Macris – Director of Planning; Larry Badiner – Zoning Administrator, Ben Fu, Edgar Oropeza, Cecilia Jaroslawsky, Dan Dibartolo, Mary Woods, Jasper Rubin, Johnny Jaramillo, Shaun Mendrin, Michael Li, Lois Scott, Rick Crawford, Elaine Tope, Sharon Young, Glenn Cabreros, Craig Nikitas, Linda Avery – Commission Secretary.",Sue Lee; Michael Antonini; Kevin Hughes; Christina Olague; William Lee,https://sfplanning.s3.amazonaws.com/default/files/meetingarchive/planning_dept/sf-planning.org/index.aspx-page%3D1280.html,5
2006-01-19,special,index.aspx-page_1278.html,12:00,,2,1,Dean Macris – Director of Planning; Larry Badiner – Zoning Administrator;,Sue Lee; Michael Antonini; Kevin Hughes; William Lee,https://sfplanning.s3.amazonaws.com/default/files/meetingarchive/planning_dept/sf-planning.org/index.aspx-page%3D1278.html,5
2006-01-26,regular,index.aspx-page_1256.html,13:30,,24,17,"Dean Macris - Director of Planning, Larry Badiner - Zoning Administrator, Sharon Young, Mary Woods, Cecilia Jaroslawsky, Viktoryia Mass, Glenn Cabreros, Daniel Sirois, Tina Tam, Jonas Ionin, Craig Nikitas, Linda Avery - Commission Secretary",Sue Lee; Dwight Alexander; Michael Antonini; Shelley Bradford-Bell; Kevin Hughes; Christina Olague; William Lee,https://sfplanning.s3.amazonaws.com/default/files/meetingarchive/planning_dept/sf-planning.org/index.aspx-page%3D1256.html,142
2006-02-02,regular,index.aspx-page_1258.html,13:30,,27,18,"Dean Macris – Director of Planning, Larry Badiner – Zoning Administrator; Daniel Sirois; Dan Sider; A. John-Baptiste; Jon Lau; Lois Scott; Mary Woods; Sharon Young; Amit Ghosh; Linda Avery – Commission Secretary","S. Lee; D. Alexander; M. Antonini; K. Hughes, C. Olague; W. Lee",https://sfplanning.s3.amazonaws.com/default/files/meetingarchive/planning_dept/sf-planning.org/index.aspx-page%3D1258.html,34
2006-02-09,regular,index.aspx-page_1257.html,13:30,21:12,25,17,"Dean Macris - Director of Planning, Larry Badiner - Zoning Administrator, Sharon Young, Michelle Glueckert, Michael Li, Dan Dibartolo, Rick Crawford, Jonathan Purvis, Ben Fu, Teresa Ojeda, Craig Nikitas, Linda Avery - Commission Secretary","S. Lee, D. Alexander, M. Antonini, S. Bradford-Bell, K. Hughes,",https://sfplanning.s3.amazonaws.com/default/files/meetingarchive/planning_dept/sf-planning.org/index.aspx-page%3D1257.html,216
2006-02-16,regular,index.aspx-page_1261.html,13:30,,23,20,"Dean Macris - Director of Planning, Larry Badiner - Zoning Administrator, Jonas Ionin, Glenn Cabreros, Sara Vellve, Alicia John-Baptiste, Rick Crawford, Isolde Wilson, Tina Tam, Dan Dibartolo, Jasper Rubin, Johnny Jaramillo, Linda Avery - Commission Secretary.",Sue Lee; Dwight Alexander; Michael Antonini; Shelley Bradford-Bell; Kevin Hughes; Christina Olague; William Lee,https://sfplanning.s3.amazonaws.com/default/files/meetingarchive/planning_dept/sf-planning.org/index.aspx-page%3D1261.html,539
2006-02-23,regular,index.aspx-page_1265.html,13:30,,19,14,"Dean Macris – Director of Planning, Larry Badiner – Zoning Administrator, Sarah Dennis, Jonathan Purvis, Mathew Snyder; Michelle Glueckert, Glenn Cabreros, Kate Conner, Nannie Turrell, Jon Lau, Linda Avery – Commissioner Secretary",Sue Lee; Dwight Alexander; Michael Antonini; Shelley Bradford-Bell; Kevin Hughes; Christina Olague,https://sfplanning.s3.amazonaws.com/default/files/meetingarchive/planning_dept/sf-planning.org/index.aspx-page%3D1265.html,10
2006-03-02,regular,index.aspx-page_1250.html,13:30,,28,21,Dean Macris - Director of Planning; Larry Badiner - Zoning Administrator; Kelly Amdur; Kate Conner; Alicia John-Baptiste; Jim Miller; Dan DiBartolo; Aaron Starr; Tina Tam; Ben Fu; Linda Avery - Commission,"President Sue Lee, Michael Antonini, Shelley Bradford-Bell, Kevin Hughes, William Lee, and Christina Olague",https://sfplanning.s3.amazonaws.com/default/files/meetingarchive/planning_dept/sf-planning.org/index.aspx-page%3D1250.html,57
2006-03-02,special,index.aspx-page_1251.html,18:30,,5,5,,"President Sue Lee, Michael Antonini, Shelley Bradford-Bell, Kevin Hughes, William Lee and Christina Olague",https://sfplanning.s3.amazonaws.com/default/files/meetingarchive/planning_dept/sf-planning.org/index.aspx-page%3D1251.html,57
2006-03-09,regular,index.aspx-page_1242.html,13:30,,20,18,Dean Macris – Director of Planning; Larry Badiner – Zoning Administrator; Dan Sider; April Hesik; Ben Fu; Mary Woods; Elizabeth Watty; Craig Nikitas; Edgar Oropeza; Elaine Tope; Michael Li; Paul Maltzer; Linda Avery – Commission Secretary,"S. Lee, M. Antonini, S. Bradford-Bell, C. Olague",https://sfplanning.s3.amazonaws.com/default/files/meetingarchive/planning_dept/sf-planning.org/index.aspx-page%3D1242.html,13
2006-03-16,regular,index.aspx-page_1252.html,13:30,,29,24,Dean Macris – Director of Planning; Larry Badiner – Zoning Administrator; Dan Sider; Amit Ghosh; Rick Crawford; Michelle Glueckert; Elaine Tope; Cecilia Jaroslawsky; Mary Woods; Isolde Wilson; Adam Light; Linda Avery – Commission Secretary,Sue Lee; Michael Antonini; Kevin Hughes; William Lee; Christina Olague,https://sfplanning.s3.amazonaws.com/default/files/meetingarchive/planning_dept/sf-planning.org/index.aspx-page%3D1252.html,24
2006-03-23,regular,index.aspx-page_1246.html,13:30,,24,22,Dean Macris – Director of Planning; Larry Badiner – Zoning Administrator; Dan Sider; Jonathan Purvis; Tom Wang; Charles Rivasplata; Teresa Ojeda; Adam Light; Linda Avery – Commission Secretary,Sue Lee; Michael Antonini; Shelley Bradford-Bell; Kevin Hughes; William Lee; Christina Olague,https://sfplanning.s3.amazonaws.com/default/files/meetingarchive/planning_dept/sf-planning.org/index.aspx-page%3D1246.html,18
2006-04-06,regular,index.aspx-page_1288.html,13:30,,24,17,"Dean Macris-Director of Planning, Larry Badiner-Zoning Administrator, Louis Scott, Diana Sokolove, Bill Wycko, Mary Woods, Shaun Mendrin, Michael E. Smith, Elaine Forbes, Craig Nikitas, Linda Avery – Commission Secretary.",Sue Lee; Dwight Alexander; Michael Antonini; Shelley Bradford-Bell; Kevin Hughes; Christina Olague; William Lee,https://sfplanning.s3.amazonaws.com/default/files/meetingarchive/planning_dept/sf-planning.org/index.aspx-page%3D1288.html,8
2006-04-13,regular,index.aspx-page_1244.html,13:30,,23,16,Dean Macris – Director of Planning; Neil Hart – Acting Zoning Administrator; Adam Light; Edgar Oropeza; Ben Fu; Teresa Ojeda; Dan Sider; Linda Avery – Commission Secretary,Sue Lee; Michael Antonini; Shelley Bradford-Bell; Kevin Hughes; William Lee; Christina Olague,https://sfplanning.s3.amazonaws.com/default/files/meetingarchive/planning_dept/sf-planning.org/index.aspx-page%3D1244.html,5
2006-04-20,regular,index.aspx-page_1245.html,13:30,,32,24,Larry Badiner – Zoning Administrator; Kelley Amdur; Rick Cooper; Jonathan Purvis; Michael Smith; Aaron Starr; Linda Avery – Commission Secretary,Sue Lee; Dwight Alexander; Michael Antonini; William Lee,https://sfplanning.s3.amazonaws.com/default/files/meetingarchive/planning_dept/sf-planning.org/index.aspx-page%3D1245.html,6
2006-04-27,regular,index.aspx-page_1249.html,13:30,,30,22,Dean Macris – Director of Planning; Larry Badiner – Zoning Administrator; Kate Conner; Dan DiBartolo; Cecilla Jaroslawsky; Craig Nikitas; Sara Vellve; Glen Cabreros; Michelle Glueckert; Jim Miller; Rick Cooper; Linda Avery – Commission Secretary,Sue Lee; Dwight Alexander; Michael Antonini; William Lee; Christina Olague,https://sfplanning.s3.amazonaws.com/default/files/meetingarchive/planning_dept/sf-planning.org/index.aspx-page%3D1249.html,20
2006-05-04,regular,index.aspx-page_1247.html,13:30,,24,22,Dean Macris – Director of Planning; Larry Badiner – Zoning Administrator; Dan Sider; Jonathan Purvis; Tom Wang; Charles Rivasplata; Teresa Ojeda; Adam Light; Linda Avery – Commission Secretary,Sue Lee; Michael Antonini; Shelley Bradford-Bell; Kevin Hughes; William Lee; Christina Olague,https://sfplanning.s3.amazonaws.com/default/files/meetingarchive/planning_dept/sf-planning.org/index.aspx-page%3D1247.html,18
2006-05-11,regular,index.aspx-page_1248.html,13:30,,14,10,Dean Macris – Director of Planning; Larry Badiner – Zoning Administrator; Alicia John-Babtiste – Chief of Administration; Elaine Forbes; Craig Nikitas; Dan Sider; Kate Conner; Rick Cooper; Kelley Amdur; Joshua Switzky; Linda Avery – Commission Secretary,Sue Lee; Michael Antonini; Kevin Hughes; William Lee; Christina Olague,https://sfplanning.s3.amazonaws.com/default/files/meetingarchive/planning_dept/sf-planning.org/index.aspx-page%3D1248.html,13
2006-05-18,regular,index.aspx-page_1271.html,,,10,0,,,https://sfplanning.s3.amazonaws.com/default/files/meetingarchive/planning_dept/sf-planning.org/index.aspx-page%3D1271.html,0
2006-05-25,regular,index.aspx-page_1254.html,13:30,,30,22,Dean Macris – Director of Planning; Larry Badiner – Zoning Administrator; Paul Lord; Michelle Glueckert; Jonathan Purvis; Ben Fu; Sara Vellve; Rick Crawford; Moses Corrette; David Alumbaugh; Ken Rich; Linda Avery – Commission Secretary,President Sue Lee; Vice President Dwight Alexander; Shelley Bradford-Bell; Kevin Hughes; William Lee; and Christina Olague,https://sfplanning.s3.amazonaws.com/default/files/meetingarchive/planning_dept/sf-planning.org/index.aspx-page%3D1254.html,3
2006-06-01,regular,index.aspx-page_1259.html,13:30,,31,26,Dean Macris – Director of Planning; Larry Badiner – Zoning Administrator; Amit Ghosh; Jonas Ionin; Alicia John-Baptiste; Elaine Forbes; Tina Tam; Craig Nikitas; Mary Woods; Kelly Amdur; Rick Crawford; Delvin Washington; Lois Scott; Linda Avery – Commission Secretary,President Sue Lee; Vice President Dwight Alexander; Michael Antonini; Shelley Bradford-Bell; Kevin Hughes; William Lee; and Christina Olague,https://sfplanning.s3.amazonaws.com/default/files/meetingarchive/planning_dept/sf-planning.org/index.aspx-page%3D1259.html,18
2006-06-08,regular,index.aspx-page_1290.html,13:30,,35,13,"Dean Macris – Director of Planning, Larry Badiner – Zoning Administrator, Amit Ghosh – Chief Planner, Dan Sider, Cytra Moitra, Rick Cooper, Paul Lord, Michael Smith, John Purvis, Shawn Mendrin, Jonas Ionin – Acting Commission Secretary.","S. Lee, Alexander, Antonini, Bradford-Bell, W. Lee and Olague",https://sfplanning.s3.amazonaws.com/default/files/meetingarchive/planning_dept/sf-planning.org/index.aspx-page%3D1290.html,0
2006-06-15,regular,index.aspx-page_1264.html,14:00,,37,29,Dean Macris – Director of Planning; Larry Badiner – Zoning Administrator; Amit Ghosh; Jonathan Lau; Jonas Ionin; Isolde Wilson; Michael Jacinto; Mat Snyder; Moses Corrette; Elaine Tope; Ben Fu; Dan Sirois; Glen Cabreros; Kate McGee; Linda Avery – Commission Secretary,President Sue Lee; Vice President Dwight Alexander; Michael Antonini; Shelley Bradford-Bell; Kevin Hughes; William Lee; and Christina Olague,https://sfplanning.s3.amazonaws.com/default/files/meetingarchive/planning_dept/sf-planning.org/index.aspx-page%3D1264.html,18
2006-06-22,regular,index.aspx-page_1255.html,13:30,,25,19,Dean Macris – Director of Planning; Neil Hart – Acting Zoning Administrator; Amit Ghosh; Michael Li; John Billovits; Tom Wang; April Hesik; Nannie Turrell; Linda Avery – Commission Secretary,President Sue Lee; Vice President Dwight Alexander; Michael Antonini; Shelley Bradford-Bell; Kevin Hughes; William Lee; and Christina Olague,https://sfplanning.s3.amazonaws.com/default/files/meetingarchive/planning_dept/sf-planning.org/index.aspx-page%3D1255.html,6
2006-07-13,regular,index.aspx-page_1263.html,13:30,,34,30,Dean Macris – Director of Planning; Larry Badiner – Zoning Administrator; Amit Ghosh; Glen Cabreros; Kimberly Durandet; Mary Woods; Dan DiBartolo; Susan Cleveland-Knowles – Deputy City Attorney; Linda Avery – Commission Secretary,President Dwight Alexander; Michael Antonini; William Lee; Kathrin Moore; Christina Olague; and Hisashi Sugaya,https://sfplanning.s3.amazonaws.com/default/files/meetingarchive/planning_dept/sf-planning.org/index.aspx-page%3D1263.html,11
2006-07-20,regular,index.aspx-page_1260.html,13:30,,17,13,Larry Badiner – Zoning Administrator; Sarah Dennis; Dan Sider; Glen Cabreros; Elaine Tope; Susan Cleveland-Knowles – Deputy City Attorney; Linda Avery – Commission Secretary,Dwight Alexander; Michael Antonini; William Lee; Kathrin Moore; Christina Olague; and Hisashi Sugaya,https://sfplanning.s3.amazonaws.com/default/files/meetingarchive/planning_dept/sf-planning.org/index.aspx-page%3D1260.html,8
2006-07-27,regular,index.aspx-page_1262.html,13:30,,37,33,Dean Macris – Director of Planning; Larry Badiner – Zoning Administrator; Amit Ghosh; Adam Varat; Adam Light; Dan Sider; Elizabeth Watty; Aaron Starr; April Hesik; Kate Stacey – Deputy City Attorney; Linda Avery – Commission Secretary,Michael Antonini; William Lee; Kathrin Moore and Christina Olague,https://sfplanning.s3.amazonaws.com/default/files/meetingarchive/planning_dept/sf-planning.org/index.aspx-page%3D1262.html,5
2006-08-03,regular,index.aspx-page_1268.html,13:30,,32,27,"Dean Macris – Director of Planning, Larry Badiner – Zoning Administrator, Glenn Cabreros, Michael E. Smith, Aaron Starr, Michael Li, Craig Nikitas; Sara Vellve, Thomas Wang, Shaunn Mendrin, Isolde Wilson, Linda Avery – Commission Secretary","Dwight S. Alexander; Christina Olague; Michael J. Antonini, William L. Lee; Kathrin Moore; Hisashi Sugaya",https://sfplanning.s3.amazonaws.com/default/files/meetingarchive/planning_dept/sf-planning.org/index.aspx-page%3D1268.html,36
2006-08-10,regular,index.aspx-page_1266.html,13:30,,33,23,Larry Badiner – Zoning Administrator and Acting Director; Dan Sider; Tom Wang; Kelly Amdur; Joshua Switzky; Alicia John-Baptiste; Glen Cabreros; Dan DiBartolo; Carol Roos; Isolde Wilson; Michelle Glueckert; Michael Li; Cecilia Jaroslawsky; April Hesik; Rick Crawford; Linda Avery – Commission Secretary,Vice President Christina Olague; Michael J. Antonini; William L. Lee; Kathrin Moore; Hisashi Sugaya,https://sfplanning.s3.amazonaws.com/default/files/meetingarchive/planning_dept/sf-planning.org/index.aspx-page%3D1266.html,16
2006-09-07,regular,index.aspx-page_1284.html,12:30,,15,8,"Dean Macris – Director of Planning, Larry Badiner – Zoning Administrator, Amit Ghosh – Chief Planner, Michael Jacinto, Tom Wang, Jon Purvis, John Billovits, AnMarie Rodgers, Linda Avery – Commission Secretary.","Alexander, Antonini, S. Lee, W. Lee, Moore, Olague, and Sugaya",https://sfplanning.s3.amazonaws.com/default/files/meetingarchive/planning_dept/sf-planning.org/index.aspx-page%3D1284.html,0
2006-09-14,regular,index.aspx-page_1285.html,13:30,,18,12,"Dean Macris – Director, Larry Badiner – Zoning Administrator, Amit Ghosh – Chief Planner, Dan Sider; Kate Conner; Rick Crawford; Dan DiBartolo; Sara Vellve; Steve Wertheim; Linda Avery – Commission Secretary",Vice President Christina Olague; Michael J. Antonini; William L. Lee; Kathrin Moore; Hisashi Sugaya,https://sfplanning.s3.amazonaws.com/default/files/meetingarchive/planning_dept/sf-planning.org/index.aspx-page%3D1285.html,3
2006-09-21,regular,index.aspx-page_1272.html,13:30,,25,17,"Dean Macris – Director of Planning, Larry Badiner – Zoning Administrator, Steve Wertheim, Craig Nikitas, Sara Vellve, Sarah Dennis, April Hesik, Shaun Mendrin, Elizabeth Watty, Rick Crawford, Aaron Starr, Edgar Oropeza, Linda D. Avery – Commission Secretary",Olague; Antonini; Lee; Moore; Sugaya,https://sfplanning.s3.amazonaws.com/default/files/meetingarchive/planning_dept/sf-planning.org/index.aspx-page%3D1272.html,17
2006-09-28,regular,index.aspx-page_1269.html,13:30,,19,15,"Dean Macris – Director of Planning, Larry Badiner – Zoning Administrator, Craig Nikitas, Jonathan Purvis, Isolde Wilson, Glenn Cabreros, Kimberly Durandet, April Hesik, Erika Jackson, AnMarie Rodgers, John Billovits, Jonas Ionin – Acting Commission Secretary","Olague, Antonini, Lee, Moore, Sugaya",https://sfplanning.s3.amazonaws.com/default/files/meetingarchive/planning_dept/sf-planning.org/index.aspx-page%3D1269.html,31
2006-10-05,regular,index.aspx-page_1270.html,13:30,,21,17,"Dean Macris – Director of Planning, Larry Badiner – Zoning Administrator, Craig Nikitas, Cecilia Jaroslawsky, Aaron Starr, Michael Li, Isolde Wilson, Kate Conner, Edgar Oropeza, Michael Smith, April Hesik, Linda Avery – Commission Secretary.","Olague, Antonini, Lee, Moore, Sugaya",https://sfplanning.s3.amazonaws.com/default/files/meetingarchive/planning_dept/sf-planning.org/index.aspx-page%3D1270.html,9
2006-10-12,regular,index.aspx-page_1267.html,13:30,,15,8,"Larry Badiner – Zoning Administrator, Amit Ghosh – Chief Planner; Craig Nikitas, Isolde Wilson, Michael E. Smith, Michael Jacinto, Kate Conner, Michael Li, Linda Avery – Commission Secretary","Alexander, Olague, Antonini, Lee, Moore and Sugaya",https://sfplanning.s3.amazonaws.com/default/files/meetingarchive/planning_dept/sf-planning.org/index.aspx-page%3D1267.html,8
2006-10-19,regular,index.aspx-page_1282.html,13:30,,25,16,"Dean Macris – Director of Planning , Larry Badiner – Zoning Administrator, Jonathan Purvis, Scott Sanchez, Elizabeth Watty, Dan Dibartolo, Ken Rich, Lisa Gibson, Tim Frye, Rick Crawford, Michelle Glueckert, Kate Conner, Isolde Wilson, Linda Avery – Commission Secretary.","Alexander, Olague, Antonini, Lee, Moore and Sugaya",https://sfplanning.s3.amazonaws.com/default/files/meetingarchive/planning_dept/sf-planning.org/index.aspx-page%3D1282.html,9
2006-10-19,special,index.aspx-page_1279.html,12:00,,2,1,"Kate Stacy – Deputy City Attorney, Linda Avery – Commission Secretary.","Alexander, Antonini, W. Lee, Moore, Olague, and Sugaya",https://sfplanning.s3.amazonaws.com/default/files/meetingarchive/planning_dept/sf-planning.org/index.aspx-page%3D1279.html,9
2006-10-26,regular,index.aspx-page_1286.html,13:30,,25,14,,"Olague, Antonini, Lee, Moore, and Sugaya",https://sfplanning.s3.amazonaws.com/default/files/meetingarchive/planning_dept/sf-planning.org/index.aspx-page%3D1286.html,2
2006-11-02,regular,index.aspx-page_1274.html,14:00,,23,7,"Dean Macris – Director of Planning, Larry Badiner – Zoning Administrator, Linda Avery – Commission Secretary.","Alexander, Olague, Antonini, Lee, Moore and Sugaya",https://sfplanning.s3.amazonaws.com/default/files/meetingarchive/planning_dept/sf-planning.org/index.aspx-page%3D1274.html,1
2006-11-02,special,index.aspx-page_1275.html,12:30,,1,1,Linda Avery – Commission Secretary and Kate Stacy – Deputy City Attorney,"ALEXANDER, OLAGUE, ANTONINI, W. LEE, MOORE and SUGAYA",https://sfplanning.s3.amazonaws.com/default/files/meetingarchive/planning_dept/sf-planning.org/index.aspx-page%3D1275.html,1
2006-11-09,regular,index.aspx-page_1289.html,14:00,,21,8,"Dean Macris – Director of Planning, Craig Nikitas – Acting Zoning Administrator, Amit Ghosh – Chief Planner, Glenn Cabreros, Dan Sider, Steve Wertheim, Tara Sullivan-Lenane, Michael Smith, Sharon Young, Matt Snyder, Ken Rich, John Billovits, David Alumbaugh, Peter Albert, Charles Rivasplata, Kearstin Dischinger, Jonas Ionin, Linda Avery – Commission Secretary.","Olague, Antonini, W. Lee, Moore and Sugaya",https://sfplanning.s3.amazonaws.com/default/files/meetingarchive/planning_dept/sf-planning.org/index.aspx-page%3D1289.html,1
2006-11-09,special,index.aspx-page_1276.html,11:30,,1,1,Linda Avery – Commission Secretary,"ALEXANDER (by conference call), OLAGUE, ANTONINI, W. LEE, MOORE and SUGAYA",https://sfplanning.s3.amazonaws.com/default/files/meetingarchive/planning_dept/sf-planning.org/index.aspx-page%3D1276.html,1
2006-11-30,special,index.aspx-page_1277.html,14:00,,16,5,"Dean Macris – Director of Planning, Larry Badiner – Zoning Administrator, Amit Ghosh – Chief Planner, Aaron Starr, Erika Jackson, Michael Li, Cecilia Jaroslawsky, Alicia John-Baptiste, Sophie Middlebrook, Tina Tam, Michelle Glueckert, April Hesik, Michael Li, Linda Avery – Commission Secretary.","Alexander, Olague, Antonini, S. Lee, Moore, and Sugaya",https://sfplanning.s3.amazonaws.com/default/files/meetingarchive/planning_dept/sf-planning.org/index.aspx-page%3D1277.html,2
2006-12-07,regular,index.aspx-page_1283.html,12:30,,15,8,"Dean Macris – Director of Planning, Larry Badiner – Zoning Administrator, Amit Ghosh – Chief Planner, Michael Jacinto, Tom Wang, Jon Purvis, John Billovits, AnMarie Rodgers, Linda Avery – Commission Secretary.","Alexander, Antonini, S. Lee, W. Lee, Moore, Olague, and Sugaya",https://sfplanning.s3.amazonaws.com/default/files/meetingarchive/planning_dept/sf-planning.org/index.aspx-page%3D1283.html,0
2006-12-07,special,index.aspx-page_1287.html,18:00,,1,1,"Dean Macris – Director of Planning, Larry Badiner – Zoning Administrator, Amit Ghosh – Chief Planner, Craig Nikitas, Sarah Dennis, and Linda Avery – Commission Secretary.","Alexander, Olague, Antonini, S. Lee, W. Lee, Moore and Sugaya",https://sfplanning.s3.amazonaws.com/default/files/meetingarchive/planning_dept/sf-planning.org/index.aspx-page%3D1287.html,0
2006-12-14,regular,index.aspx-page_1281.html,13:30,16:15,26,15,"Dean Macris – Director of Planning, Larry Badiner – Zoning Administrator, Amit Ghosh – Chief Planner, Jonathan Purvis, Linda Avery – Commission Secretary.","Alexander, Olague, Antonini, S. Lee, Moore and Sugaya.",https://sfplanning.s3.amazonaws.com/default/files/meetingarchive/planning_dept/sf-planning.org/index.aspx-page%3D1281.html,1
2007-01-11,regular,index.aspx-page_1294.html,13:30,,28,23,"Dean Macris – Director of Planning, Larry Badiner – Zoning Administrator, Amit Ghosh – Chief Planner, Craig Nikitas, Michael Li, April Hesik, Sara Vellve, Michelle Glueckert, Scott Sanchez, Sara Jones, Linda Avery – Commission Secretary.","Alexander, Antonini, S. Lee, W. Lee, Moore, Olague and Sugaya",https://sfplanning.s3.amazonaws.com/default/files/meetingarchive/planning_dept/sf-planning.org/index.aspx-page%3D1294.html,11
2007-01-18,regular,index.aspx-page_1315.html,13:30,,29,12,"Dean Macris – Director of Planning, Larry Badiner – Zoning Administrator, Amit Ghosh – Chief Planner, Sharon Young, Jon Lau, Rick Crawford, Tim Frye, Tina Tam, Craig Nikitas, Sarah Dennis, Glen Cabreros, Michael Li, Tara Sullivan-Lenane, Sara Vellve, Isolde Wilson, Ben Fu, Linda Avery – Commission Secretary.","Alexander, Antonini, S. Lee, W. Lee, Moore, Olague and Sugaya",https://sfplanning.s3.amazonaws.com/default/files/meetingarchive/planning_dept/sf-planning.org/index.aspx-page%3D1315.html,1
2007-01-25,regular,index.aspx-page_1314.html,13:30,,18,5,"Dean Macris – Director of Planning, Larry Badiner – Zoning Administrator, Amit Ghosh – Chief Planner, Alicia John-Baptiste, Glenn Cabreros, April Hasik, Elizabeth Watty, Michael Li, Linda Avery – Commission Secretary.","Alexander, Antonini, S. Lee, W. Lee, Moore, Olague and Sugaya",https://sfplanning.s3.amazonaws.com/default/files/meetingarchive/planning_dept/sf-planning.org/index.aspx-page%3D1314.html,3
2007-02-01,regular,index.aspx-page_1300.html,13:30,,23,1,"Dean Macris – Director of Planning, Larry Badiner – Zoning Administrator, Amit Ghosh – Chief Planner, Aaron Starr, Erika Jackson, Mary Woods, Cecilia Jaroslawsky, Linda Avery – Commission Secretary.","Alexander, Olague, Antonini, S. Lee, W. Lee, and Moore",https://sfplanning.s3.amazonaws.com/default/files/meetingarchive/planning_dept/sf-planning.org/index.aspx-page%3D1300.html,0
2007-02-01,special,index.aspx-page_1317.html,10:30,,1,1,"Dean Macris – Director of Planning, Larry Badiner – Zoning Administrator, Amit Ghosh – Chief Planner, David Alumbaugh, Joshua Switzky, Linda Avery – Commission Secretary.","Alexander, Olague, Antonini, S. Lee, W. Lee, Moore and Sugaya",https://sfplanning.s3.amazonaws.com/default/files/meetingarchive/planning_dept/sf-planning.org/index.aspx-page%3D1317.html,0
2007-02-08,regular,index.aspx-page_1313.html,13:30,,24,18,"Dean Macris – Director of Planning, Larry Badiner – Zoning Administrator, Elaine Forbes; Adam Light, Ben Fu, Jonas Ionin, Michael Li, John Billovits, Anmarie Rodgers, Aksel Olsen, Linda Avery – Commission Secretary.","Antonini, S. Lee, W. Lee, Moore, Olague and Sugaya",https://sfplanning.s3.amazonaws.com/default/files/meetingarchive/planning_dept/sf-planning.org/index.aspx-page%3D1313.html,8
2007-02-15,regular,index.aspx-page_1305.html,13:30,,20,5,"Dean Macris – Director of Planning, Larry Badiner – Zoning Administrator, Amit Ghosh – Chief Planner, Michael Smith, Aaron Starr, Alicia John-Baptiste, Michelle Glueckert, AnneMarie Rogers, John Billovits, Linda Avery – Commission Secretary.","Alexander, Antonini, S. Lee, W. Lee, Moore, Olague, and Sugaya",https://sfplanning.s3.amazonaws.com/default/files/meetingarchive/planning_dept/sf-planning.org/index.aspx-page%3D1305.html,9
2007-02-15,special,index.aspx-page_1312.html,12:00,,1,1,Linda Avery – Commission Secretary.,"Alexander, Antonini, S. Lee, W. Lee, Moore, Olague, and Sugaya",https://sfplanning.s3.amazonaws.com/default/files/meetingarchive/planning_dept/sf-planning.org/index.aspx-page%3D1312.html,9
2007-02-22,regular,index.aspx-page_1307.html,14:30,,22,6,"Dean Macris – Director of Planning, Larry Badiner – Zoning Administrator, Amit Ghosh – Chief Planner, Alicia John-Baptiste, April Hesik, Mat Snyder, Michael Li, Dan Dibartolo, Kimberly Durandet, Joshua Switzky, John Lau, Craig Nikitas, Linda Avery – Commission Secretary.","Moore, Antonini, S. Lee, W. Lee, Sugaya, Olague and Alexander",https://sfplanning.s3.amazonaws.com/default/files/meetingarchive/planning_dept/sf-planning.org/index.aspx-page%3D1307.html,0
2007-02-22,special,index.aspx-page_1306.html,13:30,,1,1,Linda Avery – Commission Secretary and Kate Stacy – Deputy City Attorney.,"Alexander, Antonini, S. Lee, W. Lee, Moore, Olague and Sugaya",https://sfplanning.s3.amazonaws.com/default/files/meetingarchive/planning_dept/sf-planning.org/index.aspx-page%3D1306.html,0
2007-03-01,regular,index.aspx-page_1293.html,14:30,,22,11,"Dean Macris – Director of Planning, Larry Badiner – Zoning Administrator, Amit Ghosh – Chief Planner, Ben Fu, Sophie Middlebrook, Paul Lord, Linda Avery – Commission Secretary.","OLAGUE, ANTONINI, S. LEE, W. LEE, and SUGAYA",https://sfplanning.s3.amazonaws.com/default/files/meetingarchive/planning_dept/sf-planning.org/index.aspx-page%3D1293.html,3
2007-03-01,special,index.aspx-page_1321.html,13:30,,1,1,Linda Avery – Commission Secretary and Kate Stacy – Deputy City Attorney,"OLAGUE, ANTONINI, S. LEE, W. LEE, and SUGAYA",https://sfplanning.s3.amazonaws.com/default/files/meetingarchive/planning_dept/sf-planning.org/index.aspx-page%3D1321.html,3
2007-03-08,regular,index.aspx-page_1308.html,14:00,,19,12,"Dean Macris – Director of Planning, Larry Badiner – Zoning Administrator, Amit Ghosh – Chief Planner, Aaron Starr, Edgar Oropeza, Michelle Glueckert, Anmarie Rodgers, Linda Avery – Commission Secretary.","Alexander, Antonini, W. Lee, S. Lee, Moore, Olague and Sugaya.",https://sfplanning.s3.amazonaws.com/default/files/meetingarchive/planning_dept/sf-planning.org/index.aspx-page%3D1308.html,2
2007-03-08,special,index.aspx-page_1304.html,10:00,,1,1,"Dean Macris – Director of Planning, Larry Badiner – Zoning Administrator, Amit Ghosh – Chief Planner, Linda Avery – Commission Secretary.","Alexander, Antonini, S. Lee, Moore and Olague",https://sfplanning.s3.amazonaws.com/default/files/meetingarchive/planning_dept/sf-planning.org/index.aspx-page%3D1304.html,2
2007-03-09,special,index.aspx-page_1292.html,08:30,,1,1,Linda Avery – Commission Secretary and Kate Stacy – Deputy City Attorney,"OLAGUE, ANTONINI, MOORE, and W. LEE",https://sfplanning.s3.amazonaws.com/default/files/meetingarchive/planning_dept/sf-planning.org/index.aspx-page%3D1292.html,0
2007-03-15,regular,index.aspx-page_1323.html,13:30,,21,8,"Dean Macris – Director of Planning, Larry Badiner – Zoning Administrator, Amit Ghosh – Chief Planner, Edgar Oropeza, Paul Lord, Rana Ahmadi, Michael Smith, Tara Sullivan-Lenane, Ben Fu, Cecilia Jaroslawsky, Craig Nikitas, Sophie Middlebrook, Linda Avery – Commission Secretary.","Alexander, Antonini, S. Lee, W. Lee, Moore, Olague and Sugaya.",https://sfplanning.s3.amazonaws.com/default/files/meetingarchive/planning_dept/sf-planning.org/index.aspx-page%3D1323.html,1
2007-03-15,special,index.aspx-page_1296.html,12:00,,2,1,"Joshua Switzky, Linda Avery – Commission Secretary.","Alexander, Antonini, S. Lee, W. Lee, Moore, Olague and Sugaya.",https://sfplanning.s3.amazonaws.com/default/files/meetingarchive/planning_dept/sf-planning.org/index.aspx-page%3D1296.html,1
2007-03-22,regular,index.aspx-page_1322.html,13:00,,42,19,"Dean Macris – Director of Planning, Larry Badiner – Zoning Administrator, Amit Ghosh – Chief Planner, Anmarie Rodgers, Craig Nikitas, Michelle Glueckert, Michael Li, Mary Woods, April Hesik, Jonas Ionin, Tina Tam, JimMiller, Rana Ahmadi, John Billovits, Linda Avery – Commission Secretary.","Antonini, S. Lee, W. Lee, Moore, Olague and Sugaya",https://sfplanning.s3.amazonaws.com/default/files/meetingarchive/planning_dept/sf-planning.org/index.aspx-page%3D1322.html,1
2007-03-22,special,index.aspx-page_1297.html,12:00,,2,1,Linda Avery – Commission Secretary.,"Moore, Olague, and Sugaya",https://sfplanning.s3.amazonaws.com/default/files/meetingarchive/planning_dept/sf-planning.org/index.aspx-page%3D1297.html,1
2007-03-29,special,index.aspx-page_1301.html,17:30,,2,1,"Dean Macris – Director of Planning, Larry Badiner – Zoning Administrator, Amit Ghosh – Chief Planner, Craig Nikitas, Neil Hart, Sarah Dennis, Linda Avery – Commission Secretary.","Olague, Antonini, S. Lee, W. Lee, Moore and Sugaya",https://sfplanning.s3.amazonaws.com/default/files/meetingarchive/planning_dept/sf-planning.org/index.aspx-page%3D1301.html,0
2007-04-05,regular,index.aspx-page_1324.html,13:30,,43,23,"Dean Macris – Director of Planning, Amit Ghosh – Chief Planner, Neil Hart, Craig Nikitas, Michael Smith, Glenn Cabreros, Viktorya Wise, Jim Miller, Erika Jackson, Paul Lord, Michael Li, Rahna Ahmadi, John Billovits, Anmarie Rodgers, Linda Avery – Commission Secretary.","Alexander, Olague, Antonini, S. Lee, W. Lee, Moore and Sugaya",https://sfplanning.s3.amazonaws.com/default/files/meetingarchive/planning_dept/sf-planning.org/index.aspx-page%3D1324.html,0
2007-04-05,special,index.aspx-page_1303.html,10:00,,1,1,"Dean Macris – Director of Planning, Amit Ghosh – Chief Planner, Linda Avery – Commission Secretary, Jonas Ionin – Acting Commission Secretary.","Alexander, Olague, Antonini, S. Lee, W. Lee, Moore and Sugaya",https://sfplanning.s3.amazonaws.com/default/files/meetingarchive/planning_dept/sf-planning.org/index.aspx-page%3D1303.html,0
2007-04-06,special,index.aspx-page_1302.html,09:30,,1,1,Linda Avery – Commission Secretary.,"Alexander, Antonini, S. Lee, W. Lee, Moore, Olague, and Sugaya",https://sfplanning.s3.amazonaws.com/default/files/meetingarchive/planning_dept/sf-planning.org/index.aspx-page%3D1302.html,1
2007-04-12,regular,index.aspx-page_1298.html,13:30,,18,5,"Dean Macris – Director of Planning, Larry Badiner – Zoning Administrator, Amit Ghosh – Chief Planner, Sarah Dennis, AnMarie Rodgers, Michael Li, Thomas Wang, Kimberly Durandet, Cecilia Jaroslawsky, Linda Avery – Commission Secretary.","Olague, Antonini, S. Lee, W. Lee, Moore and Sugaya",https://sfplanning.s3.amazonaws.com/default/files/meetingarchive/planning_dept/sf-planning.org/index.aspx-page%3D1298.html,0
2007-04-19,regular,index.aspx-page_1309.html,13:30,,26,13,"Dean Macris – Director of Planning, Larry Badiner – Zoning Administrator, Amit Ghosh – Chief Planner, Erika Jackson, Viktoriya Wise, Johathan Purvis,","Alexander, Olague, Antonini, S. Lee, W. Lee, Moore and Sugaya",https://sfplanning.s3.amazonaws.com/default/files/meetingarchive/planning_dept/sf-planning.org/index.aspx-page%3D1309.html,0
2007-04-26,regular,index.aspx-page_1310.html,13:30,,23,7,"Dean Macris – Director of Planning, Larry Badiner – Zoning Administrator, Amit Ghosh – Chief Planner, AnMarie Rodgers, Michael Smith, Sharon Young, Kate Conner, Sophie Middlebrook, Ken Rich, Linda Avery – Commission Secretary.","Alexander, Olague, Antonini, S. Lee, W. Lee, Moore and Sugaya.",https://sfplanning.s3.amazonaws.com/default/files/meetingarchive/planning_dept/sf-planning.org/index.aspx-page%3D1310.html,1
2007-05-04,special,index.aspx-page_1299.html,12:30,,1,1,Linda Avery – Commission Secretary.,"Alexander, Antonini, S. Lee, W. Lee, Moore, Olague, and Sugaya",https://sfplanning.s3.amazonaws.com/default/files/meetingarchive/planning_dept/sf-planning.org/index.aspx-page%3D1299.html,1
2007-05-10,regular,index.aspx-page_1318.html,13:30,,31,12,"Dean Macris – Director of Planning, Larry Badiner – Zoning Administrator, Amit Ghosh – Chief Planner, AnMarie Rodgers, Michelle Glueckert, Edgar Oropeza, Jim Miller, Kate Conner, Michael Smith, Tina Tam, Linda Avery – Commission Secretary.","Alexander, Olague, Antonini, S. Lee, W. Lee, Moore and Sugaya.",https://sfplanning.s3.amazonaws.com/default/files/meetingarchive/planning_dept/sf-planning.org/index.aspx-page%3D1318.html,1
2007-05-10,special,index.aspx-page_1295.html,10:30,,1,1,Linda Avery – Commission Secretary.,"Alexander, Antonini, S. Lee, W. Lee, Moore, Olague, and Sugaya",https://sfplanning.s3.amazonaws.com/default/files/meetingarchive/planning_dept/sf-planning.org/index.aspx-page%3D1295.html,1
2007-05-17,regular,index.aspx-page_1326.html,13:30,,28,8,"Larry Badiner – Zoning Administrator, Amit Ghosh – Chief Planner, Michael Smith, Kimberly Durandet,","Alexander, Olague, Antonini, S. Lee, W. Lee, Moore and Sugaya.",https://sfplanning.s3.amazonaws.com/default/files/meetingarchive/planning_dept/sf-planning.org/index.aspx-page%3D1326.html,1
2007-05-17,special,index.aspx-page_1311.html,11:00,,2,1,Linda Avery – Commission Secretary.,"Alexander, Antonini, S. Lee, W. Lee, Moore, and Olague",https://sfplanning.s3.amazonaws.com/default/files/meetingarchive/planning_dept/sf-planning.org/index.aspx-page%3D1311.html,1
2007-05-24,regular,index.aspx-page_1320.html,13:30,,23,14,"Dean Macris – Director of Planning, Larry Badiner – Zoning Administrator, Amit Ghosh – Chief Planner, Sophie Middlebrook, Aaron Starr, Viktoriya Wise, Linda Avery – Commission Secretary","Alexander, Olague, Antonini, S. Lee, W. Lee and Moore",https://sfplanning.s3.amazonaws.com/default/files/meetingarchive/planning_dept/sf-planning.org/index.aspx-page%3D1320.html,1
2007-05-24,special,index.aspx-page_1319.html,11:00,,2,1,"Kate Stacy – Deputy City Attorney, Linda Avery – Commission Secretary.","Alexander, Antonini, S. Lee, W. Lee, Moore, and Olague",https://sfplanning.s3.amazonaws.com/default/files/meetingarchive/planning_dept/sf-planning.org/index.aspx-page%3D1319.html,1
2007-05-31,special,index.aspx-page_1325.html,13:30,,11,5,"Larry Badiner – Zoning Administrator, Sarah Vellve, Linda Avery – Commission Secretary.","Olague, Antonini, S. Lee, W. Lee, Moore and Sugaya.",https://sfplanning.s3.amazonaws.com/default/files/meetingarchive/planning_dept/sf-planning.org/index.aspx-page%3D1325.html,0
2007-06-07,regular,index.aspx-page_1331.html,13:30,,34,17,"Dean Macris – Director of Planning, Larry Badiner – Zoning Administrator, Amit Ghosh – Chief Planner, Rick Crawford, Edgar Oropeza, Sarah Vellve, Ben Fu, Viktoriya Wise, Matt Snyder, Michael Jacinto, Tina Tam, Glenn Cabreros, Tara Sullivan-Lenane, John Billovits, Kristine Dischinger, Linda Avery – Commission Secretary.","Alexander, Olague, Antonini, S. Lee, W. Lee, Moore and Sugaya.",https://sfplanning.s3.amazonaws.com/default/files/meetingarchive/planning_dept/sf-planning.org/index.aspx-page%3D1331.html,0
2007-06-07,special,index.aspx-page_1332.html,12:00,,1,0,,,https://sfplanning.s3.amazonaws.com/default/files/meetingarchive/planning_dept/sf-planning.org/index.aspx-page%3D1332.html,0
2007-06-14,regular,index.aspx-page_1327.html,13:30,,18,9,"Dean Macris – Director of Planning, Larry Badiner – Zoning Administrator, Amit Ghosh – Chief Planner, Aaron Starr, Alice John-Baptiste, Viktoriya Wise, Tim Frye, Sharon Young, Tom Wang, Linda Avery – Commission Secretary.","Alexander, Olague, Antonini, S. Lee, W. Lee, Moore and Sugaya",https://sfplanning.s3.amazonaws.com/default/files/meetingarchive/planning_dept/sf-planning.org/index.aspx-page%3D1327.html,1
2007-06-14,special,index.aspx-page_1328.html,08:15,,2,1,"Kate Stacy – Deputy City Attorney, Linda Avery – Commission Secretary.","Alexander, Antonini, S. Lee, W. Lee, Moore, Olague, and Sugaya",https://sfplanning.s3.amazonaws.com/default/files/meetingarchive/planning_dept/sf-planning.org/index.aspx-page%3D1328.html,1
2007-06-21,regular,index.aspx-page_1330.html,13:30,,31,13,"Dean Macris – Director of Planning, Larry Badiner – Zoning Administrator, Amit Ghosh – Chief Planner, Mary Woods, Kate Conner, Michelle Glueckert, Elizabeth Watty, Glenn Cabreros, Rick Crawford, Aaron Starr, Cecilia Jaroslawsky, Sharon Young, Linda Avery – Commission Secretary.","Alexander, Olague, Antonini, S. Lee, W. Lee, Moore and Sugaya.",https://sfplanning.s3.amazonaws.com/default/files/meetingarchive/planning_dept/sf-planning.org/index.aspx-page%3D1330.html,1
2007-06-21,special,index.aspx-page_1329.html,12:00,,2,1,Linda Avery – Commission Secretary.,"Alexander, Antonini, S. Lee, W. Lee, Moore, Olague, and Sugaya",https://sfplanning.s3.amazonaws.com/default/files/meetingarchive/planning_dept/sf-planning.org/index.aspx-page%3D1329.html,1
2007-06-28,regular,index.aspx-page_1333.html,13:30,,20,8,"Dean Macris – Director of Planning, Larry Badiner – Zoning Administrator, Amit Ghosh – Chief Planner, AnMarie Rodgers, Ken Rich, Aaron Starr, Jonas Ionin, Susan Exline, Michelle Glueckert, Glenn Cabreros, Jim Miller, Linda Avery – Commission Secretary.","Alexander, Olague, Antonini, W. Lee, Moore and Sugaya.",https://sfplanning.s3.amazonaws.com/default/files/meetingarchive/planning_dept/sf-planning.org/index.aspx-page%3D1333.html,0
2007-07-12,regular,index.aspx-page_1337.html,13:00,,25,11,"Dean Macris – Director of Planning, Adam Light – Co-Acting Zoning Administrator and David Lindsay – Co-Acting Zoning Administrator, Amit Ghosh – Chief Planner, Anmarie Rodgers, Craig Nikitas, James Miller, Edgar Oropeza, April Hesik, Michael Li, Nannie Turrell, Kearstin Dischinger, Jonathan Lau, Linda Avery – Commission Secretary.","Alexander, Olague, Antonini, S. Lee, W. Lee, Moore and Sugaya.",https://sfplanning.s3.amazonaws.com/default/files/meetingarchive/planning_dept/sf-planning.org/index.aspx-page%3D1337.html,0
2007-07-12,special,index.aspx-page_1334.html,10:00,,2,1,"Dean Macris – Director of Planning, Amit Ghosh – Chief Planner, Bill Wycko, Linda Avery – Commission Secretary.","Olague, Antonini, S. Lee, W. Lee, Moore and Sugaya.",https://sfplanning.s3.amazonaws.com/default/files/meetingarchive/planning_dept/sf-planning.org/index.aspx-page%3D1334.html,0
2007-07-19,regular,index.aspx-page_1335.html,13:30,,17,7,"Dean Macris – Director of Planning, Delvin Washington & Julian Banales – Acting Zoning Administrator, Amit Ghosh – Chief Planner, Anmarie Rodgers, Craig Nikitas, Tim Frye, Mary Woods, Ericka Jackson, Kate Connor, Ken Rich, Susan Exline, Tim Frye, Moses Corrette, and Linda Avery – Commission Secretary.","Alexander, Olague, Antonini, S. Lee, Moore and Sugaya.",https://sfplanning.s3.amazonaws.com/default/files/meetingarchive/planning_dept/sf-planning.org/index.aspx-page%3D1335.html,0
2007-07-26,regular,index.aspx-page_1336.html,13:30,,24,9,"Dean Macris – Director of Planning, Larry Badiner – Zoning Administrator, Amit Ghosh – Chief Planner, Michael Li, Tara Sullivan-Lenane, Craig Nikitas,","Olague, Antonini, S. Lee, W. Lee, Moore and Sugaya",https://sfplanning.s3.amazonaws.com/default/files/meetingarchive/planning_dept/sf-planning.org/index.aspx-page%3D1336.html,0
2007-08-02,regular,index.aspx-page_1338.html,13:30,,23,14,"Dean Macris – Director of Planning, Larry Badiner – Zoning Administrator, Amit Ghosh – Chief Planner, Anmarie Rodgers, Isolde Wilson, Craig Nikitas, Aaron Hollister, Glenn Cabreros, Kate Conner, Sophie Middlebrook, Edgar Oropeza and Linda Avery – Commission Secretary.","Alexander, Olague, S. Lee, W. Lee, Moore and Sugaya",https://sfplanning.s3.amazonaws.com/default/files/meetingarchive/planning_dept/sf-planning.org/index.aspx-page%3D1338.html,0
2007-08-09,regular,index.aspx-page_1339.html,13:30,,25,11,"Dean Macris – Director of Planning, Larry Badiner – Zoning Administrator, Amit Ghosh – Chief Planner, Anmarie Rodgers, Adam Light, Joshua Switzky, Sarah Jones, Craig Nikitas, Aaron Starr, Kate Conner, Ben Fu, Cecilia Jaroslawsky, Elizabeth Watty, Michelle Glueckert, Elaine Forbes, Michael Jacinto, Ken Rich, Linda Avery – Commission Secretary.","Olague, Antonini, S. Lee, W. Lee, Moore and Sugaya",https://sfplanning.s3.amazonaws.com/default/files/meetingarchive/planning_dept/sf-planning.org/index.aspx-page%3D1339.html,0
2007-08-13,special,index.aspx-page_1340.html,10:00,,2,1,"Kate Stacy – Deputy City Attorney, Linda Avery – Commission Secretary.","Alexander, Antonini, S. Lee, W. Lee, Olague, and Sugaya",https://sfplanning.s3.amazonaws.com/default/files/meetingarchive/planning_dept/sf-planning.org/index.aspx-page%3D1340.html,1
2007-08-30,special,index.aspx-page_1344.html,13:00,,13,5,"Dean Macris – Director of Planning, Larry Badiner – Zoning Administrator, Amit Ghosh – Chief Planner, Aaron Varat, Jonas Ionin, Ken Rich, Sarah Dennis, Nannie Turrell, Mathew Snyder, Linda Avery – Commission Secretary.","Alexander, Olague, Antonini, S. Lee, W. Lee, Moore and Sugaya",https://sfplanning.s3.amazonaws.com/default/files/meetingarchive/planning_dept/sf-planning.org/index.aspx-page%3D1344.html,1
2007-09-06,special,index.aspx-page_1342.html,10:00,,2,1,"Dean Macris – Director of Planning, Linda Avery – Commission Secretary.","Olague, Antonini, S. Lee, W. Lee, Moore and Sugaya",https://sfplanning.s3.amazonaws.com/default/files/meetingarchive/planning_dept/sf-planning.org/index.aspx-page%3D1342.html,0
2007-09-20,special,index.aspx-page_1346.html,13:30,,28,11,"Dean Macris – Director of Planning, Larry Badiner – Zoning Administrator, Amit Ghosh – Chief Planner, Delvin Washington – Acting Zoning Administrator, Elizabeth Watty, Sophie Middlebrook, Aaron Starr, Ben Fu, Diana Sokolove, Tara Sullivan-Lenane, Joshua Switzky, Sarah Dennis, Stephen Shotland, Linda Avery – Commission Secretary.","Alexander, Olague, Antonini, S. Lee, W. Lee, Moore and Sugaya",https://sfplanning.s3.amazonaws.com/default/files/meetingarchive/planning_dept/sf-planning.org/index.aspx-page%3D1346.html,0
2007-09-27,regular,index.aspx-page_1347.html,13:30,,23,11,"Dean Macris – Director of Planning, Larry Badiner – Zoning Administrator, Amit Ghosh – Chief Planner, Tara Sullivan-Lenane, Scott Sanchez, Sue Exline, Sharon Young, Elizabeth Watty, Aaron Starr, Nannie Turrell Jonas Ionin – Acting Commission Secretary.","Alexander, Olague, Antonini, S. Lee, W. Lee, Moore and Sugaya",https://sfplanning.s3.amazonaws.com/default/files/meetingarchive/planning_dept/sf-planning.org/index.aspx-page%3D1347.html,0
2007-10-04,regular,index.aspx-page_1348.html,15:30,,10,4,"Dean Macris – Director of Planning, Larry Badiner – Zoning Administrator, Amit Ghosh – Chief Planner, Diana Sokolove, John Billovits, Susan Mickelsen, Mathew Snyder, Jonas Ionin – Acting Commission Secretary.","Olague, Antonini, S. Lee, W. Lee, Moore and Sugaya",https://sfplanning.s3.amazonaws.com/default/files/meetingarchive/planning_dept/sf-planning.org/index.aspx-page%3D1348.html,0
2007-10-11,regular,index.aspx-page_1349.html,13:30,,21,5,"Dean Macris – Director of Planning, Larry Badiner – Zoning Administrator, Amit Ghosh – Chief Planner, Scott Sanchez, Kelly Amdur, Adam Light, Craig Nikitas, Diana Sokolove, AnMarie Rodgers, Kate McGee, Ken Rich, John Billovits, Jim Miller, Sharon Young, Aaron Hollister, Michelle Glueckert, Elizabeth Watty, Edgar Oropeza and Linda Avery – Commission Secretary.","Alexander, Olague, Antonini, S. Lee, W. Lee, Moore and Sugaya",https://sfplanning.s3.amazonaws.com/default/files/meetingarchive/planning_dept/sf-planning.org/index.aspx-page%3D1349.html,0
2007-10-18,special,index.aspx-page_1350.html,13:30,,23,9,"Dean Macris – Director of Planning, Larry Badiner – Zoning Administrator, Amit Ghosh – Chief Planner, Elizabeth Watty, Glen Cabreros, Cecilia Jaroslawsky, Tom Wang, Aaron Starr, Sara Vellve, Michael Li, Jonas Ionin – Acting Commission Secretary.","Alexander, Antonini, S. Lee, W. Lee, Moore and Sugaya",https://sfplanning.s3.amazonaws.com/default/files/meetingarchive/planning_dept/sf-planning.org/index.aspx-page%3D1350.html,0
2007-10-25,regular,index.aspx-page_1345.html,13:30,,26,16,"Dean Macris – Director of Planning, Larry Badiner – Zoning Administrator, Amit Ghosh – Chief Planner, AnMarie Rodgers, Erika Jackson, Susan Exline, Sophie Middlebrook, Richard Cooper, and Linda Avery – Commission Secretary.","Alexander, Olague, Antonini, S. Lee, W. Lee, Moore and Sugaya",https://sfplanning.s3.amazonaws.com/default/files/meetingarchive/planning_dept/sf-planning.org/index.aspx-page%3D1345.html,1
2007-11-01,regular,index.aspx-page_1351.html,16:00,,16,5,"Dean Macris – Director of Planning, Larry Badiner – Zoning Administrator, Amit Ghosh – Chief Planner, Ken Rich, Adam Varat, Jonas Ionin, Mathew Snyder, Adam Light, Joan Kugler, and Linda Avery – Commission Secretary.","Olague, Antonini, S. Lee, W. Lee and Sugaya",https://sfplanning.s3.amazonaws.com/default/files/meetingarchive/planning_dept/sf-planning.org/index.aspx-page%3D1351.html,0
2007-11-08,regular,index.aspx-page_1352.html,13:30,,25,13,"Dean Macris – Director of Planning, Larry Badiner – Zoning Administrator, Amit Ghosh – Chief Planner, Sophie Middlebrook, Aaron Hollister, Edgar Oropeza, Dan DiBartolo, Craig Nikitas, and Linda Avery – Commission Secretary.","Alexander, Olague, Antonini, S. Lee, W. Lee, Moore and Sugaya",https://sfplanning.s3.amazonaws.com/default/files/meetingarchive/planning_dept/sf-planning.org/index.aspx-page%3D1352.html,0
2007-11-15,regular,index.aspx-page_1353.html,13:30,,25,10,"Dean Macris – Director of Planning, Larry Badiner – Zoning Administrator, Amit Ghosh – Chief Planner, AnMarie Rodgers, Jonas Ionin, Nannie Turrell, Rosemary Dudley, Ken Rich, Joan Kugler, Tom Wang, Adrian Putra, Aaron Hollister, and Linda Avery – Commission Secretary","Alexander, Olague, Antonini, S. Lee, W. Lee and Sugaya",https://sfplanning.s3.amazonaws.com/default/files/meetingarchive/planning_dept/sf-planning.org/index.aspx-page%3D1353.html,0
2007-12-06,regular,index.aspx-page_1355.html,13:30,,22,11,"Dean Macris – Director of Planning, Larry Badiner – Zoning Administrator, Amit Ghosh – Chief Planner, Elizabeth Watty, Steve Wertheim, Scott Sanchez, and Linda Avery – Commission Secretary.","Olague, Antonini, S. Lee, W. Lee, Moore and Sugaya",https://sfplanning.s3.amazonaws.com/default/files/meetingarchive/planning_dept/sf-planning.org/index.aspx-page%3D1355.html,0
2007-12-06,special,index.aspx-page_1354.html,10:00,,2,1,"Dean Macris – Director of Planning, Amit Ghosh – Chief Planner, Kate Stacey – City Attorney, Craig Nikitas, and Linda Avery – Commission Secretary.","Olague, Antonini, S. Lee, W. Lee, Moore",https://sfplanning.s3.amazonaws.com/default/files/meetingarchive/planning_dept/sf-planning.org/index.aspx-page%3D1354.html,0
2007-12-13,regular,index.aspx-page_1356.html,13:30,,25,15,"Dean Macris – Director of Planning, Craig Nikitas – Acting Zoning Administrator, Amit Ghosh – Chief Planner, Corey Teague, Kate Conner, Adam Light, Michelle Glueckert, Sara Vellve, Ken Rich, Johnny Jaramillo, Lily Langlois, Sue Exline, Andres Power, Jonathan Swae, Sarah Dennis, Claudia Flores, Dan DiBartolo, and Linda Avery – Commission Secretary.","Alexander, Olague, Antonini, S. Lee, W. Lee, Moore and Sugaya",https://sfplanning.s3.amazonaws.com/default/files/meetingarchive/planning_dept/sf-planning.org/index.aspx-page%3D1356.html,0
2007-12-20,regular,index.aspx-page_1357.html,13:30,,18,11,"Adam Light – Acting Zoning Administrator, Amit Ghosh – Chief Planner, Delvin Washington, Sharon Young, Mary Woods, Tara Sullivan-Lenane, Scott Sanchez, David Lindsay, Elizabeth Watty, and Jonas Ionin – Acting Commission Secretary.","Alexander, Olague, Antonini, S. Lee, W. Lee, Moore and Sugaya",https://sfplanning.s3.amazonaws.com/default/files/meetingarchive/planning_dept/sf-planning.org/index.aspx-page%3D1357.html,0
2008-01-10,regular,index.aspx-page_1378.html,13:30,,21,11,"John Rahaim – Director of Planning, Larry Badiner – Zoning Administrator, Amit Ghosh – Chief Planner, AnMarie Rodgers, Mathew Snyder, Jonas Ionin, Mary Woods, Scott Sanchez, Tara Sullivan-Lenane, Edgar Oropeza, Rich Crawford, and Linda Avery – Commission Secretary.","Olague, Antonini, S. Lee, W. Lee, Moore and Sugaya",https://sfplanning.s3.amazonaws.com/default/files/meetingarchive/planning_dept/sf-planning.org/index.aspx-page%3D1378.html,0
2008-01-17,regular,index.aspx-page_1379.html,13:30,,25,15,"John Rahaim – Director of Planning, Larry Badiner – Zoning Administrator, Amit Ghosh – Chief Planner, Anmarie Rodgers, Sophie Middlebrook, Aaron Starr, Jonas Ionin, Brett Bollinger, Sarah Dennis, Stephen Shotland, Joshua Switzky, David Alumbaugh, Adrian Putra, Leigh Kienker, Sara Vellve, Shelley Perdue, and Linda Avery – Commission Secretary.","Alexander, Olague, Antonini, S. Lee, W. Lee, Moore and Sugaya",https://sfplanning.s3.amazonaws.com/default/files/meetingarchive/planning_dept/sf-planning.org/index.aspx-page%3D1379.html,0
2008-01-24,regular,index.aspx-page_1380.html,13:30,,28,22,"John Rahaim – Director of Planning, Larry Badiner – Zoning Administrator, Amit Ghosh – Chief Planner, Scott Sanchez, Jessica Range, Angela Heitter, Tara Sullivan-Lenane, Aaron Hollister, Ken Rich, Sue Exline, Jonathan Swae, Claudia Flores, Sarah Dennis, Tim Frye, Andres Power, and Linda Avery – Commission Secretary.","Alexander, Olague, Antonini, S. Lee, W. Lee, Moore and Sugaya",https://sfplanning.s3.amazonaws.com/default/files/meetingarchive/planning_dept/sf-planning.org/index.aspx-page%3D1380.html,10
2008-01-31,special,index.aspx-page_1381.html,13:30,,24,11,"John Rahaim – Director of Planning, Larry Badiner – Zoning Administrator, Amit Ghosh – Chief Planner, AnMarie Rodgers, Elaine Forbes, Rick Crawford, Aaron Hollister, Sara Vellve, Sarah Jones, Craig Nikitas, Jim Miller, Dario Jones, Joshua Switzky, Erika Jackson, and Linda Avery – Commission Secretary.","Olague, Antonini, S. Lee, W. Lee, Moore and Sugaya",https://sfplanning.s3.amazonaws.com/default/files/meetingarchive/planning_dept/sf-planning.org/index.aspx-page%3D1381.html,0
2008-02-07,regular,index.aspx-page_1393.html,13:30,,33,19,"John Rahaim – Director of Planning, Larry Badiner – Zoning Administrator, Amit Ghosh – Chief Planner, Alicia John-Baptiste, William Wycko, Tim Frye, Sharon Young, Glenn Cabreros, Tara Sullivan-Lenane, AnMarie Rodgers, Amnon Ben-Pazi, and Linda Avery – Commission Secretary.","Alexander, Olague, Antonini, S. Lee, W. Lee, Moore and Sugaya",https://sfplanning.s3.amazonaws.com/default/files/meetingarchive/planning_dept/sf-planning.org/index.aspx-page%3D1393.html,0
2008-02-14,regular,index.aspx-page_1392.html,13:30,,27,3,"John Rahaim – Director of Planning, Larry Badiner – Zoning Administrator, Amit Ghosh – Chief Planner, Scott Sanchez, Alicia John-Baptiste, Elaine Forbes, Sharon Young, Amnon Ben-Pazi, Aaron Hollister, Edgar Oropeza, Tara Sullivan-Lenane, Cecilia Jaroslawsky, Corey Teague, and Linda Avery – Commission Secretary.","Alexander, Olague, Antonini, S. Lee, W. Lee, Moore and Sugaya",https://sfplanning.s3.amazonaws.com/default/files/meetingarchive/planning_dept/sf-planning.org/index.aspx-page%3D1392.html,0
2008-02-21,regular,index.aspx-page_1382.html,13:30,,23,11,"John Rahaim – Director of Planning, Larry Badiner – Zoning Administrator, Amit Ghosh – Chief Planner, Scott Sanchez, Alicia John-Baptiste, David Alumbaugh, Brittany Bendix, Michael Jacinto, Joy Navarrete, Tim Frye, Aaron Hollister, and Linda Avery – Commission Secretary.","Olague, Antonini, S. Lee, W. Lee, Moore and Sugaya",https://sfplanning.s3.amazonaws.com/default/files/meetingarchive/planning_dept/sf-planning.org/index.aspx-page%3D1382.html,0
2008-02-28,regular,index.aspx-page_1383.html,13:30,,27,11,"John Rahaim – Director of Planning, Larry Badiner – Zoning Administrator, Amit Ghosh – Chief Planner, Scott Sanchez, David Lindsay, Sarah Jones, Adrian Putra, Corey Teague, Edgar Oropeza, Ericka Jackson, Glenn Cabreros, and Linda Avery – Commission Secretary.","Olague, Antonini, S. Lee, W. Lee, Moore and Sugaya",https://sfplanning.s3.amazonaws.com/default/files/meetingarchive/planning_dept/sf-planning.org/index.aspx-page%3D1383.html,0
2008-03-06,regular,index.aspx-page_1384.html,13:30,,22,8,"John Rahaim – Director of Planning, Craig Nikitas – Acting Zoning Administrator, Amit Ghosh – Chief Planner, AnMarie Rodgers, Scott Sanchez, Elaine Forbes, Jonathan Purvis, Kimberly Durandet, Amnon Ben-Pazi, Adrian Putra, Christina Lamorena, Rick Crawford, Corey Teague, and Linda Avery – Commission Secretary.","Olague, Antonini, S. Lee, W. Lee, Moore and Sugaya",https://sfplanning.s3.amazonaws.com/default/files/meetingarchive/planning_dept/sf-planning.org/index.aspx-page%3D1384.html,0
2008-03-13,regular,index.aspx-page_1385.html,13:30,,26,12,"John Rahaim – Director of Planning, Larry Badiner – Zoning Administrator, Amit Ghosh – Chief Planner, AnMarie Rodgers, Scott Sanchez, Diego Sanchez, Jim Miller, Aaron Hollister, Tara Sullivan-Lenane, Cecilia Jarowslasky, Thomas Wang, and Jonas Ionin – Acting Commission Secretary.","Olague, Antonini, S. Lee, W. Lee, Moore and Sugaya",https://sfplanning.s3.amazonaws.com/default/files/meetingarchive/planning_dept/sf-planning.org/index.aspx-page%3D1385.html,0
2008-03-20,regular,index.aspx-page_1386.html,13:30,,27,12,"John Rahaim – Director of Planning, Larry Badiner – Zoning Administrator, Amit Ghosh – Chief Planner, Anmarie Rodgers, Elizabeth Watty, Rick Crawford, Adrian Putra, and Linda Avery – Commission Secretary.","Olague, Antonini, S. Lee, Moore and Sugaya",https://sfplanning.s3.amazonaws.com/default/files/meetingarchive/planning_dept/sf-planning.org/index.aspx-page%3D1386.html,0
2008-03-27,regular,index.aspx-page_1391.html,13:30,,18,9,"John Rahaim – Director of Planning, Larry Badiner – Zoning Administrator, Amit Ghosh – Chief Planner, Anmarie Rodgers, Kelly Amdur, Kearstin Dischinger, David Alumbaugh, Angela Heitter, Tara Sullivan-Lenane, Aaron Hollister, Michael Smith, David Lindsay, and Linda Avery – Commission Secretary.","Olague, Antonini, S. Lee, Moore and Sugaya",https://sfplanning.s3.amazonaws.com/default/files/meetingarchive/planning_dept/sf-planning.org/index.aspx-page%3D1391.html,0
2008-04-03,regular,index.aspx-page_1390.html,13:30,,20,9,"John Rahaim – Director of Planning, Larry Badiner – Zoning Administrator, Amit Ghosh – Chief Planner, Anmarie Rodgers, Erika Jackson, Mathew Snyder, Nannie Turrell, Christine Lamorena, Michael Smith, and Linda Avery – Commission Secretary.","Olague, Antonini, S. Lee, W. Lee, Moore and Sugaya",https://sfplanning.s3.amazonaws.com/default/files/meetingarchive/planning_dept/sf-planning.org/index.aspx-page%3D1390.html,0
2008-04-10,regular,index.aspx-page_1389.html,13:30,,20,6,"John Rahaim – Director of Planning, Larry Badiner – Zoning Administrator, Amit Ghosh – Chief Planner, Anmarie Rodgers, Scott Sanchez, Craig Nikitas, Sharon Young, Edgar Oropeza, Daniel Sider, Devyani Jain, Tara Sullivan-Lenane, Erika Jackson, and Linda Avery – Commission Secretary.","Olague, Antonini, S. Lee, W. Lee, Moore and Sugaya",https://sfplanning.s3.amazonaws.com/default/files/meetingarchive/planning_dept/sf-planning.org/index.aspx-page%3D1389.html,0
2008-04-17,regular,index.aspx-page_1388.html,13:30,,19,11,"John Rahaim – Director of Planning, Larry Badiner – Zoning Administrator, Amit Ghosh – Chief Planner, Anmarie Rodgers, Alicia John-Baptiste, Mary Woods, Amnon Ben-Pazi, Corey Teague, Angela Heitter, Ken Rich, Claudia Flores, and Linda Avery – Commission Secretary.","Olague, Antonini, S. Lee, W. Lee and Sugaya",https://sfplanning.s3.amazonaws.com/default/files/meetingarchive/planning_dept/sf-planning.org/index.aspx-page%3D1388.html,0
2008-04-24,regular,index.aspx-page_1387.html,13:30,,20,10,"John Rahaim – Director of Planning, Larry Badiner – Zoning Administrator, Amit Ghosh – Chief Planner, AnMarie Rodgers, Sharon Young, Brittany Bendix, Thomas Wang, Steve Wertheim, Scott Sanchez, Scott Dowdee, Mary Woods, Cecilia Jaroslawsky, and Linda Avery – Commission Secretary.","Olague, Antonini, S. Lee, W. Lee and Moore",https://sfplanning.s3.amazonaws.com/default/files/meetingarchive/planning_dept/sf-planning.org/index.aspx-page%3D1387.html,0
2008-05-01,regular,index.aspx-page_1397.html,13:30,,20,8,"John Rahaim – Director of Planning, Larry Badiner – Zoning Administrator, Amit Ghosh – Chief Planner, Tara Sullivan-Lenane, Scott Sanchez, Edgar Oropeza, Shelley Perdue, Glenn Cabreros, Rick Crawford, and Linda Avery – Commission Secretary.","Olague, Antonini, Lee, Miguel, Moore and Sugaya",https://sfplanning.s3.amazonaws.com/default/files/meetingarchive/planning_dept/sf-planning.org/index.aspx-page%3D1397.html,1
2008-05-01,special,index.aspx-page_1394.html,12:30,,2,1,"John Rahaim – Director of Planning, Larry Badiner – Zoning Administrator, Scott Sanchez, and Linda Avery-Herbert – Commission Secretary.","Olague, Antonini, Lee, Miguel, Moore and Sugaya",https://sfplanning.s3.amazonaws.com/default/files/meetingarchive/planning_dept/sf-planning.org/index.aspx-page%3D1394.html,1
2008-05-08,regular,index.aspx-page_1395.html,13:30,,19,7,"John Rahaim – Director of Planning, Larry Badiner – Zoning Administrator, Amit Ghosh – Chief Planner, Adam Light, Cecilia Jaroslawsky, Aaron Starr, Adrian Putra, Paul Lord, and Linda Avery – Commission Secretary.","Olague, Antonini, Lee, Miguel, Moore and Sugaya",https://sfplanning.s3.amazonaws.com/default/files/meetingarchive/planning_dept/sf-planning.org/index.aspx-page%3D1395.html,0
2008-05-15,regular,index.aspx-page_1399.html,13:30,,29,13,"John Rahaim – Director of Planning, Larry Badiner – Zoning Administrator, Amit Ghosh – Chief Planner, Craig Nikitas, Diego Sanchez, Sara Vellve, Tina Tam, Glenn Cabreros, Paul Lord, Charles Rivasplata, Sandra Soto-Grondona, Ken Rich, Steve Wertheim, and Linda Avery – Commission Secretary.","Olague, Antonini, Lee, Moore and Sugaya",https://sfplanning.s3.amazonaws.com/default/files/meetingarchive/planning_dept/sf-planning.org/index.aspx-page%3D1399.html,3
2008-05-15,special,index.aspx-page_1396.html,11:00,,2,1,"John Rahaim – Director of Planning, Larry Badiner – Zoning Administrator, Amit Ghosh – Chief Planner, and Linda Avery – Commission Secretary.","Olague, Antonini, Lee, Moore and Sugaya",https://sfplanning.s3.amazonaws.com/default/files/meetingarchive/planning_dept/sf-planning.org/index.aspx-page%3D1396.html,3
2008-05-22,regular,index.aspx-page_1407.html,13:30,,22,12,"John Rahaim – Director of Planning, Larry Badiner – Zoning Administrator, Amit Ghosh – Chief Planner, AnMarie Rodgers, Jim Miller, Amnon Ben-Pazi, Don Lewis, Glenn Cabreros, Edgar Oropeza, Michael Smith, Ken Rich, Paul Lord, and Linda Avery – Commission Secretary.","Olague, Antonini, Lee, Miguel, Moore and Sugaya",https://sfplanning.s3.amazonaws.com/default/files/meetingarchive/planning_dept/sf-planning.org/index.aspx-page%3D1407.html,1
2008-05-29,special,index.aspx-page_1398.html,13:30,,28,10,"John Rahaim – Director of Planning, Larry Badiner – Zoning Administrator, Amit Ghosh – Chief Planner, Corey Teague, Kevin Guy, David Alumbaugh, Brittany Bendix, Mary Woods, Glenn Cabreros, Aaron Hollister, Tina Tam, Tara Sullivan-Lenane, Christine Lamorena, and AnMarie Rodgers – Acting Commission Secretary.","Olague, Miguel, Antonini, Lee, Moore and Sugaya",https://sfplanning.s3.amazonaws.com/default/files/meetingarchive/planning_dept/sf-planning.org/index.aspx-page%3D1398.html,0
2008-06-05,regular,index.aspx-page_1401.html,13:30,,14,4,"John Rahaim – Director of Planning, Larry Badiner – Zoning Administrator, Amit Ghosh – Chief Planner, AnMarie Rodgers, Adam Light, Susan Michelsen, Adam Varat, and Linda Avery – Commission Secretary.","Olague, Miguel, Antonini, Lee and Sugaya",https://sfplanning.s3.amazonaws.com/default/files/meetingarchive/planning_dept/sf-planning.org/index.aspx-page%3D1401.html,0
2008-06-05,special,index.aspx-page_1400.html,18:00,,2,1,"John Rahaim – Director of Planning, Larry Badiner – Zoning Administrator, Amit Ghosh – Chief Planner, Ken Rich, Sarah Dennis, and Linda Avery – Commission Secretary.",,https://sfplanning.s3.amazonaws.com/default/files/meetingarchive/planning_dept/sf-planning.org/index.aspx-page%3D1400.html,0
2008-06-12,regular,index.aspx-page_1403.html,12:30,,20,11,"John Rahaim – Director of Planning, Larry Badiner – Zoning Administrator, Amit Ghosh – Chief Planner, Nannie Turrell, Jim Miller, Adam Light, Craig Nikitas, AnMarie Rodgers, Tara Sullivan-Lenane, Mat Snyder, Ben Fu, and Linda Avery – Commission Secretary.","Olague, Miguel, Antonini, Lee, Moore and Sugaya",https://sfplanning.s3.amazonaws.com/default/files/meetingarchive/planning_dept/sf-planning.org/index.aspx-page%3D1403.html,0
2008-06-12,special,index.aspx-page_1408.html,15:30,,5,1,"John Rahaim – Director of Planning, Larry Badiner – Zoning Administrator, Amit Ghosh – Chief Planner, Ken Rich, Andres Power, Claudia Flores,","Olague, Lee and Moore",https://sfplanning.s3.amazonaws.com/default/files/meetingarchive/planning_dept/sf-planning.org/index.aspx-page%3D1408.html,0
2008-06-19,regular,index.aspx-page_1404.html,12:30,,11,1,"John Rahaim – Director of Planning, Larry Badiner – Zoning Administrator, Amit Ghosh – Chief Planner, Amnon Ben-Pazi, Eliane Forbes Tara Sullivan-Lenane, Devyani Jain, Bill Wycko, Tina Tam, AnMarie Rodgers, and Linda Avery – Commission Secretary.","Olague, Miguel, Antonini, Lee, Moore and Sugaya",https://sfplanning.s3.amazonaws.com/default/files/meetingarchive/planning_dept/sf-planning.org/index.aspx-page%3D1404.html,0
2008-06-19,special,index.aspx-page_1409.html,15:30,,3,2,"John Rahaim – Director of Planning, Larry Badiner – Zoning Administrator, Amit Ghosh – Chief Planner, Ken Rich, Steve Wertheim, Dan Sider, Jon Swae, Bill Wycko, Linda Avery – Commission Secretary.","Olague, Lee and Moore",https://sfplanning.s3.amazonaws.com/default/files/meetingarchive/planning_dept/sf-planning.org/index.aspx-page%3D1409.html,0
2008-06-26,regular,index.aspx-page_1405.html,13:00,,31,15,"John Rahaim – Director of Planning, Larry Badiner – Zoning Administrator, Amit Ghosh – Chief Planner, Edgar Oropeza, Diego Sanchez, Elizabeth Watty, Jonas Ionin, Tim Frye, Mary Woods, Joy Navarrete, Viktoriya Wise, Kevin Guy, AnMarie Rodgers, and Linda Avery – Commission Secretary.","Olague, Miguel, Antonini, Borden, Moore and Sugaya",https://sfplanning.s3.amazonaws.com/default/files/meetingarchive/planning_dept/sf-planning.org/index.aspx-page%3D1405.html,0
2008-06-26,special,index.aspx-page_1406.html,17:30,,2,1,"John Rahaim – Director of Planning, Larry Badiner – Zoning Administrator, Ken Rich, Steve Wertheim, Sue Exline, and Linda Avery – Commission Secretary.","Olague, Borden and Moore",https://sfplanning.s3.amazonaws.com/default/files/meetingarchive/planning_dept/sf-planning.org/index.aspx-page%3D1406.html,0
2008-07-03,special,index.aspx-page_1410.html,13:30,,6,1,"John Rahaim – Director of Planning, Larry Badiner – Zoning Administrator, Amit Ghosh – Chief Planner, AnMarie Rodgers, Tara Sullivan-Lenane, Steve Wertheim, and Susan Exline – Acting Commission Secretary.","Olague, Miguel, Antonini, Borden, Lee, Moore and Sugaya",https://sfplanning.s3.amazonaws.com/default/files/meetingarchive/planning_dept/sf-planning.org/index.aspx-page%3D1410.html,0
2008-07-10,special,index.aspx-page_1411.html,13:30,,20,11,"John Rahaim – Director of Planning, Larry Badiner – Zoning Administrator, Amit Ghosh – Chief Planner, Christine Lamorena, Lily Langlois, Brittany Bendix, Aaron Starr, Debra Dwyer, Amnon Ben-Pazi, Ken Rich, Sarah Dennis-Phillips, Sue Exline, and Linda Avery – Commission Secretary.","Olague, Miguel, Antonini, Borden, Lee, Moore and Sugaya",https://sfplanning.s3.amazonaws.com/default/files/meetingarchive/planning_dept/sf-planning.org/index.aspx-page%3D1411.html,0
2008-07-17,regular,index.aspx-page_1365.html,13:30,,26,22,"John Rahaim – Director of Planning, Craig Nikitas – Acting Zoning Administrator, Amit Ghosh – Chief Planner, and Linda Avery – Commission Secretary.","Olague, Miguel, Antonini, Borden, Lee, Moore and Sugaya",https://sfplanning.s3.amazonaws.com/default/files/meetingarchive/planning_dept/sf-planning.org/index.aspx-page%3D1365.html,43
2008-07-24,regular,index.aspx-page_1412.html,13:30,,35,18,"John Rahaim – Director of Planning, Craig Nikitas – Acting Zoning Administrator, Amit Ghosh – Chief Planner, Edgar Oropeza, Tara Sullivan-Lenane, Kevin Guy, Glenn Cabreros, Erika Jackson, Ken Rich, Dan Sider, Sarah Dennis, Claudia Flores, and Linda Avery – Commission Secretary.","Olague, Miguel, Antonini, Borden, Lee, Moore and Sugaya",https://sfplanning.s3.amazonaws.com/default/files/meetingarchive/planning_dept/sf-planning.org/index.aspx-page%3D1412.html,1
2008-07-31,special,index.aspx-page_1413.html,13:30,,15,7,"John Rahaim – Director of Planning, Larry Badiner – Zoning Administrator, Amit Ghosh – Chief Planner, Bill Wycko, Claudia Flores, Sarah Dennis, Steve Wertheim, Sue Exline, and Linda Avery – Commission Secretary.","Olague, Antonini, Borden, Lee, Moore and Sugaya",https://sfplanning.s3.amazonaws.com/default/files/meetingarchive/planning_dept/sf-planning.org/index.aspx-page%3D1413.html,0
2008-08-07,regular,index.aspx-page_1366.html,13:30,,39,33,"John Rahaim – Director of Planning, Larry Badiner – Zoning Administrator, AnMarie Rodgers, Tara Sullivan-Lenane, Sharon Young, Elizabeth Watty, Jamie Dean, Paul Lord, Tim Frye, Tom Wang, and Linda Avery – Commission Secretary.","Olague, Miguel, Antonini, Borden, Lee, Moore and Sugaya",https://sfplanning.s3.amazonaws.com/default/files/meetingarchive/planning_dept/sf-planning.org/index.aspx-page%3D1366.html,193
2008-08-08,special,index.aspx-page_1414.html,13:30,,19,4,"John Rahaim – Director of Planning, Craig Nikitas – Acting Zoning Administrator, Amit Ghosh – Chief Planner, Ben Fu, AnMarie Rodgers, Kevin Guy, Sharon Young, Angela Heitter, Scott Sanchez, Elaine Forbes, Corey Teague, and Linda Avery – Commission Secretary.","Olague, Miguel, Antonini, Borden, Lee, Moore and Sugaya",https://sfplanning.s3.amazonaws.com/default/files/meetingarchive/planning_dept/sf-planning.org/index.aspx-page%3D1414.html,0
2008-08-14,regular,index.aspx-page_1370.html,13:30,,30,25,"John Rahaim – Director of Planning, Larry Badiner – Zoning Administrator, Erika Jackson, Debra Dwyer, Craig Nikitas, Sarah Jones, Lisa Gibson, Ben Fu Christine Lamorena, Adrian Putra, Rick Crawford, Sophie Middlebrook, Sara Vellve, Glenn Cabreros, Kevin Guy, Paul Lord, and Linda Avery – Commission Secretary.","Olague, Miguel, Antonini, Borden, Lee, and Moore",https://sfplanning.s3.amazonaws.com/default/files/meetingarchive/planning_dept/sf-planning.org/index.aspx-page%3D1370.html,95
2008-08-14,special,index.aspx-page_1415.html,10:00,,3,1,"John Rahaim – Director of Planning, David Alumbaugh,","Olague, Miguel, Antonini, Borden, Lee and Moore",https://sfplanning.s3.amazonaws.com/default/files/meetingarchive/planning_dept/sf-planning.org/index.aspx-page%3D1415.html,95
2008-09-04,regular,index.aspx-page_1359.html,13:30,,26,25,"John Rahaim – Director of Planning, Larry Badiner – Zoning Administrator, Cecilia Jaroslawsky, Tim Frye, Elizabeth Watty, Amnon Ben-Pazi, Jonas Ionin, Bill Wycko, Chris Kern, Tara Sullivan-Lenane, AnMarie Rodgers, Adrian Putra, Sophie Middlebrook, Glenn Cabreros, and Linda Avery – Commission Secretary.","Olague, Miguel, Antonini, Borden, Lee, Moore and Sugaya",https://sfplanning.s3.amazonaws.com/default/files/meetingarchive/planning_dept/sf-planning.org/index.aspx-page%3D1359.html,44
2008-09-11,regular,index.aspx-page_1416.html,13:30,,29,12,"John Rahaim – Director of Planning, Larry Badiner – Zoning Administrator, Tim Frye, Tim Frye, AnMarie Rodgers, Bill Wycko, Tara Sullivan-Lenane, Sharon Lai, Diego Sanchez, Brittany Bendix, Amnon Ben-Pazi, Cecilia Jaroslawsky, Rick Crawford,","Olague, Antonini, Borden, Lee, Moore and Sugaya",https://sfplanning.s3.amazonaws.com/default/files/meetingarchive/planning_dept/sf-planning.org/index.aspx-page%3D1416.html,0
2008-09-18,regular,index.aspx-page_1360.html,13:30,,21,19,"John Rahaim – Director of Planning, Larry Badiner – Zoning Administrator, AnMarie Rodgers, Tara Sullivan-Lenane, Sharon Young, Elizabeth Watty, Jamie Dean, Paul Lord, Tim Frye, Tom Wang, and Linda Avery – Commission Secretary.","Olague, Antonini, Borden, Lee, Moore and Sugaya",https://sfplanning.s3.amazonaws.com/default/files/meetingarchive/planning_dept/sf-planning.org/index.aspx-page%3D1360.html,96
2008-09-18,special,index.aspx-page_1374.html,10:00,,1,0,,,https://sfplanning.s3.amazonaws.com/default/files/meetingarchive/planning_dept/sf-planning.org/index.aspx-page%3D1374.html,96
2008-09-25,regular,index.aspx-page_1361.html,13:30,,24,17,"John Rahaim – Director of Planning, Larry Badiner – Zoning Administrator, Amit Ghosh – Chief Planner, AnMarie Rodgers, Tara Sullivan-Lenane, Sharon Lai, and Linda Avery – Commission Secretary.","Olague, Antonini, Lee and Moore",https://sfplanning.s3.amazonaws.com/default/files/meetingarchive/planning_dept/sf-planning.org/index.aspx-page%3D1361.html,1
2008-09-25,special,index.aspx-page_1362.html,10:00,,2,0,"John Rahaim – Director of Planning, Larry Badiner – Zoning Administrator, Craig Nikitas, Sarah Dennis-Phillips, and Linda Avery – Commission Secretary.","Olague, Antonini, Lee and Moore",https://sfplanning.s3.amazonaws.com/default/files/meetingarchive/planning_dept/sf-planning.org/index.aspx-page%3D1362.html,1
2008-10-02,regular,index.aspx-page_1373.html,13:30,,33,30,"John Rahaim – Director of Planning, Larry Badiner – Zoning Administrator, Tim Frye,, Michael Smith, Edgar Oropeza, AnMarie Rodgers, Mark Luellen, Bill Wycko, Sue Exline, Paul Lord, Craig Nikitas, Erika Jackson, Dan Sider, Sharon Lai, Kevin Guy, and","Olague, Miguel, Antonini, Borden, Lee and Moore",https://sfplanning.s3.amazonaws.com/default/files/meetingarchive/planning_dept/sf-planning.org/index.aspx-page%3D1373.html,63
2008-10-16,regular,index.aspx-page_1367.html,13:30,,45,37,"John Rahaim – Director of Planning, Larry Badiner – Zoning Administrator, Aaron Hollister, Michael Smith, Corey Teague, Mark Luellen, Tara Sullivan-Lenane, AnMarie Rodgers, Jeremy Battis, Glenn Cabreros, Jonas Ionin, Brittany Bendix, Tim Frye, Adrian Putra, Shelley Perdue, and Linda Avery – Commission Secretary.","Olague, Miguel, Antonini, Borden, Lee, Moore and Sugaya",https://sfplanning.s3.amazonaws.com/default/files/meetingarchive/planning_dept/sf-planning.org/index.aspx-page%3D1367.html,96
2008-10-23,regular,index.aspx-page_1363.html,13:30,,43,36,"John Rahaim – Director of Planning, Larry Badiner – Zoning Administrator, Cecilia Jaroslawsky, Elizabeth Watty, Edgar Oropeza, Abigail Keifer, AnMarie Rodgers, Tara Sullivan-Lenane, Amnon Ben-Pazi, Jim Miller, Viktoriya Wise, Rick Crawford, Sarah Jones, Jonas Ionin, Aaron Starr, Pilar LaValley, and Linda Avery – Commission Secretary.","Olague, Miguel, Antonini, Borden, Lee, Moore and Sugaya",https://sfplanning.s3.amazonaws.com/default/files/meetingarchive/planning_dept/sf-planning.org/index.aspx-page%3D1363.html,123
2008-10-30,special,index.aspx-page_1364.html,13:30,,3,1,"John Rahaim – Director of Planning, Larry Badiner – Zoning Administrator, Bill Wycko - Acting Environmental Review Officer, and AnMarie Rodgers – Acting Commission Secretary.","Olague, Miguel, Antonini, Borden, Lee Moore and Sugaya",https://sfplanning.s3.amazonaws.com/default/files/meetingarchive/planning_dept/sf-planning.org/index.aspx-page%3D1364.html,30
2008-11-06,regular,index.aspx-page_1375.html,13:30,,35,31,"John Rahaim – Director of Planning, Larry Badiner – Zoning Administrator, AnMarie Rodgers, Cecilia Jaroslawsky, Craig Nikitas, Tara Sullivan-Lenane, Joy Navarrete, Don Lewis, Kevin Guy, Rick Cooper, Corey Teague, Brittany Bendix, Brett Bollinger, Kate McGee, Stephen Shotland, Glenn Cabreros, and Linda Avery – Commission Secretary.","Olague, Miguel, Antonini, Borden, Lee, Moore and Sugaya",https://sfplanning.s3.amazonaws.com/default/files/meetingarchive/planning_dept/sf-planning.org/index.aspx-page%3D1375.html,78
2008-11-13,regular,index.aspx-page_1377.html,13:30,,50,42,"John Rahaim – Director of Planning, Larry Badiner – Zoning Administrator, Brett Bollinger, Angela Heitter, Adrian Putra, Corey Teague, Jim Miller, Kevin Guy, Debra Dwyer, Joshua Switzky, AnMarie Rodgers, Leigh Kienker, Glenn Cabreros, Sara Vellve, Kate Conner, Shelley Perdue, Ken Rich, and Linda Avery – Commission Secretary.","Olague, Miguel, Antonini, Borden, Lee, Moore and Sugaya",https://sfplanning.s3.amazonaws.com/default/files/meetingarchive/planning_dept/sf-planning.org/index.aspx-page%3D1377.html,196
2008-11-20,regular,index.aspx-page_1376.html,13:30,,33,27,"John Rahaim – Director of Planning, Larry Badiner – Zoning Administrator, AnMarie Rodgers, Tara Sullivan-Lenane, Cecilia Jaroslawsky, Edgar Oropeza, Amnon Ben-Pazi, Dan Sider, David Alumbaugh, Craig Nikitas, Tina Tam, Stephen Shotland, Kate McGee, Michael Smith, Sophie Middlebrook, Edgar Oropeza, Glenn Cabreros, Shelley Perdue, Brittany Bendix, and Linda Avery – Commission Secretary.","Olague, Miguel, Antonini, Borden, Lee, and Sugaya",https://sfplanning.s3.amazonaws.com/default/files/meetingarchive/planning_dept/sf-planning.org/index.aspx-page%3D1376.html,49
2008-12-04,joint,index.aspx-page_1368.html,10:00,,5,4,"John Rahaim – Director of Planning, Craig Nikitas, Aaron Hollister, Kevin Guy and Linda Avery – Commission Secretary.","Olague, Miguel, Antonini, Borden, Lee, Moore, and Sugaya",https://sfplanning.s3.amazonaws.com/default/files/meetingarchive/planning_dept/sf-planning.org/index.aspx-page%3D1368.html,68
2008-12-04,regular,index.aspx-page_1369.html,12:30,,36,31,"John Rahaim – Director of Planning, Larry Badiner – Zoning Administrator, Alicia John-Baptiste, Edgar Oropeza, AnMarie Rodgers, Amnon Ben-Pazi, Pilar LaValley, Rick Cooper, Kate McGee, Stephen Shotland, Aaron Starr, Mary Woods, Sharon Lai, and Linda Avery – Commission Secretary.","Olague, Miguel, Antonini, Borden, Lee, Moore and Sugaya",https://sfplanning.s3.amazonaws.com/default/files/meetingarchive/planning_dept/sf-planning.org/index.aspx-page%3D1369.html,68
2008-12-11,regular,index.aspx-page_1371.html,13:30,,34,19,"John Rahaim – Director of Planning, Larry Badiner – Zoning Administrator, Angela Heitter, Joshua Switzky, Elaine Forbes, Glenn Cabreros, Rick Crawford, and Jonas Ionin – Acting Commission Secretary.","Olague, Miguel, Antonini, Borden, Lee, Moore and Sugaya",https://sfplanning.s3.amazonaws.com/default/files/meetingarchive/planning_dept/sf-planning.org/index.aspx-page%3D1371.html,33
2008-12-18,regular,index.aspx-page_1372.html,13:30,,34,23,"John Rahaim – Director of Planning, Larry Badiner – Zoning Administrator, Lois Scott, Diana Sokolove, Randall Dean, Debra Dwyer, Joy Navarrete, Stephen Shotland, Joshua Switzky, Jonas Ionin, Mary Woods, Aaron Starr, Cecilia Jaroslawsky, Sophie Middlebrook, and Jonas Ionin – Acting Commission Secretary.","Olague, Miguel, Antonini, Borden, Lee, Moore and Sugaya",https://sfplanning.s3.amazonaws.com/default/files/meetingarchive/planning_dept/sf-planning.org/index.aspx-page%3D1372.html,26
2009-01-08,regular,index.aspx-page_1418.html,13:30,,12,10,"John Rahaim – Director of Planning, Larry Badiner – Zoning Administrator, Tim Frye, Kevin Guy, Christine Lamorena, Debra Dwyer, and Linda Avery – Commission Secretary.","Olague, Antonini, Borden, Lee, Miguel, Moore and Sugaya",https://sfplanning.s3.amazonaws.com/default/files/meetingarchive/planning_dept/sf-planning.org/index.aspx-page%3D1418.html,51
2009-01-15,regular,index.aspx-page_1419.html,13:30,,22,18,"John Rahaim – Director of Planning, Larry Badiner – Zoning Administrator, Tara Sullivan-Lenane, Kevin Guy, Glenn Cabreros, Ben Fu, Carrie Dovzak, and Linda Avery – Commission Secretary.","Olague, Antonini, Borden, Lee, Miguel, Moore and Sugaya",https://sfplanning.s3.amazonaws.com/default/files/meetingarchive/planning_dept/sf-planning.org/index.aspx-page%3D1419.html,162
2009-01-22,regular,index.aspx-page_1420.html,13:30,,31,21,"John Rahaim – Director of Planning, Larry Badiner – Zoning Administrator, Tara Sullivan-Lenane, Dario Jones, Jamie Dean, Tim Johnston, Brett Bollinger, Glenn Cabreros, Angela Heitter, and Linda Avery – Commission Secretary.","Antonini, Lee, Miguel, Moore Olague, and Sugaya",https://sfplanning.s3.amazonaws.com/default/files/meetingarchive/planning_dept/sf-planning.org/index.aspx-page%3D1420.html,17
2009-02-05,regular,index.aspx-page_1437.html,13:30,,26,21,"John Rahaim – Director of Planning, Larry Badiner – Zoning Administrator, Alicia John-Baptiste, Amnon Ben-Pazi, Tara Sullivan-Lenane, Steve Wertheim, Pilar Lavalley, Brittany Bendix, Kevin Guy, Rick Crawford, Michael Smith, AnMarie Rodgers, Lily Langlois, Angela Heitter, and Jonas Ionin – Acting Commission Secretary.","Olague, Antonini, Borden, Lee, Miguel, Moore and Sugaya",https://sfplanning.s3.amazonaws.com/default/files/meetingarchive/planning_dept/sf-planning.org/index.aspx-page%3D1437.html,75
2009-02-12,regular,index.aspx-page_1438.html,13:30,,18,11,"John Rahaim – Director of Planning, Larry Badiner – Zoning Administrator, Alicia John-Baptiste, Craig Nikitas, Brett Bollinger, Glenn Cabreros, Irene Nishimura, AnMarie Rodgers, Andrea Contreras, Moses Corrette, and Linda Avery – Commission Secretary.","Olague, Antonini, Borden, Lee, Miguel, and Sugaya",https://sfplanning.s3.amazonaws.com/default/files/meetingarchive/planning_dept/sf-planning.org/index.aspx-page%3D1438.html,67
2009-02-19,regular,index.aspx-page_1439.html,13:30,,28,21,"John Rahaim – Director of Planning, Larry Badiner – Zoning Administrator, Alicia John-Baptiste, Ted Egan – Office of the Controller, Michael Yarnie – Mayor's Office, Joshua Switzky, Elizabeth Watty, Pilar Lavalley, Tara Sullivan-Lenane, Scott Sanchez, Sara Vellve, Moses Corrette, Sharon Lai, Sophie Middlebrook, and Linda Avery – Commission Secretary.","Miguel, Olague, Antonini, Borden, Lee, Moore, and Sugaya",https://sfplanning.s3.amazonaws.com/default/files/meetingarchive/planning_dept/sf-planning.org/index.aspx-page%3D1439.html,55
2009-02-26,regular,index.aspx-page_1442.html,13:30,,23,20,"John Rahaim – Director of Planning, Larry Badiner – Zoning Administrator, Aaron Hollister, Sharon Young, Mary Woods, Sarah Dennis-Phillips, Jonas Ionin, Tara Sullivan-Lenane, Joshua Switzky, Elizabeth Watty, and Linda Avery – Commission Secretary.","Miguel, Olague, Antonini, Borden, Lee, Moore, and Sugaya",https://sfplanning.s3.amazonaws.com/default/files/meetingarchive/planning_dept/sf-planning.org/index.aspx-page%3D1442.html,22
2009-03-05,regular,index.aspx-page_1421.html,13:30,,11,9,"John Rahaim – Director of Planning, Larry Badiner – Zoning Administrator, AnMarie Rodgers, Tara Sullivan-Lenane, Kelley Amdur, Tina Tam, Tim Frye, Michael Smith, Viktoriya Wise, and Linda Avery – Commission Secretary.","Olague, Antonini, Borden, Lee, Miguel, Moore and Sugaya",https://sfplanning.s3.amazonaws.com/default/files/meetingarchive/planning_dept/sf-planning.org/index.aspx-page%3D1421.html,6
2009-03-12,regular,index.aspx-page_1431.html,13:30,,20,13,"John Rahaim – Director of Planning, Larry Badiner – Zoning Administrator, Steve Wertheim, Corey Teague, Glenn Cabreros, Michael Smith, Sara Vellve, and Linda Avery – Commission Secretary.","Miguel, Antonini, Borden, Lee, Moore, Olague, and Sugaya",https://sfplanning.s3.amazonaws.com/default/files/meetingarchive/planning_dept/sf-planning.org/index.aspx-page%3D1431.html,17
2009-03-19,regular,index.aspx-page_1432.html,13:30,,25,18,"John Rahaim – Director of Planning, Larry Badiner – Zoning Administrator, Cecilia Jaroslawsky, Michael Smith, Edgar Oropeza, Joshua Switzky, Ben Fu, and Linda Avery – Commission Secretary.","Miguel, Antonini, Borden, Lee, Moore, and Sugaya",https://sfplanning.s3.amazonaws.com/default/files/meetingarchive/planning_dept/sf-planning.org/index.aspx-page%3D1432.html,138
2009-03-26,regular,index.aspx-page_1426.html,13:30,,31,20,"John Rahaim – Director of Planning, Larry Badiner – Zoning Administrator, AnMarie Rodgers, Scott Sanchez, Craig Nikitas, Tara Sullivan, Kevin Guy, Adrian Putra, Mary Woods, Glenn Cabreros, and Linda Avery – Commission Secretary.","Miguel, Antonini, Borden, Lee, Moore, Olague, and Sugaya",https://sfplanning.s3.amazonaws.com/default/files/meetingarchive/planning_dept/sf-planning.org/index.aspx-page%3D1426.html,45
2009-03-26,special,index.aspx-page_1427.html,10:00,,2,1,"Bill Wycko – Environmental Review Officer Viktoriya Wise, and Linda Avery – Commission Secretary.","Miguel, Antonini, Borden, Lee, Moore, Olague, and Sugaya",https://sfplanning.s3.amazonaws.com/default/files/meetingarchive/planning_dept/sf-planning.org/index.aspx-page%3D1427.html,45
2009-04-02,regular,index.aspx-page_1425.html,14:00,,17,12,"John Rahaim – Director of Planning, Larry Badiner – Zoning Administrator, Cecilia Jaroslawsky, Carrie Dovzak, Michael Smith, Diego Sanchez, Adrian Putra, Shelley Caltagirone, Elaine Forbes, and Linda Avery – Commission Secretary.","Miguel, Antonini, Borden, Lee, Moore, Olague, and Sugaya",https://sfplanning.s3.amazonaws.com/default/files/meetingarchive/planning_dept/sf-planning.org/index.aspx-page%3D1425.html,45
2009-04-09,regular,index.aspx-page_1428.html,13:30,,22,18,"John Rahaim – Director of Planning, Craig Nikitas – Acting Zoning Administrator, Mary Woods, Corey Teague, Brittany Bendix, Christine Lamorena, Carol Roos, Ben Fu, Tara Sullivan, Sophie Middlebrook, Tina Tam, Pilar Lavalley, and Linda Avery – Commission Secretary.","Miguel, Borden, Lee, Moore, Olague, and Sugaya",https://sfplanning.s3.amazonaws.com/default/files/meetingarchive/planning_dept/sf-planning.org/index.aspx-page%3D1428.html,222
2009-04-16,regular,index.aspx-page_1424.html,13:30,,21,12,"John Rahaim – Director of Planning, Larry Badiner – Zoning Administrator, AnMarie Rodgers, Rick Crawford, Mary Woods, Michael Jacinto, Teresa Ojeda, Sara Dennis-Phillips, Scott Dowdee, Johnny Jaramillo, Michael Webster, Kearstin Dischinger, Debra Dwyer, Sarah Jones, Jonas Ionin, and Linda Avery – Commission Secretary.","Olague, Antonini, Borden, Lee, Miguel, Moore and Sugaya",https://sfplanning.s3.amazonaws.com/default/files/meetingarchive/planning_dept/sf-planning.org/index.aspx-page%3D1424.html,31
2009-04-23,regular,index.aspx-page_1423.html,13:30,,20,15,"John Rahaim – Director of Planning, Craig Nikitas – Acting Zoning Administrator, Sharon Lai, Edgar Oropeza, Rosemary Dudley, Joshua Switzky, Tara Sullivan, Kevin Guy, Adrian Putra, Ken Rich, Claudia Flores, Steve Wertheim, Corey Teague, Susan Exline, and Linda Avery – Commission Secretary.","Miguel, Olague, Antonini, Borden, Lee, Moore, and Sugaya",https://sfplanning.s3.amazonaws.com/default/files/meetingarchive/planning_dept/sf-planning.org/index.aspx-page%3D1423.html,61
2009-05-07,joint,index.aspx-page_1444.html,18:00,,5,1,"John Rahaim – Director of Planning, Larry Badiner – Zoning Administrator, Alicia John-Baptiste, Kelley Amdur, Christine Haw, and Linda Avery – Commission Secretary.",,https://sfplanning.s3.amazonaws.com/default/files/meetingarchive/planning_dept/sf-planning.org/index.aspx-page%3D1444.html,8
2009-05-07,regular,index.aspx-page_1422.html,13:30,,28,20,"John Rahaim – Director of Planning, Larry Badiner – Zoning Administrator, AnMarie Rodgers, Jim Miller, Tim Frye, Scott Dowdee, Tara Sullivan, Aaron Starr, Joy Navarrete, and Linda Avery – Commission Secretary.","Miguel, Olague, Antonini, Borden, Lee, Moore, and Sugaya",https://sfplanning.s3.amazonaws.com/default/files/meetingarchive/planning_dept/sf-planning.org/index.aspx-page%3D1422.html,8
2009-05-14,regular,index.aspx-page_1433.html,13:30,,34,24,"John Rahaim – Director of Planning, Larry Badiner – Zoning Administrator, AnMarie Rodgers, Adrian Putra, Sarah Dennis-Phillips, Elizabeth Watty, Aaron Hollister, Sharon Lai, Ben Fu, Leigh Kienker, Aaron Starr, Elaine Forbes, and Linda Avery – Commission Secretary.","Miguel, Olague, Antonini, Borden, Lee, Moore, and Sugaya",https://sfplanning.s3.amazonaws.com/default/files/meetingarchive/planning_dept/sf-planning.org/index.aspx-page%3D1433.html,244
2009-05-21,regular,index.aspx-page_1429.html,13:30,,22,17,"John Rahaim – Director of Planning, Larry Badiner – Zoning Administrator, AnMarie Rodgers, Joshua Switzky, Lily Langlois, Michael Smith, and Linda Avery – Commission Secretary.","Miguel, Olague, Antonini, Borden, Moore, and Sugaya",https://sfplanning.s3.amazonaws.com/default/files/meetingarchive/planning_dept/sf-planning.org/index.aspx-page%3D1429.html,32
2009-05-21,special,index.aspx-page_1430.html,10:30,,3,1,"John Rahaim – Director of Planning, Larry Badiner – Zoning Administrator, David Alumbaugh, Joshua Switzky, and Linda Avery – Commission Secretary.","Miguel, Olague, Antonini, Borden, Moore, and Sugaya",https://sfplanning.s3.amazonaws.com/default/files/meetingarchive/planning_dept/sf-planning.org/index.aspx-page%3D1430.html,32
2009-05-28,regular,index.aspx-page_1434.html,13:30,,24,18,"John Rahaim – Director of Planning, Larry Badiner – Zoning Administrator, AnMarie Rodgers, Steve Wertheim, Tara Sullivan, Rosemary Dudley, Diego Sanchez, Mary Woods, Don Lewis, Rick Crawford, Ben Fu, Sara Vellve, and Linda Avery – Commission Secretary.","Miguel, Antonini, Borden, Lee, Moore, Olague and Sugaya",https://sfplanning.s3.amazonaws.com/default/files/meetingarchive/planning_dept/sf-planning.org/index.aspx-page%3D1434.html,37
2009-06-04,regular,index.aspx-page_1435.html,13:30,,24,18,"John Rahaim – Director of Planning, Larry Badiner – Zoning Administrator, Glenn Cabreros, Jonas Ionin, Christine Lamorena, Elizabeth Watty, Tara Sullivan, Steve Shotland, Mary Woods, Tom Wang, and Linda Avery – Commission Secretary.","Miguel, Antonini, Borden, Lee, Olague and Sugaya",https://sfplanning.s3.amazonaws.com/default/files/meetingarchive/planning_dept/sf-planning.org/index.aspx-page%3D1435.html,49
2009-06-11,regular,index.aspx-page_1436.html,13:30,,15,10,"John Rahaim – Director of Planning, Larry Badiner – Zoning Administrator, Cecilia Jaroslawsky, Joshua Switzky, Corey Teague, Ben Fu, Rick Crawford, and Jonas Ionin – Acting Commission Secretary.","Miguel, Antonini, Borden, Moore, and Sugaya",https://sfplanning.s3.amazonaws.com/default/files/meetingarchive/planning_dept/sf-planning.org/index.aspx-page%3D1436.html,17
2009-06-18,regular,index.aspx-page_1440.html,13:30,,21,14,"John Rahaim – Director of Planning, Craig Nikitas – Acting Zoning Administrator and Larry Badiner – Zoning Administrator, AnMarie Rodgers, Brittany Bendix, Tim Frye, Kevin Guy, Rosemary Dudley, Aaron Starr, Ericka Jackson, Glenn Cabreros, Corey Teague, Sarah Dennis-Philips, Kearstin Dischinger, Elaine Forbes, Elizabeth Watty, and Linda Avery – Commission Secretary.","Miguel, Antonini, Borden, Moore, Olague and Sugaya",https://sfplanning.s3.amazonaws.com/default/files/meetingarchive/planning_dept/sf-planning.org/index.aspx-page%3D1440.html,61
2009-06-25,regular,index.aspx-page_1441.html,13:30,,21,17,"John Rahaim – Director of Planning, Larry Badiner – Zoning Administrator, AnMarie Rodgers, Sharon Lai, Michael Smith, Rosemary Dudley, Elaine Forbes, Debra Dwyer, Stephen Shotland, and Jonas Ionin – Acting Commission Secretary.","Miguel, Antonini, Borden, Olague and Sugaya",https://sfplanning.s3.amazonaws.com/default/files/meetingarchive/planning_dept/sf-planning.org/index.aspx-page%3D1441.html,94
2009-07-09,regular,index.aspx-page_1445.html,13:30,,23,21,"John Rahaim – Director of Planning, Larry Badiner – Zoning Administrator, Steve Wertheim, Viktoriya Wise, Jamie Dean, Timothy Johnston, Cecilia Jaroslawsky, Tara Sullivan, Steve Smith, Britt Becker, and Linda Avery – Commission Secretary.","Miguel, Antonini, Borden, Lee, Moore, Olague and Sugaya",https://sfplanning.s3.amazonaws.com/default/files/meetingarchive/planning_dept/sf-planning.org/index.aspx-page%3D1445.html,51
2009-07-16,regular,index.aspx-page_1446.html,13:30,,11,7,"John Rahaim – Director of Planning, Craig Nikitas – Acting Zoning Administrator, AnMarie Rodgers, Abigail Keifer, Angela Threadgill, Aaron Starr, and Linda Avery – Commission Secretary.","Miguel, Olague, Antonini, Borden, Lee, and Moore",https://sfplanning.s3.amazonaws.com/default/files/meetingarchive/planning_dept/sf-planning.org/index.aspx-page%3D1446.html,8
2009-07-23,regular,index.aspx-page_1447.html,13:30,,28,23,"John Rahaim – Director of Planning, Craig Nikitas – Acting Zoning Administrator, AnMarie Rodgers, Rick Crawford, Adrian Putra, Edgar Oropeza, Aaron Starr, Aaron Hollister, Glenn Cabreros, Shelley Caltagirone, and Linda Avery – Commission Secretary.","Miguel, Antonini, Borden, Lee, Moore, and Olague",https://sfplanning.s3.amazonaws.com/default/files/meetingarchive/planning_dept/sf-planning.org/index.aspx-page%3D1447.html,28
2009-08-06,regular,index.aspx-page_1449.html,13:30,,19,16,"John Rahaim – Director of Planning, Larry Badiner – Zoning Administrator, AnMarie Rodgers, Elizabeth Watty, Kevin Guy, Tim Frye, Mat Snyder, Lily Langlois, Sharon Young, Mary Woods, Elaine Forbes, Dan Sider, and Linda Avery – Commission Secretary.","Olague, Antonini, Borden, Lee, and Moore",https://sfplanning.s3.amazonaws.com/default/files/meetingarchive/planning_dept/sf-planning.org/index.aspx-page%3D1449.html,5
2009-08-13,regular,index.aspx-page_1448.html,13:30,,25,20,"John Rahaim – Director of Planning, Larry Badiner – Zoning Administrator, Kevin Guy, Rick Crawford, Scott Sanchez, Aaron Hollister, Abigail Keifer, Adrian Putra, Corey Teague, AnMarie Rodgers, Elizabeth Watty, Glenn Cabreros, Mary Woods, and Linda Avery – Commission Secretary.","Miguel, Olague, Antonini, Borden, Lee, Moore and Sugaya",https://sfplanning.s3.amazonaws.com/default/files/meetingarchive/planning_dept/sf-planning.org/index.aspx-page%3D1448.html,36
2009-09-03,regular,index.aspx-page_1450.html,13:30,,14,12,"John Rahaim – Director of Planning, Larry Badiner – Zoning Administrator, AnMarie Rodgers, Corey Teague, Elizabeth Watty, Sharon Lai, Ben Fu, Lily Langlois, Pilar LaValley, and Linda Avery – Commission Secretary.","Miguel, Olague, Antonini, Borden, Lee, Moore and Sugaya",https://sfplanning.s3.amazonaws.com/default/files/meetingarchive/planning_dept/sf-planning.org/index.aspx-page%3D1450.html,9
2009-09-10,regular,index.aspx-page_1451.html,13:30,,30,21,"John Rahaim – Director of Planning, Larry Badiner – Zoning Administrator, Jim Miller, Rick Crawford, Elizabeth Watty, Sharon Lai, Pilar LaValley, Brett Bollinger, Dan Sider, Aaron Starr and Linda Avery – Commission Secretary.","Miguel, Olague, Antonini, Borden, Lee, Moore and Sugaya",https://sfplanning.s3.amazonaws.com/default/files/meetingarchive/planning_dept/sf-planning.org/index.aspx-page%3D1451.html,82
2009-09-17,joint,index.aspx-page_1453.html,10:00,,4,1,John Rahaim – Director of Planning; Larry Badiner – Zoning Administrator; Elizabeth Watty; Sophie Hayward; and Linda Avery – Commission Secretary.,,https://sfplanning.s3.amazonaws.com/default/files/meetingarchive/planning_dept/sf-planning.org/index.aspx-page%3D1453.html,47
2009-09-17,regular,index.aspx-page_1452.html,13:30,,24,16,"John Rahaim – Director of Planning, Larry Badiner – Zoning Administrator, AnMarie Rodgers, Diego Sanchez, Elizabeth Watty, Erika Jackson, Steve Wertheim, and Linda Avery – Commission Secretary.","Miguel, Olague, Antonini, Borden, Lee, Moore and Sugaya",https://sfplanning.s3.amazonaws.com/default/files/meetingarchive/planning_dept/sf-planning.org/index.aspx-page%3D1452.html,47
2009-09-24,regular,index.aspx-page_1454.html,13:30,,25,18,"John Rahaim – Director of Planning, Larry Badiner – Zoning Administrator, AnMarie Rodgers, Diego Sanchez, Elizabeth Watty, Kevin Guy, Sharon Young, Lily Langlois, Craig Nikitas, Aaron Starr, Corey Teague, Jonas Ionin, and Linda Avery – Commission Secretary.","Miguel, Olague, Antonini, Borden, Lee, Moore and Sugaya",https://sfplanning.s3.amazonaws.com/default/files/meetingarchive/planning_dept/sf-planning.org/index.aspx-page%3D1454.html,26
2009-10-01,regular,index.aspx-page_1455.html,13:30,,15,12,"Larry Badiner – Zoning Administrator, Tara Sullivan, Corey Teague, Mary Woods, Sophie Hayward, and Linda Avery – Commission Secretary.","Miguel, Olague, Antonini, Borden, Moore and Sugaya",https://sfplanning.s3.amazonaws.com/default/files/meetingarchive/planning_dept/sf-planning.org/index.aspx-page%3D1455.html,107
2009-10-08,regular,index.aspx-page_1456.html,13:30,,15,13,"Larry Badiner – Zoning Administrator, AnMarie Rodgers, Edgar Oropeza, Craig Nikitas, Aaron Starr, Tara Sullivan, and Linda Avery – Commission Secretary.","Miguel, Olague, Antonini, Borden, Lee, Moore and Sugaya",https://sfplanning.s3.amazonaws.com/default/files/meetingarchive/planning_dept/sf-planning.org/index.aspx-page%3D1456.html,45
2009-10-15,regular,index.aspx-page_1457.html,13:30,,17,15,"John Rahaim – Director of Planning, Larry Badiner – Zoning Administrator, Ben Fu, Elizabeth Watty, Jonas Ionin, Cecilia Jaroslawsky, Diego Sanchez, Sophie Hayward, and Linda Avery – Commission Secretary.","Miguel, Olague, Antonini, Borden, Lee, Moore and Sugaya",https://sfplanning.s3.amazonaws.com/default/files/meetingarchive/planning_dept/sf-planning.org/index.aspx-page%3D1457.html,108
2009-10-22,regular,index.aspx-page_1459.html,13:30,,23,21,"John Rahaim – Director of Planning, Larry Badiner – Zoning Administrator, Tom Wang, Bill Wycko, Mary Woods, Elizabeth Watty, Pilar LaValley, Tara Sullivan, Kearstin Dischinger, Moses Corrette, David Alumbaugh, Adam Varat, Shelley Caltagirone, Glenn Cabreros, Sharon Young, Edgar Oropeza, and Linda Avery – Commission Secretary.",,https://sfplanning.s3.amazonaws.com/default/files/meetingarchive/planning_dept/sf-planning.org/index.aspx-page%3D1459.html,22
2009-10-22,special,index.aspx-page_1458.html,10:00,,3,1,"John Rahaim – Director of Planning, Larry Badiner – Zoning Administrator, Dan Sider, and Linda Avery – Commission Secretary.","Miguel, Antonini, Lee, Moore and Sugaya",https://sfplanning.s3.amazonaws.com/default/files/meetingarchive/planning_dept/sf-planning.org/index.aspx-page%3D1458.html,22
2009-11-05,regular,index.aspx-page_2213.html,13:30,,18,16,"Larry Badiner – Zoning Administrator, Adrian Putra, Michael Smith, AnMarie Rodgers, Steve Smith, Corey Teague, Shelly Caltagirone, Sharon Lai, Aaron Starr, Cecilia Jaroslawsky, and Linda Avery – Commission Secretary.","Miguel, Olague, Antonini, Borden, Lee, Moore and Sugaya",https://sfplanning.s3.amazonaws.com/default/files/meetingarchive/planning_dept/sf-planning.org/index.aspx-page%3D2213.html,105
2009-11-05,special,index.aspx-page_2214.html,10:30,,3,1,"John Rahaim – Director of Planning, Larry Badiner – Zoning Administrator, David Alumbaugh, Mat Snyder, and Linda Avery – Commission Secretary.","Miguel, Antonini, Borden, Lee, Moore and Sugaya",https://sfplanning.s3.amazonaws.com/default/files/meetingarchive/planning_dept/sf-planning.org/index.aspx-page%3D2214.html,105
2009-11-19,joint,index.aspx-page_2238.html,10:30,,1,1,"John Rahaim – Director of Planning, Larry Badiner – Zoning Administrator, Craig Nikitas, and Linda Avery – Commission Secretary.","Miguel, Olague, Antonini, Borden, Lee, Moore, and Sugaya",https://sfplanning.s3.amazonaws.com/default/files/meetingarchive/planning_dept/sf-planning.org/index.aspx-page%3D2238.html,59
2009-11-19,special,index.aspx-page_2239.html,13:30,,1,1,"John Rahaim – Director of Planning, Larry Badiner – Zoning Administrator, Elizabeth Watty, and Linda Avery, Commission Secretary.","Miguel, Olague, Antonini, Borden, Lee, Moore, and Sugaya",https://sfplanning.s3.amazonaws.com/default/files/meetingarchive/planning_dept/sf-planning.org/index.aspx-page%3D2239.html,59
2009-12-03,regular,index.aspx-page_2237.html,13:30,,23,21,"John Rahaim – Director of Planning, Larry Badiner – Zoning Administrator, Sharon Lai, Diego Sanchez, Kevin Guy, Johnny Jaramillo, Brett Becker, Sharon Young, Corey Teague, Aaron Starr, and Linda Avery – Commission Secretary.","Miguel, Olague, Antonini, Borden, Lee, Moore, and Sugaya",https://sfplanning.s3.amazonaws.com/default/files/meetingarchive/planning_dept/sf-planning.org/index.aspx-page%3D2237.html,28
2009-12-10,regular,index.aspx-page_2291.html,13:30,,19,16,"John Rahaim – Director of Planning, Larry Badiner – Zoning Administrator, Edgar Oropeza, Bill Wycko, Jessica Range, Jim Miller, Tim Frye, Mat Snyder, Tim Johnston, Brett Bollinger, Nannie Turrell, Debra Dwyer, Sharon Lai, Rick Crawford, and Linda Avery – Commission Secretary.","Miguel, Olague, Antonini, Borden, Lee, Moore, and Sugaya",https://sfplanning.s3.amazonaws.com/default/files/meetingarchive/planning_dept/sf-planning.org/index.aspx-page%3D2291.html,45
2009-12-17,regular,index.aspx-page_2292.html,13:30,,23,22,"John Rahaim – Director of Planning, Larry Badiner – Zoning Administrator, Sophie Hayward, AnMarie Rodgers, Rick Crawford, Kevin Guy, Elaine Forbes, Alicia John-Baptiste, Sharon Lai, Mary Woods, Sharon Young, Elizabeth Watty, Craig Nikitas, Tara Sullivan, Cecilia Jaroslawsky, Pilar LaValley, Joy Navarrete, and Linda Avery – Commission Secretary.","Miguel, Olague, Antonini, Borden, Lee, Moore, and Sugaya",https://sfplanning.s3.amazonaws.com/default/files/meetingarchive/planning_dept/sf-planning.org/index.aspx-page%3D2292.html,127
2010-01-07,special,index.aspx-page_2294.html,13:30,,1,1,"John Rahaim – Director of Planning, Larry Badiner – Zoning Administrator, Sarah Dennis, Tara Sullivan, Scott Sanchez, Chris Haw, Bill Wycko, Nannie Turrell, and Linda Avery – Commission Secretary.","Miguel, Olague, Antonini, Borden, Lee, Moore, and Sugaya",https://sfplanning.s3.amazonaws.com/default/files/meetingarchive/planning_dept/sf-planning.org/index.aspx-page%3D2294.html,1
2010-01-14,regular,index.aspx-page_2305.html,13:30,,20,19,"John Rahaim – Director of Planning, Larry Badiner – Zoning Administrator, AnMarie Rodgers, Rick Crawford, Glenn Cabreros, Tom Wang, Elaine Forbes, Alicia John-Baptiste, Tara Sullivan, Tim Frye, Sara Vellve, Pilar LaValley, and Linda Avery – Commission Secretary.","Miguel, Olague, Antonini, Borden, Lee, Moore, and Sugaya",https://sfplanning.s3.amazonaws.com/default/files/meetingarchive/planning_dept/sf-planning.org/index.aspx-page%3D2305.html,53
2010-01-21,regular,index.aspx-page_2306.html,11:00,,17,16,"John Rahaim – Director of Planning, Larry Badiner – Zoning Administrator, AnMarie Rodgers, Edgar Oropeza, Sharon Young, Alicia John-Baptiste, Kelley Amdur, David Alumbaugh, Bill Wycko, Brett Becker, Adrian Putra, and Linda Avery – Commission Secretary.","Miguel, Olague, Antonini, Borden, Lee, Moore, and Sugaya",https://sfplanning.s3.amazonaws.com/default/files/meetingarchive/planning_dept/sf-planning.org/index.aspx-page%3D2306.html,25
2010-01-28,joint,index.aspx-page_2311.html,10:30,,1,1,"John Rahaim – Director of Planning, Larry Badiner – Zoning Administrator, Alicia John-Baptiste, Elaine Forbes, Kelley Amdur, David Alumbaugh, Bill Wycko, Tina Tam, Chris Haw, and Linda Avery – Commission Secretary.","Miguel, Olague, Antonini, Lee, Moore, and Sugaya",https://sfplanning.s3.amazonaws.com/default/files/meetingarchive/planning_dept/sf-planning.org/index.aspx-page%3D2311.html,47
2010-01-28,regular,index.aspx-page_2312.html,13:30,,21,17,"John Rahaim – Director of Planning, Larry Badiner – Zoning Administrator, AnMarie Rodgers, Sharon Young, Aaron Hollister, Diego Sanchez, Adrian Putra, Michael Smith, Sarah Dennis-Phillips, Kearstin Dischinger, Abigail Keifer, Carrie Dovzak, Brett Bollinger, Rick Cooper, Steve Shotland, Steve Wertheim, Sophie Hayward, Jonas Ionin, and Linda Avery – Commission Secretary.","Miguel, Olague, Antonini, Borden, Lee, Moore, and Sugaya",https://sfplanning.s3.amazonaws.com/default/files/meetingarchive/planning_dept/sf-planning.org/index.aspx-page%3D2312.html,47
2010-02-04,regular,index.aspx-page_2318.html,13:30,,11,10,"John Rahaim – Director of Planning, Larry Badiner – Zoning Administrator, AnMarie Rodgers, Rick Crawford, Glenn Cabreros, Corey Teague, and Jonas Ionin – Acting Commission Secretary.","Miguel, Olague, Antonini, Borden, Lee, and Sugaya",https://sfplanning.s3.amazonaws.com/default/files/meetingarchive/planning_dept/sf-planning.org/index.aspx-page%3D2318.html,13
2010-02-11,regular,index.aspx-page_2351.html,14:30,,13,12,"John Rahaim – Director of Planning, Larry Badiner – Zoning Administrator, Edgar Oropeza, Elizabeth Watty, Elaine Forbes, Alicia John-Baptiste, David Alumbaugh, Kelley Amdur, Bill Wycko, Tina Tam, and Linda Avery – Commission Secretary.","Miguel, Olague, Antonini, Lee, Moore, and Sugaya",https://sfplanning.s3.amazonaws.com/default/files/meetingarchive/planning_dept/sf-planning.org/index.aspx-page%3D2351.html,1
2010-02-18,regular,index.aspx-page_2569.html,13:30,,14,12,"John Rahaim – Director of Planning, Larry Badiner – Zoning Administrator, AnMarie Rodgers, Elaine Forges, David Alumbaugh, Bill Wycko, Kevin Guy, Sharon Lai, Corey Teague, and Linda Avery – Commission Secretary.","Miguel, Olague, Antonini, Borden, Lee, Moore and Sugaya",https://sfplanning.s3.amazonaws.com/default/files/meetingarchive/planning_dept/sf-planning.org/index.aspx-page%3D2569.html,12
2010-02-25,regular,index.aspx-page_2404.html,13:30,,15,13,"John Rahaim – Director of Planning, Larry Badiner – Zoning Administrator, Corey Teague, David Alumbaugh, Sharon Lai, Elizabeth Watty, Mary Woods, Jim Miller, Tim Frye, and Linda Avery – Commission Secretary.","Miguel, Olague, Antonini, Lee, Moore and Sugaya",https://sfplanning.s3.amazonaws.com/default/files/meetingarchive/planning_dept/sf-planning.org/index.aspx-page%3D2404.html,54
2010-03-04,regular,index.aspx-page_2355.html,13:30,,12,8,"Larry Badiner – Zoning Administrator, Kelley Amdur, AnMarie Rodgers, Craig Nikitas, Elizabeth Watty, Sharon Lai, Adrian Putra, Elaine Forbes, Sarah Jones, Glenn Cabreros, Kevin Guy, and Linda Avery – Commission Secretary.","Miguel, Olague, Antonini, Borden, Lee, Moore, and Sugaya",https://sfplanning.s3.amazonaws.com/default/files/meetingarchive/planning_dept/sf-planning.org/index.aspx-page%3D2355.html,72
2010-03-11,regular,index.aspx-page_2354.html,13:30,,14,13,"John Rahaim – Director of Planning, Larry Badiner – Zoning Administrator, Sara Vellve, Sharon Young, Glenn Cabreros, Mary Woods, AnMarie Rodgers, and Linda Avery – Commission Secretary.","Olague, Antonini, Borden, Lee, Moore, and Sugaya",https://sfplanning.s3.amazonaws.com/default/files/meetingarchive/planning_dept/sf-planning.org/index.aspx-page%3D2354.html,46
2010-03-22,special,index.aspx-page_3130.html,10:00,17:12,9,0,"John Rahaim – Director of Planning, Scott Sanchez Paul Maltzer, Bill Wycko, Kevin Guy, Linda Avery - Commission Secretary.","Fong, Wu, Antonini, Borden, Miguel, Sugaya",https://sfplanning.s3.amazonaws.com/default/files/meetingarchive/planning_dept/sf-planning.org/index.aspx-page%3D3130.html,0
2010-03-25,regular,index.aspx-page_2403.html,13:30,,38,32,"John Rahaim – Director of Planning, Larry Badiner – Zoning Administrator, Diego Sanchez, Aaron Hollister, Kevin Guy, Rick Crawford, AnMarie Rodgers, Sophie Hayward, Tara Sullivan, Jim Miller, Sharon Lai, Sharon Young, Elizabeth Watty, and Linda Avery – Commission Secretary.","Miguel, Olague, Antonini, Borden, Lee, Moore, and Sugaya",https://sfplanning.s3.amazonaws.com/default/files/meetingarchive/planning_dept/sf-planning.org/index.aspx-page%3D2403.html,151
2010-04-01,regular,index.aspx-page_2419.html,13:30,,10,8,"Craig Nikitas – Acting Zoning Administrator, David Lindsay, AnMarie Rodgers, Rick Crawford, Corey Teague, Edgar Oropeza, Ken Rich, Kearstin Dischinger, Sarah Dennis-Phillips, Alicia John-Baptiste, David Alumbaugh, and Linda Avery – Commission Secretary.","Miguel, Olague, Antonini, Borden, Lee, Moore, and Sugaya",https://sfplanning.s3.amazonaws.com/default/files/meetingarchive/planning_dept/sf-planning.org/index.aspx-page%3D2419.html,14
2010-04-08,regular,index.aspx-page_2405.html,13:30,,19,16,"John Rahaim – Director of Planning, Larry Badiner – Zoning Administrator, Glenn Cabreros, David Alumbaugh, Cecilia Jaroslawsky, Shelley Caltagirone, AnMarie Rodgers, Erika Lovejoy, and Linda Avery – Commission Secretary.","Miguel, Olague, Antonini, Borden, Lee, Moore, and Sugaya",https://sfplanning.s3.amazonaws.com/default/files/meetingarchive/planning_dept/sf-planning.org/index.aspx-page%3D2405.html,50
2010-04-15,regular,index.aspx-page_2406.html,13:30,,16,13,"John Rahaim – Director of Planning, Larry Badiner – Zoning Administrator, Kearstin Dischinger, Steve Wertheim, Corey Teague, Sophie Hayward, Mat Snyder, and Jonas Ionin – Acting Commission Secretary.","Miguel, Olague, Antonini, Borden, Lee, Moore, and Sugaya",https://sfplanning.s3.amazonaws.com/default/files/meetingarchive/planning_dept/sf-planning.org/index.aspx-page%3D2406.html,44
2010-04-22,regular,index.aspx-page_2407.html,13:30,,15,13,"Larry Badiner – Zoning Administrator, Timothy Johnston, Erika Jackson, Diego Sanchez, Tara Sullivan, Edgar Oropeza, and Jonas Ionin – Acting Commission Secretary.","Miguel, Antonini, Lee, Moore, and Sugaya",https://sfplanning.s3.amazonaws.com/default/files/meetingarchive/planning_dept/sf-planning.org/index.aspx-page%3D2407.html,26
2010-05-06,special,index.aspx-page_2408.html,11:30,,2,2,"John Rahaim – Director of Planning, Larry Badiner – Zoning Administrator, Mat Snyder, David Alumbaugh, Rick Cooper, Sophie Hayward, and Linda Avery – Commission Secretary.","Miguel, Olague, Antonini, Borden, Lee, Moore and Sugaya",https://sfplanning.s3.amazonaws.com/default/files/meetingarchive/planning_dept/sf-planning.org/index.aspx-page%3D2408.html,50
2010-05-13,regular,index.aspx-page_2474.html,13:30,,15,14,"John Rahaim – Director of Planning, Larry Badiner – Zoning Administrator, Mat Snyder, David Alumbaugh, Rick Cooper, Tim Johnston, Sharon Young, Sharon Lai, Michael Jacinto, Kevin guy, Elizabeth Watty, and Linda Avery – Commission Secretary.","Miguel, Olague, Antonini, Borden, Lee, Moore and Sugaya",https://sfplanning.s3.amazonaws.com/default/files/meetingarchive/planning_dept/sf-planning.org/index.aspx-page%3D2474.html,97
2010-05-20,regular,index.aspx-page_2475.html,13:30,,20,16,"John Rahaim – Director of Planning, Larry Badiner – Zoning Administrator, Mat Snyder, David Alumbaugh, Elizabeth Watty, Adrian Putra, Brett Bollinger, Joshua Switzky, Corey Teague, Glenn Cabreros, Tara Sullivan, Cecilia Jaroslawsky, and Linda Avery – Commission Secretary.","Miguel, Olague, Antonini, Borden, Lee, Moore and Sugaya",https://sfplanning.s3.amazonaws.com/default/files/meetingarchive/planning_dept/sf-planning.org/index.aspx-page%3D2475.html,172
2010-05-27,regular,index.aspx-page_2454.html,13:30,,28,22,"John Rahaim – Director of Planning, Julian Banales, Edgar Oropeza, Aaron Hollister, Diego Sanchez, AnMarie Rodgers, Ben Fu, Corey Teague, Sophie Hayward, Rick Crawford, and Linda Avery – Commission Secretary.","Miguel, Antonini, Lee, and Sugaya",https://sfplanning.s3.amazonaws.com/default/files/meetingarchive/planning_dept/sf-planning.org/index.aspx-page%3D2454.html,21
2010-06-03,special,index.aspx-page_2420.html,13:00,,16,9,,PLANNING,https://sfplanning.s3.amazonaws.com/default/files/meetingarchive/planning_dept/sf-planning.org/index.aspx-page%3D2420.html,84
2010-06-10,regular,index.aspx-page_2421.html,13:30,,25,20,"John Rahaim – Director of Planning, David Lindsay, Jonas Ionin, Debra Dwyer, Jim Miller, Tara Sullivan, AnMarie Rodgers, Devyani Jain, Glenn Cabreros, Mary Woods, Sara Vellve, Elizabeth Watty, Michael Smith, Corey Teague, and Linda Avery – Commission Secretary.","Miguel, Olague, Antonini, Lee, Moore and Sugaya",https://sfplanning.s3.amazonaws.com/default/files/meetingarchive/planning_dept/sf-planning.org/index.aspx-page%3D2421.html,35
2010-06-17,regular,index.aspx-page_2418.html,13:00,,24,19,"John Rahaim – Director of Planning, Kelley Amdur, Rick Crawford, AnMarie Rodgers, Elizabeth Watty, Elaine Forbes, Tara Sullivan, Corey Teague, Aaron Hollister, Glenn Cabreros, Rick Cooper, Sophie Hayward, and Linda Avery – Commission Secretary.","Miguel, Olague, Antonini, Lee, Moore and Sugaya",https://sfplanning.s3.amazonaws.com/default/files/meetingarchive/planning_dept/sf-planning.org/index.aspx-page%3D2418.html,47
2010-06-24,regular,index.aspx-page_2478.html,13:30,,24,24,"John Rahaim – Director of Planning, David Lindsay, Mark Luellen, Delvin Washington, AnMarie Rodgers, Edgar Oropeza, Shelley Caltagirone, Elaine Forbes, Adrian Putra, Tim Frye, Sharon Lai, Kevin Guy, Irene Nishimura, Sara Vellve, and Linda Avery – Commission Secretary.","Miguel, Olague, Antonini, Borden, Lee, Moore and Sugaya",https://sfplanning.s3.amazonaws.com/default/files/meetingarchive/planning_dept/sf-planning.org/index.aspx-page%3D2478.html,140
2010-07-01,regular,index.aspx-page_2479.html,13:30,,19,18,"John Rahaim – Director of Planning, Adrian Putra, Elizabeth Watty, Kelley Amdur, Sarah Dennis-Philips, Steve Wertheim, Ben Fu, Erika Jackson, Mary Woods, and Linda Avery – Commission Secretary.","Miguel, Olague, Antonini, Borden, Lee, Moore and Sugaya",https://sfplanning.s3.amazonaws.com/default/files/meetingarchive/planning_dept/sf-planning.org/index.aspx-page%3D2479.html,32
2010-07-08,regular,index.aspx-page_2578.html,10:00,,29,24,"John Rahaim – Director of Planning, Kate McGee, AnMarie Rodgers, Tara Sullivan, Adrian Putra, Steve Wertheim, Debra Dwyer, Jim Miller, Aaron Hollister, Jeremy Battis, Aaron Starr, Glenn Cabreros, Sophie Hayward, and AnMarie Rodgers – Acting Commission Secretary.","Miguel, Olague, Antonini, Borden, Lee, Moore and Sugaya",https://sfplanning.s3.amazonaws.com/default/files/meetingarchive/planning_dept/sf-planning.org/index.aspx-page%3D2578.html,128
2010-07-15,regular,index.aspx-page_2480.html,13:30,,19,14,"John Rahaim – Director of Planning, Brett Bollinger, Kevin Guy, Diego Sanchez, Corey Teague, Sara Vellve, Jonas Ionin – Acting Commission Secretary.","Miguel, Olague, Antonini, Borden, Lee, Moore and Sugaya",https://sfplanning.s3.amazonaws.com/default/files/meetingarchive/planning_dept/sf-planning.org/index.aspx-page%3D2480.html,25
2010-07-22,regular,index.aspx-page_2579.html,13:30,,24,20,"John Rahaim – Director of Planning, Michael Jacinto, Kevin Guy, Sharon Young, AnMarie Rodgers, Tara Sullivan, Aaron Hollister, Michael Smith, Rick Crawford, and Linda Avery – Commission Secretary.","Olague, Antonini, Borden, Lee, Moore and Sugaya",https://sfplanning.s3.amazonaws.com/default/files/meetingarchive/planning_dept/sf-planning.org/index.aspx-page%3D2579.html,78
2010-08-05,regular,index.aspx-page_2481.html,13:30,,22,16,"John Rahaim – Director of Planning, Rick Crawford, Tare Sullivan, Kirsten Dischinger, Jessica Range, Michael Jacinto, Steve Shotland, Joshua Switzky, Edgar Oropeza, Elizabeth Watty, and Linda Avery – Commission Secretary.","Miguel, Olague, Antonini, Borden, Lee, Moore and Sugaya",https://sfplanning.s3.amazonaws.com/default/files/meetingarchive/planning_dept/sf-planning.org/index.aspx-page%3D2481.html,85
2010-08-12,regular,index.aspx-page_2482.html,14:00,,16,14,"John Rahaim – Director of Planning, Mark Luellen, AnMarie Rodgers, Rick Crawford, Michael Jacinto, Kevin Guy, and Linda Avery – Commission Secretary.","Miguel, Olague, Antonini, Borden, Lee, Moore and Sugaya",https://sfplanning.s3.amazonaws.com/default/files/meetingarchive/planning_dept/sf-planning.org/index.aspx-page%3D2482.html,87
2010-08-12,special,index.aspx-page_2483.html,10:00,,1,1,"John Rahaim – Director of Planning, David Alumbaugh, Rick Cooper, and Linda Avery – Commission Secretary.","Miguel, Olague, Antonini, Borden, Lee, Moore and Sugaya",https://sfplanning.s3.amazonaws.com/default/files/meetingarchive/planning_dept/sf-planning.org/index.aspx-page%3D2483.html,87
2010-09-02,regular,index.aspx-page_2534.html,13:30,,14,12,"John Rahaim – Director of Planning, Kelley Amdur, AnMarie Rodgers, Tom Wang, Jessica Range, Chelsea Fordham, Glenn Cabreros, Aaron Starr, Pilar LaValley, and Jonas Ionin – Acting Commission Secretary.","Olague, Antonini, Moore and Sugaya",https://sfplanning.s3.amazonaws.com/default/files/meetingarchive/planning_dept/sf-planning.org/index.aspx-page%3D2534.html,7
2010-09-16,regular,index.aspx-page_2525.html,13:30,,20,19,"John Rahaim – Director of Planning, Aaron Hollister, Erika Jackson, Corey Teague, AnMarie Rodgers, Paul Lord, Kearstin Dischinger, Rick Crawford, Michael Smith, Sara Vellve, Pilar LaValley, Aaron Starr, Shelley Caltagirone, Tim Frye, and Linda Avery – Commission Secretary.","Miguel, Olague, Antonini, and Sugaya",https://sfplanning.s3.amazonaws.com/default/files/meetingarchive/planning_dept/sf-planning.org/index.aspx-page%3D2525.html,55
2010-09-23,special,index.aspx-page_2526.html,13:30,,1,1,"John Rahaim – Director of Planning, Bill Wycko, Devyani Jain, and Linda Avery – Commission Secretary.","Miguel, Olague, Antonini, Moore and Sugaya",https://sfplanning.s3.amazonaws.com/default/files/meetingarchive/planning_dept/sf-planning.org/index.aspx-page%3D2526.html,154
2010-09-30,regular,index.aspx-page_2527.html,13:30,,27,24,"John Rahaim – Director of Planning, Kelley Amdur, AnMarie Rodgers, Rick Crawford, Brett Becker, Jeremy Battis, Sharon Young, Shelley Caltagirone, Corey Teague, Aaron Hollister, Edgar Oropeza, and Linda Avery – Commission Secretary.","Miguel, Olague, Antonini, Moore and Sugaya",https://sfplanning.s3.amazonaws.com/default/files/meetingarchive/planning_dept/sf-planning.org/index.aspx-page%3D2527.html,78
2010-10-07,regular,index.aspx-page_2535.html,13:30,,22,18,"John Rahaim – Director of Planning, AnMarie Rodgers, Sharon Lai, Adrian Putra, Erika Lovejoy, Adam Varat, Jonas Ionin, Rick Crawford, Pilar LaValley, Glenn Cabreros, David Lindsay, Delvin Washington, Michael Jacinto, and Linda Avery – Commission Secretary.","Miguel, Olague, Antonini, Borden, Moore and Sugaya",https://sfplanning.s3.amazonaws.com/default/files/meetingarchive/planning_dept/sf-planning.org/index.aspx-page%3D2535.html,63
2010-10-14,regular,index.aspx-page_2536.html,13:30,,22,21,"John Rahaim – Director of Planning, AnMarie Rodgers, Sharon Young, Diego Sanchez, Timothy Johnston, Adam Varat, Amnon Ben-Pazi, Ilaria Salvadori, Kearstin Dischinger, Kevin Guy, Tim Frye, Julian Banales, Delvin Washington, Mark Luellen, David Lindsay, Aaron Starr, and Linda Avery – Commission Secretary.","Miguel, Olague, Antonini, Borden, Moore and Sugaya",https://sfplanning.s3.amazonaws.com/default/files/meetingarchive/planning_dept/sf-planning.org/index.aspx-page%3D2536.html,117
2010-10-21,special,index.aspx-page_2671.html,10:30,,9,7,"John Rahaim – Director of Planning, Tara Sullivan, Devyani Jain, Bill Wycko, Tim Frye, and Linda Avery – Commission Secretary.","Miguel, Olague, Antonini, Borden, Moore and Sugaya",https://sfplanning.s3.amazonaws.com/default/files/meetingarchive/planning_dept/sf-planning.org/index.aspx-page%3D2671.html,7
2010-10-28,regular,index.aspx-page_2562.html,13:30,,29,23,"John Rahaim – Director of Planning, Delvin Washington, Julian Banales, Mark Luellen, Adrian Putra, Pilar LaValley, Tim Frye, Elizabeth Watty, Aaron Hollister, AnMarie Rodgers, Brett Bollinger, Kevin Guy, David Lindsay, Aaron Starr, Erica Jackson, Kate McGee, Adam Varat, and Jonas Ionin – Acting Commission Secretary.","Miguel, Olague, Antonini, Borden, Moore and Sugaya",https://sfplanning.s3.amazonaws.com/default/files/meetingarchive/planning_dept/sf-planning.org/index.aspx-page%3D2562.html,37
2010-11-04,regular,index.aspx-page_2563.html,13:30,,22,17,"John Rahaim – Director of Planning, David Lindsay, Bill Wycko, Aaron Hollister, Adrian Putra, Devyani Jain, Elizabeth Watty, AnMarie Rodgers, Brett Bollinger, Kevin Guy, Dan Sider, Steve Wertheim, Tara Sullivan, Joshua Switzky, Mary Woods, and Linda Avery – Commission Secretary.","Miguel, Olague, Antonini, Moore and Sugaya",https://sfplanning.s3.amazonaws.com/default/files/meetingarchive/planning_dept/sf-planning.org/index.aspx-page%3D2563.html,47
2010-11-18,regular,index.aspx-page_2564.html,13:30,,48,21,"John Rahaim – Director of Planning, David Lindsay, Mark Luellen, Sharon Young, Mary Woods, Rick Crawford, Kevin Guy, Erika Jackson, Sara Vellve, Kate McGee, Ilaria Salvadori, Amnon Ben-Pazi, Matt Snyder, Joy Navarrete, Elizabeth Watty, Joshua Switzky, and Linda Avery – Commission Secretary.","Miguel, Olague, Antonini, Borden, Moore and Sugaya",https://sfplanning.s3.amazonaws.com/default/files/meetingarchive/planning_dept/sf-planning.org/index.aspx-page%3D2564.html,83
2010-12-02,regular,index.aspx-page_2580.html,12:30,,23,17,"John Rahaim – Director of Planning, Joshua Switzky, Elizabeth Watty, Rick Cooper, Sharon Lai, Corey Teague, AnMarie Rodgers, Rick Crawford, Aaron Hollister, Delvin Washington, Julian Banales, Mark Luellen, David Lindsay, Scott Sanchez, and Linda Avery – Commission Secretary.","Miguel, Olague, Antonini, Borden, and Sugaya",https://sfplanning.s3.amazonaws.com/default/files/meetingarchive/planning_dept/sf-planning.org/index.aspx-page%3D2580.html,48
2010-12-09,regular,index.aspx-page_2635.html,10:30,,14,10,"John Rahaim – Director of Planning, Scott Sanchez – Zoning Administrator, Tom Disanto, Kate McGee, Christine Haw, AnMarie Rodgers, Elizabeth Watty, and Linda Avery – Commission Secretary.","Miguel, Olague, Antonini, Fong, Moore, and Sugaya",https://sfplanning.s3.amazonaws.com/default/files/meetingarchive/planning_dept/sf-planning.org/index.aspx-page%3D2635.html,94
2010-12-09,special,index.aspx-page_2636.html,18:00,,2,1,"John Rahaim – Director of Planning, Joshua Switzky, Elizabeth Watty, and Linda Avery – Commission Secretary.","Miguel, Olague, Antonini, Borden, Fong, Moore, and Sugaya",https://sfplanning.s3.amazonaws.com/default/files/meetingarchive/planning_dept/sf-planning.org/index.aspx-page%3D2636.html,94
2010-12-16,regular,index.aspx-page_2632.html,10:30,,40,22,"John Rahaim – Director of Planning, Scott Sanchez – Zoning Administrator, Jonas Ionin, Adrian Putra, Kimberly Durandet, Anmarie Rodgers, Aaron Hollister, Andrea Contreras, Rick Crawford, Sharon Lai, Michael E. Smith, Elizabeth Watty, Corey Teague, Diego Sanchez, Edgar Oropeza, Sara Vellve, Joshua Switzky, Linda Avery – Commission Secretary.","Miguel, Olague, Antonini, Borden, Fong, Moore, and Sugaya",https://sfplanning.s3.amazonaws.com/default/files/meetingarchive/planning_dept/sf-planning.org/index.aspx-page%3D2632.html,145
2011-01-13,regular,index.aspx-page_2730.html,13:30,,32,20,"John Rahaim – Director of Planning, AnMarie Rodgers, Mark Luellen, Aaron Hollister, Aaron Starr, Jeanie Poling, Sharon Young, Kevin Guy, Elizabeth Watty, Ben Fu, Joshua Switzky, and Jonas Ionin – Acting Commission Secretary.","Miguel, Olague, Antonini, Borden, Fong, Moore and Sugaya",https://sfplanning.s3.amazonaws.com/default/files/meetingarchive/planning_dept/sf-planning.org/index.aspx-page%3D2730.html,129
2011-01-20,regular,index.aspx-page_2696.html,13:30,,26,19,"John Rahaim – Planning Director; Sara Vellve, Tom Disanto, Diane Sokolove, Ilaria Salvadori, Rick Crawford, Michael Smith, Mary Woods, Elizabeth Watty, Shelley Caltagirone, Jonas Ionin – Acting Commission Secretary","Olague, Antonini, Borden, Fong, Moore and Sugaya",https://sfplanning.s3.amazonaws.com/default/files/meetingarchive/planning_dept/sf-planning.org/index.aspx-page%3D2696.html,102
2011-01-27,regular,index.aspx-page_2698.html,13:30,,23,17,"John Rahaim – Director of Planning, Scott Sanchez – Zoning Administrator, Tim Frye, Chris Kern, Rick Crawford, Aaron Hollister, Aaron Starr, Kimberly Durandet, Sharon Young, Corey Teague, Jonas Ionin – Acting Commission Secretary","Olague, Miguel, Antonini, Borden, Fong, Moore and Sugaya",https://sfplanning.s3.amazonaws.com/default/files/meetingarchive/planning_dept/sf-planning.org/index.aspx-page%3D2698.html,21
2011-02-03,regular,index.aspx-page_2679.html,13:30,,24,14,"John Rahaim – Director of Planning, AnMarie Rodgers, Tom Disanto, David Alumbaugh, Kearstin Dischinger, Michael Smith, Elizabeth Watty, Mark Luellen, and Linda Avery – Commission Secretary.","Olague, Miguel, Antonini, Fong, Moore and Sugaya",https://sfplanning.s3.amazonaws.com/default/files/meetingarchive/planning_dept/sf-planning.org/index.aspx-page%3D2679.html,17
2011-02-10,regular,index.aspx-page_2680.html,13:30,,19,15,"John Rahaim – Director of Planning, AnMarie Rodgers, Tom Disanto, David Alumbaugh, Kearstin Dischinger, Michael Smith, Elizabeth Watty, Mark Luellen, and Linda Avery – Commission Secretary.","Olague, Miguel, Antonini, Borden, Fong, Moore and Sugaya",https://sfplanning.s3.amazonaws.com/default/files/meetingarchive/planning_dept/sf-planning.org/index.aspx-page%3D2680.html,81
2011-02-10,special,index.aspx-page_2681.html,15:30,,58,8,"John Rahaim – Director of Planning, Rick Cooper, Elizabeth Watty, and Linda Avery – Commission Secretary.","Olague, Miguel, Antonini, Borden, Fong, Moore and Sugaya",https://sfplanning.s3.amazonaws.com/default/files/meetingarchive/planning_dept/sf-planning.org/index.aspx-page%3D2681.html,81
2011-02-17,regular,index.aspx-page_2699.html,13:30,,21,13,"John Rahaim – Director of Planning, Scott Sanchez – Zoning Administrator, Diego Sanchez, Mary Woods, Kevin Guy, Sharon Young, Rick Crawford, Aaron Hollister, Glenn Cabreros, David Alumbaugh, Linda D. Avery – Commission Secretary","Olague, Miguel, Antonini, Borden, Fong, Moore, Sugaya",https://sfplanning.s3.amazonaws.com/default/files/meetingarchive/planning_dept/sf-planning.org/index.aspx-page%3D2699.html,96
2011-02-24,regular,index.aspx-page_2715.html,13:30,,15,12,"John Rahaim – Director of Planning, Scott Sanchez- Zoning Administrator, Corey Teague, Sharon Young, Sharon Lai, Lily Langlois, Mary Woods, Glenn Cabreros, Elizabeth Watty, Sarah Dennis Phillips, Theresa Ojeda, Kearstin Dischinger, and Linda Avery – Commission Secretary.","Olague, Miguel, Antonini, Borden, Moore and Sugaya",https://sfplanning.s3.amazonaws.com/default/files/meetingarchive/planning_dept/sf-planning.org/index.aspx-page%3D2715.html,37
2011-02-24,special,index.aspx-page_2716.html,10:30,,4,2,"John Rahaim – Director of Planning, Dan Sider, Jonathan Swae, and Linda Avery – Commission Secretary.","Olague, Miguel, Antonini, Borden, Moore and Sugaya",https://sfplanning.s3.amazonaws.com/default/files/meetingarchive/planning_dept/sf-planning.org/index.aspx-page%3D2716.html,37
2011-03-03,regular,index.aspx-page_2731.html,13:30,,24,18,"John Rahaim – Director Planning, Scott Sanchez – Zoning Administrator, Erika Jackson, Tara Sullivan, Aaron Starr, Diego Sanchez, Glenn Cabreros, Michael E. Smith, Kevin Guy, AnMarie Rodgers – Acting Commission Secretary","Miguel, Olague, Antonini, Borden, Fong, Moore and Sugaya",https://sfplanning.s3.amazonaws.com/default/files/meetingarchive/planning_dept/sf-planning.org/index.aspx-page%3D2731.html,47
2011-03-10,regular,index.aspx-page_2700.html,13:30,,14,11,"John Rahaim – Director of Planning, Scott Sanchez- Zoning Administrator, Aaron Starr, Rick Crawford, Thomas Wang, Edgar Oropeza, Shelley Caltagirone, and Linda Avery – Commission Secretary.","Olague, Miguel, Antonini, Borden, Fong, Moore and Sugaya",https://sfplanning.s3.amazonaws.com/default/files/meetingarchive/planning_dept/sf-planning.org/index.aspx-page%3D2700.html,166
2011-03-10,special,index.aspx-page_2701.html,18:00,,1,1,,"President Olague, VP Miguel, Antonini, Borden, Fong, Moore, and Sugaya",https://sfplanning.s3.amazonaws.com/default/files/meetingarchive/planning_dept/sf-planning.org/index.aspx-page%3D2701.html,166
2011-03-17,regular,index.aspx-page_2717.html,10:30,,19,16,"John Rahaim – Director of Planning, Scott Sanchez- Zoning Administrator, AnMarie Rodgers, Elizabeth Watty, Mat Snyder, Sharon Young, Aaron Starr, Diego Sanchez, Ben Fu, Joshua Switzky, and Linda Avery – Commission Secretary.","Olague, Miguel, Antonini, Borden, Fong, Moore and Sugaya",https://sfplanning.s3.amazonaws.com/default/files/meetingarchive/planning_dept/sf-planning.org/index.aspx-page%3D2717.html,55
2011-03-24,regular,index.aspx-page_2718.html,12:00,,29,23,"John Rahaim – Director of Planning, Scott Sanchez- Zoning Administrator, AnMarie Rodgers, Adrian Putra, Lily Langlois, Pilar LaValley, Jeanie Poling, Rick Crawford, Kevin Guy, Chelsea Fordham, Diego Sanchez, Jessica Range, Kearstin Dischinger, and Linda Avery – Commission Secretary.","Olague, Miguel, Antonini, Borden, Fong, Moore and Sugaya",https://sfplanning.s3.amazonaws.com/default/files/meetingarchive/planning_dept/sf-planning.org/index.aspx-page%3D2718.html,65
2011-04-07,regular,index.aspx-page_2732.html,13:00,,19,17,"John Rahaim – Director of Planning, Daniel Sider- Assistant Zoning Administrator, AnMarie Rodgers, David Alumbaugh, Mat Snyder, Sophie Hayward, Chelsea Fordham, Michael Smith, Joshua Switzky, and Linda Avery – Commission Secretary.","Olague, Miguel, Antonini, Borden, Fong, Moore and Sugaya",https://sfplanning.s3.amazonaws.com/default/files/meetingarchive/planning_dept/sf-planning.org/index.aspx-page%3D2732.html,27
2011-04-14,regular,index.aspx-page_2743.html,13:00,,12,11,"John Rahaim – Director of Planning, AnMarie Rodgers, Julian Banales, Delvin Washington, David Alumbaugh, Joshua Switzky, Corey Teague, Michael Smith, and Linda Avery – Commission Secretary.","Olague, Miguel, Antonini, Borden, Fong, Moore and Sugaya",https://sfplanning.s3.amazonaws.com/default/files/meetingarchive/planning_dept/sf-planning.org/index.aspx-page%3D2743.html,44
2011-04-21,regular,index.aspx-page_2929.html,15:00,,12,7,"John Rahaim – Director of Planning, Scott Sanchez – Zoning Administrator, Diego Sanchez, Michael Jacinto, Pilar LaValley, and Linda Avery – Commission Secretary","Olague, Miguel, Antonini, Borden, Fong, Moore, Sugaya",https://sfplanning.s3.amazonaws.com/default/files/meetingarchive/planning_dept/sf-planning.org/index.aspx-page%3D2929.html,221
2011-04-21,special,index.aspx-page_2930.html,18:30,,10,10,,"President Olague, VP Miguel, Antonini, Borden, Fong, Moore, Sugaya",https://sfplanning.s3.amazonaws.com/default/files/meetingarchive/planning_dept/sf-planning.org/index.aspx-page%3D2930.html,221
2011-04-28,regular,index.aspx-page_2795.html,12:00,,17,13,"Kelley Amdur – Chief of Neighborhood Planning, Scott Sanchez – Zoning Administrator, AnMarie Rodgers, Erika Jackson, Rick Crawford, Michael Jacinto, Glen Cabreros, Linda Avery – Commission Secretary","Olague, Miguel, Antonini, Borden, Fong, Moore, Sugaya",https://sfplanning.s3.amazonaws.com/default/files/meetingarchive/planning_dept/sf-planning.org/index.aspx-page%3D2795.html,181
2011-05-05,regular,index.aspx-page_2864.html,12:00,,28,22,"John Rahaim – Director of Planning, Scott Sanchez – Zoning Administrator, Sharon Lai, Diego Sanchez, Rick Crawford, Kirsten Dischinger, Michael E. Smith, Erika Jackson, Sara Vellve, Kevin Guy, Joy Navarrete, Mathew Snyder, Jonas Ionin – Acting Commission Secretary","Olague, Miguel, Antonini, Borden, Fong, Moore, Sugaya",https://sfplanning.s3.amazonaws.com/default/files/meetingarchive/planning_dept/sf-planning.org/index.aspx-page%3D2864.html,102
2011-05-12,regular,index.aspx-page_2865.html,12:00,,18,12,"John Rahaim – Director of Planning, Scott Sanchez – Zoning Administrator, Aaron Hollister, Jonas Ionin, Chelsea Fordham, Corey Teague, Aaron Starr, Kevin Guy, Sharon Lai, Elizabeth Watty, Linda Avery – Commission Secretary","Olague, Antonini, Borden, Fong, Moore, Sugaya",https://sfplanning.s3.amazonaws.com/default/files/meetingarchive/planning_dept/sf-planning.org/index.aspx-page%3D2865.html,84
2011-05-19,regular,index.aspx-page_2866.html,12:00,,26,17,"John Rahaim – Director of Planning, Scott Sanchez – Zoning Administrator, Rick Crawford, Jonas Ionin, Keith DeMartini, Sharon Young, Thomas Wang, Kimberly Durandet, Michael E. Smith, Sophie Hayward, Linda Avery – Commission Secretary","Olague, Miguel, Antonini, Borden, Fong, Moore, Sugaya",https://sfplanning.s3.amazonaws.com/default/files/meetingarchive/planning_dept/sf-planning.org/index.aspx-page%3D2866.html,106
2011-05-26,regular,index.aspx-page_2867.html,12:00,,20,13,"John Rahaim – Director of Planning, Scott Sanchez – Zoning Administrator, Adrian Putra, Rick Crawford, Sharon Lai, Aaron Starr, Jeremy Battis, Ben Fu, Diego Sanchez, Aaron Hollister, Linda Avery – Commission Secretary","Olague, Miguel, Antonini, Borden, Fong, Moore, Sugaya",https://sfplanning.s3.amazonaws.com/default/files/meetingarchive/planning_dept/sf-planning.org/index.aspx-page%3D2867.html,39
2011-06-02,regular,index.aspx-page_2840.html,12:00,,16,12,"John Rahaim – Director of Planning, Scott Sanchez – Zoning Administrator, Erika Jackson, Diego Sanchez, Aaron Starr, Cristina Lamorena, Lisa Gibson, Kirsten Dischinger, Linda Avery – Commission Secretary","Olague, Miguel, Borden, Fong, Moore, Sugaya",https://sfplanning.s3.amazonaws.com/default/files/meetingarchive/planning_dept/sf-planning.org/index.aspx-page%3D2840.html,22
2011-06-09,regular,index.aspx-page_2841.html,12:00,,14,9,"John Rahaim – Director of Planning, Scott Sanchez – Zoning Administrator, Dan Sider, Kevin Guy, Rick Crawford, Sara Vellve, Ben Fu, Elizabeth Watty, Linda Avery – Commission Secretary","Olague, Miguel, Antonini, Borden, Fong, Moore, Sugaya",https://sfplanning.s3.amazonaws.com/default/files/meetingarchive/planning_dept/sf-planning.org/index.aspx-page%3D2841.html,17
2011-06-16,regular,index.aspx-page_2868.html,12:00,,20,13,"John Rahaim – Director of Planning, Scott Sanchez – Zoning Administrator, Corey Teague, Chelsea Fordham, Rich Sucre, Rick Crawford, Glen Cabreros, Michael E. Smith, Kirsten Dischinger, Linda D. Avery – Commission Secretary","Olague, Antonini, Fong, Moore, Sugaya",https://sfplanning.s3.amazonaws.com/default/files/meetingarchive/planning_dept/sf-planning.org/index.aspx-page%3D2868.html,28
2011-06-23,regular,index.aspx-page_2889.html,12:00,,24,18,"John Rahaim - Director of Planning, Dan Sider – Acting Zoning Administrator, Erika Lovejoy, Corey Teague, Rick Crawford, Adrian Putra, Michael Jacinto, Kevin Guy, Susan Exline, Aaron Hollister, Erika Jackson, Sharon Lai, Kirsten Dischinger, and Linda D. Avery – Commission Secretary","Olague, Antonini, Fong, Moore, and Sugaya",https://sfplanning.s3.amazonaws.com/default/files/meetingarchive/planning_dept/sf-planning.org/index.aspx-page%3D2889.html,15
2011-07-07,regular,index.aspx-page_2941.html,12:00,,21,16,"John Rahaim – Director of Planning, Kevin Guy, David Alumbaugh, Joy Navarrete, Sophie Hayward, Thomas Wang, Kimberly Durandet, Ben Fu, Rich Sucre, Sara Vellve, Glenn Cabreros, Aaron Starr, Jonas Ionin – Acting Commission Secretary",,https://sfplanning.s3.amazonaws.com/default/files/meetingarchive/planning_dept/sf-planning.org/index.aspx-page%3D2941.html,51
2011-07-14,regular,index.aspx-page_2961.html,13:00,,19,15,"John Rahaim – Director of Planning, Scott Sanchez – Zoning Administrator, Kimberly Durandet, Andrea Contreras, Sara Vellve, Erika Lovejoy, Teresa Ojeda, Kate Conner, Kimberly Durandet, Andrea Contreras, Sara Vellve, Erika Lovejoy, Teresa Ojeda, Kate Conner, Corey Teague, Anmarie Rodgers, Kevin Guy, Ben Fu, Jonas Ionin – Acting Commission Secretary","Olague, Miguel, Fong, Miguel, Moore, Sugaya",https://sfplanning.s3.amazonaws.com/default/files/meetingarchive/planning_dept/sf-planning.org/index.aspx-page%3D2961.html,213
2011-07-14,special,index.aspx-page_2945.html,10:30,,1,0,,,https://sfplanning.s3.amazonaws.com/default/files/meetingarchive/planning_dept/sf-planning.org/index.aspx-page%3D2945.html,213
2011-07-21,regular,index.aspx-page_2946.html,12:00,,11,7,"John Rahaim – Director of Planning, Scott Sanchez – Zoning Administrator, Steve Wertheim, Glen Cabreros, Nannie Turrell, Jonas Ionin – Acting Commission Secretary","Miguel, Antonini, Borden, Moore, Sugaya",https://sfplanning.s3.amazonaws.com/default/files/meetingarchive/planning_dept/sf-planning.org/index.aspx-page%3D2946.html,36
2011-07-28,regular,index.aspx-page_2947.html,12:00,,32,22,"John Rahaim – Director of Planning, Scott Sanchez – Zoning Administrator, Sharon Young, Rick Crawford, Sophie Hayward, Mary Woods, Aaron Starr, David Lindsay, Erika Jackson, Ben Fu, Diego Sanchez, Debra Dwyer, Jonas Ionin – Acting Commission Secretary","Olague, Miguel Antonini, Moore, Sugaya",https://sfplanning.s3.amazonaws.com/default/files/meetingarchive/planning_dept/sf-planning.org/index.aspx-page%3D2947.html,80
2011-08-04,regular,index.aspx-page_2912.html,12:00,,22,16,"John Rahaim – Director of Planning, Rick Crawford, Christina LaMorena, Diego Sanchez, Ben Fu, Corey Teague, Sara Vellve, Joshua Switzky, Susan Exline, Linda Avery – Commission Secretary","Olague, Miguel, Borden, Fong, Moore, Sugaya",https://sfplanning.s3.amazonaws.com/default/files/meetingarchive/planning_dept/sf-planning.org/index.aspx-page%3D2912.html,23
2011-08-11,regular,index.aspx-page_2913.html,12:00,,8,4,"John Rahaim – Director of Planning, Sophie Hayward, Michael Jacinto, Joy Navarrete, and Linda Avery – Commission Secretary","Olague, Miguel, Antonini, Fong, Moore, Sugaya",https://sfplanning.s3.amazonaws.com/default/files/meetingarchive/planning_dept/sf-planning.org/index.aspx-page%3D2913.html,46
2011-09-08,regular,index.aspx-page_2920.html,12:00,,25,16,"John Rahaim – Director of Planning, Scott Sanchez – Zoning Administrator, Aaron Hollister, Paul Lord, Kimberly Durandet, Adrian Putra, Aaron Starr, and Linda Avery – Commission Secretary","Olague, Miguel, Antonini, Fong, Moore, Sugaya",https://sfplanning.s3.amazonaws.com/default/files/meetingarchive/planning_dept/sf-planning.org/index.aspx-page%3D2920.html,73
2011-09-15,regular,index.aspx-page_2948.html,12:00,,24,19,"John Rahaim – Director of Planning, Scott Sanchez – Zoning Administrator, Rick Crawford, Sharon Lai, Diego Sanchez, Aaron Starr, Adrian Putra, Brittany Bendix, Aaron Hollister, Kevin Guy, Corey Teague, Ben Fu, Linda Avery – Commission Secretary","Olague, Miguel, Antonini, Fong, Moore, Sugaya",https://sfplanning.s3.amazonaws.com/default/files/meetingarchive/planning_dept/sf-planning.org/index.aspx-page%3D2948.html,63
2011-10-06,regular,index.aspx-page_3010.html,12:00,,22,17,"John Rahaim – Director of Planning, Scott Sanchez – Zoning Administrator, Sharon Young, Rich Sucre, Brittany Bendix, Aaron Starr, Jessica Range, Kimberly Durandet, Pilar LaValley, Glenn Cabreros, Thomas Wang, Michael Smith, and Jonas Ionin – Acting Commission Secretary","Olague, Miguel, Antonini, Borden, Fong, Moore, and Sugaya",https://sfplanning.s3.amazonaws.com/default/files/meetingarchive/planning_dept/sf-planning.org/index.aspx-page%3D3010.html,56
2011-10-13,regular,index.aspx-page_2964.html,12:00,,14,13,"John Rahaim – Director of Planning, Scott Sanchez – Zoning Administrator, Claudia Flores, Paul Lord, Mary Woods, Sara Vellve, Rick Crawford, Kim Durandet, and Linda Avery – Commission Secretary","Olague, Miguel, Antonini, Borden, Fong, Moore, and Sugaya",https://sfplanning.s3.amazonaws.com/default/files/meetingarchive/planning_dept/sf-planning.org/index.aspx-page%3D2964.html,54
2011-10-20,regular,index.aspx-page_2980.html,13:00,,19,13,"John Rahaim – Director of Planning, Scott Sanchez – Zoning Administrator, Ben Fu, Sharon Lai, Adrian Putra, Glenn Cabreros, Rick Crawford, Aaron Starr, Teresa Ojeda, Johnny Jaramillo, Jon Swae, and Linda Avery – Commission Secretary","Olague, Miguel, Antonini, Borden, Fong, Moore, and Sugaya",https://sfplanning.s3.amazonaws.com/default/files/meetingarchive/planning_dept/sf-planning.org/index.aspx-page%3D2980.html,30
2011-10-20,special,index.aspx-page_2979.html,10:00,,9,6,"Scott Sanchez – Zoning Administrator, Kevin Guy, Sharon Young, Sara Vellve, and Linda Avery – Commission Secretary","Olague, Miguel, Antonini, Borden, Fong, Moore, and Sugaya",https://sfplanning.s3.amazonaws.com/default/files/meetingarchive/planning_dept/sf-planning.org/index.aspx-page%3D2979.html,30
2011-10-27,regular,index.aspx-page_2984.html,12:00,,19,15,"John Rahaim – Director of Planning, Scott Sanchez – Zoning Administrator, Paul Lord, Sophie Hayward, AnMarie Rodgers, Susan Exline, Glenn Cabreros, and Linda Avery – Commission Secretary","Olague, Miguel, Antonini, Borden, Fong, Moore, and Sugaya",https://sfplanning.s3.amazonaws.com/default/files/meetingarchive/planning_dept/sf-planning.org/index.aspx-page%3D2984.html,47
2011-11-03,regular,index.aspx-page_2990.html,12:00,,19,14,"John Rahaim – Director of Planning, Scott Sanchez – Zoning Administrator, Sara Vellve, Aaron Starr, Corey Teague, Joshua Switzky, Steve Wertheim, Sara Jones, and Jonas Ionin – Acting Commission Secretary","Olague, Miguel, Antonini, Borden, Fong, Moore, and Sugaya",https://sfplanning.s3.amazonaws.com/default/files/meetingarchive/planning_dept/sf-planning.org/index.aspx-page%3D2990.html,55
2011-11-10,regular,index.aspx-page_2991.html,12:00,,24,21,"John Rahaim – Director of Planning, Scott Sanchez – Zoning Administrator, Aaron Starr, AnMarie Rodgers, Michael Jacinto, Kevin Guy, Lisa Gibson, Jon Swae, Adrian Putra, Jonas Ionin, and Linda Avery – Commission Secretary","Miguel, Antonini, Borden, Fong, Moore, and Sugaya",https://sfplanning.s3.amazonaws.com/default/files/meetingarchive/planning_dept/sf-planning.org/index.aspx-page%3D2991.html,71
2011-11-17,regular,index.aspx-page_3012.html,12:00,,15,13,"John Rahaim – Director of Planning, Scott Sanchez – Zoning Administrator, Aaron Starr, Ben Fu, Sharon Young, Sharon Lai, Adrian Putra, and Linda Avery – Commission Secretary","Olague, Miguel, Antonini, Fong, Moore, and Sugaya",https://sfplanning.s3.amazonaws.com/default/files/meetingarchive/planning_dept/sf-planning.org/index.aspx-page%3D3012.html,67
2011-11-17,special,index.aspx-page_3011.html,10:00,,1,1,"John Rahaim – Director of Planning, Scott Sanchez – Zoning Administrator, Jonathan Purvis and Linda Avery – Commission Secretary","Olague, Miguel, Antonini, Fong, Moore, and Sugaya",https://sfplanning.s3.amazonaws.com/default/files/meetingarchive/planning_dept/sf-planning.org/index.aspx-page%3D3011.html,67
2011-12-01,regular,index.aspx-page_3013.html,12:00,,17,15,"John Rahaim – Director of Planning, Scott Sanchez – Zoning Administrator, Rick Crawford, Michael E. Smith, Elizabeth Watty, Corey Teague, Adrian Putra, Don Lewis, and Linda Avery – Commission Secretary","Olague, Miguel, Antonini, Borden, Fong, Moore, and Sugaya",https://sfplanning.s3.amazonaws.com/default/files/meetingarchive/planning_dept/sf-planning.org/index.aspx-page%3D3013.html,33
2011-12-08,regular,index.aspx-page_3014.html,13:00,,12,10,"John Rahaim – Director Planning, Scott Sanchez – Zoning Administrator, Sophie Hayward, Sara Vellve, Thomas Wang, Sharon Young, and Linda Avery – Commission Secretary","Miguel, Olague, Antonini, Borden, Fong, Moore and Sugaya",https://sfplanning.s3.amazonaws.com/default/files/meetingarchive/planning_dept/sf-planning.org/index.aspx-page%3D3014.html,76
2011-12-08,special,index.aspx-page_3015.html,10:00,,1,1,"John Rahaim – Director of Planning, Scott Sanchez – Zoning Administrator, Kevin Guy, Linda Avery – Commission Secretary","Olague, Miguel, Antonini, Borden, Fong, Moore, and Sugaya",https://sfplanning.s3.amazonaws.com/default/files/meetingarchive/planning_dept/sf-planning.org/index.aspx-page%3D3015.html,76
2011-12-15,regular,index.aspx-page_3016.html,13:00,,23,18,"John Rahaim – Director Planning, Scott Sanchez – Zoning Administrator, Sharon Young, Kevin Guy, Christina LaMorena, Rich Sucre, Aaron Starr, Neil Hrushowy, Rick Crawford, Corey Teague, Mathew Snyder, Glenn Cabreros, Joy Navarrete, and Linda Avery – Commission Secretary","Miguel, Olague, Antonini, Borden, Fong, Moore and Sugaya",https://sfplanning.s3.amazonaws.com/default/files/meetingarchive/planning_dept/sf-planning.org/index.aspx-page%3D3016.html,91
2011-12-15,special,index.aspx-page_3017.html,10:00,11:20,2,2,"John Rahaim – Director Planning, Scott Sanchez – Zoning Administrator, Aaron Starr – Linda Avery, Commission Secretary","Miguel, Olague, Antonini, Borden, Fong, Moore and Sugaya",https://sfplanning.s3.amazonaws.com/default/files/meetingarchive/planning_dept/sf-planning.org/index.aspx-page%3D3017.html,91
2012-01-12,regular,index.aspx-page_3058.html,12:00,,28,21,"John Rahaim – Director of Planning, Scott Sanchez- Zoning Administrator, Adrian Putra, Brittany Bendix, Tom Disanto, Keith Demartini, David Winslow, Lily Langlois, Michael Smith, Michelle Stahlhut, Sara Vellve, Kevin Guy, Diego Sanchez and Linda Avery – Commission Secretary.","Antonini, Borden, Fong, Moore and Sugaya",https://sfplanning.s3.amazonaws.com/default/files/meetingarchive/planning_dept/sf-planning.org/index.aspx-page%3D3058.html,40
2012-01-19,regular,index.aspx-page_3060.html,13:00,,20,17,"John Rahaim – Director of Planning, Scott Sanchez- Zoning Administrator, Aaron Starr, Aaron Hollister, Kevin Guy, Diego Sanchez and Linda Avery – Commission Secretary.","Miguel, Antonini, Borden, Fong, Moore and Sugaya",https://sfplanning.s3.amazonaws.com/default/files/meetingarchive/planning_dept/sf-planning.org/index.aspx-page%3D3060.html,62
2012-01-19,special,index.aspx-page_3061.html,10:00,,1,1,"John Rahaim – Director of Planning, Bill Wycko, and Linda Avery – Commission Secretary.","Miguel, Antonini, Borden, Fong, Moore and Sugaya",https://sfplanning.s3.amazonaws.com/default/files/meetingarchive/planning_dept/sf-planning.org/index.aspx-page%3D3061.html,62
2012-01-26,regular,index.aspx-page_3062.html,12:00,,28,20,"John Rahaim – Director of Planning, Scott Sanchez – Zoning Administrator, Kimberly Durandet, Ben Fu, Alicia John-Baptiste, Kirsten Dischinger, Jonas Ionin, Rick Crawford, Elizabeth Watty, Brittany Bendix, Corey Teague and Linda Avery – Commission Secretary.","Miguel, Antonini, Borden, Fong, Moore and Sugaya",https://sfplanning.s3.amazonaws.com/default/files/meetingarchive/planning_dept/sf-planning.org/index.aspx-page%3D3062.html,43
2012-02-02,regular,index.aspx-page_3063.html,12:00,,24,16,"John Rahaim – Director of Planning, Scott Sanchez- Zoning Administrator, Tom Disanto, Keith Demartini, Alicia John-Baptiste, Sophie Hayward, K. Haddadan, Glenn Cabreros, Sara Vellve, Kevin Guy, Sharon Young, and Linda Avery – Commission Secretary.","Miguel, Antonini, Borden, Fong, Moore and Sugaya",https://sfplanning.s3.amazonaws.com/default/files/meetingarchive/planning_dept/sf-planning.org/index.aspx-page%3D3063.html,98
2012-02-09,regular,index.aspx-page_3064.html,12:00,,21,16,"John Rahaim – Director of Planning, Scott Sanchez- Zoning Administrator, Sophie Hayward, Diego Sanchez, Thomas Wang, Sharon Lai, Dough Vu, Corey Teague, Elizabeth Watty, Aaron Starr, Glenn Cabreros, Aaron Hollister, and Linda Avery – Commission Secretary.","Miguel, Antonini, Borden, Fong, Moore and Sugaya",https://sfplanning.s3.amazonaws.com/default/files/meetingarchive/planning_dept/sf-planning.org/index.aspx-page%3D3064.html,40
2012-02-16,regular,index.aspx-page_3065.html,13:30,,15,10,"John Rahaim – Director of Planning, Scott Sanchez- Zoning Administrator, Sophie Hayward, Sharon Young, Tom Disanto, Keith Demartini, Teresa Ojeda, Kevin Guy, Brittany Bendix, Christina LaMorena, Sharon Lai, Adrian Putra, and Linda Avery – Commission Secretary.","Miguel, Antonini, Borden, Fong, Moore, Sugaya, Wu",https://sfplanning.s3.amazonaws.com/default/files/meetingarchive/planning_dept/sf-planning.org/index.aspx-page%3D3065.html,65
2012-02-23,regular,index.aspx-page_3127.html,12:00,,21,18,"John Rahaim – Director of Planning, Scott Sanchez- Zoning Administrator, K. Haddadan, Kimberly Durandet, Aaron Starr, Brittany Bendix, Rich Sucre, Corey Teague, Dianne Sokolove, Jonas Ionin – Acting Commission Secretary.","Miguel, Antonini, Borden, Fong, Moore, Sugaya, Wu",https://sfplanning.s3.amazonaws.com/default/files/meetingarchive/planning_dept/sf-planning.org/index.aspx-page%3D3127.html,32
2012-03-01,regular,index.aspx-page_3119.html,12:00,,9,5,"John Rahaim – Director of Planning, Scott Sanchez - Zoning Administrator, Aaron Starr, David Winslow, Rick Crawford, Linda Avery - Commission Secretary.","Miguel, Antonini, Borden, Fong, Moore, Sugaya, Wu",https://sfplanning.s3.amazonaws.com/default/files/meetingarchive/planning_dept/sf-planning.org/index.aspx-page%3D3119.html,10
2012-03-08,regular,index.aspx-page_3076.html,16:00,,9,7,"John Rahaim – Director of Planning, Scott Sanchez - Zoning Administrator, Thomas Wang, Jon Swae, David Lindsay, Linda Avery – Commission Secretary.","Fong, Wu, Antonini, Borden, Miguel, Moore, Sugaya",https://sfplanning.s3.amazonaws.com/default/files/meetingarchive/planning_dept/sf-planning.org/index.aspx-page%3D3076.html,5
2012-03-08,special,index.aspx-page_3077.html,10:00,,11,1,,,https://sfplanning.s3.amazonaws.com/default/files/meetingarchive/planning_dept/sf-planning.org/index.aspx-page%3D3077.html,5
2012-03-15,regular,index.aspx-page_3128.html,12:00,,15,10,"John Rahaim – Director of Planning, Scott Sanchez - Zoning Administrator, Sara Vellve, Brittany Bendix, Corey Teague, David Lindsay, Delvin Washington, Linda Avery - Commission Secretary.","Fong, Wu, Antonini, Borden, Miguel, Moore, Sugaya",https://sfplanning.s3.amazonaws.com/default/files/meetingarchive/planning_dept/sf-planning.org/index.aspx-page%3D3128.html,35
2012-03-22,regular,index.aspx-page_3722.html,16:00,,14,11,"John Rahaim – Director of Planning, Scott Sanchez - Zoning Administrator, Doug Vu, Glenn Cabreros, AnMarie Rodgers, Adrian Putra, Jeremy Battis, Aaron Starr -","Fong, Wu, Antonini, Borden, Miguel, Sugaya",https://sfplanning.s3.amazonaws.com/default/files/meetingarchive/planning_dept/sf-planning.org/index.aspx-page%3D3722.html,80
2012-04-05,regular,index.aspx-page_3131.html,15:00,,18,14,"John Rahaim – Director of Planning, Scott Sanchez - Zoning Administrator, Sharon Lai, Rick Crawford, Diego Sanchez, Ben Fu, Christina Lamorena, Glenn Cabreros, Linda Avery – Commission Secretary.","Fong, Wu, Antonini, Borden, Miguel, Moore, Sugaya",https://sfplanning.s3.amazonaws.com/default/files/meetingarchive/planning_dept/sf-planning.org/index.aspx-page%3D3131.html,364
2012-04-05,special,index.aspx-page_3132.html,10:00,,4,3,"John Rahaim – Director of Planning, Scott Sanchez - Zoning Administrator, Elizabeth Watty, Linda Avery – Commission Secretary.","Fong, Wu, Antonini, Borden, Miguel, Moore, Sugaya",https://sfplanning.s3.amazonaws.com/default/files/meetingarchive/planning_dept/sf-planning.org/index.aspx-page%3D3132.html,364
2012-04-12,regular,index.aspx-page_3133.html,12:00,,18,15,"John Rahaim – Director of Planning, Scott Sanchez – Zoning Administrator, Corey Teague, Diego Sanchez, Adrian Putra, Doug Vu, Teresa Ojeda, Aaron Starr, Elizabeth Watty, Linda Avery – Commission Secretary.","Wu, Antonini, Borden, Miguel, Moore, Sugaya",https://sfplanning.s3.amazonaws.com/default/files/meetingarchive/planning_dept/sf-planning.org/index.aspx-page%3D3133.html,63
2012-04-19,regular,index.aspx-page_3134.html,12:00,,14,13,"John Rahaim – Director of Planning, Scott Sanchez - Zoning Administrator, Thomas Wang, Rick Crawford, Sophie Hayward, Jonathan Purvis, Elizabeth Watty, Victoria Wise, Joshua Switzky, Linda Avery – Commission Secretary.","Fong, Wu, Antonini, Miguel, Moore, Sugaya",https://sfplanning.s3.amazonaws.com/default/files/meetingarchive/planning_dept/sf-planning.org/index.aspx-page%3D3134.html,33
2012-04-26,regular,index.aspx-page_3135.html,16:00,,11,7,"John Rahaim – Director of Planning, Scott Sanchez - Zoning Administrator, Ben Fu, Michael E. Smith, Linda Avery – Commission Secretary.","Fong, Antonini, Borden, Miguel, Moore, Sugaya",https://sfplanning.s3.amazonaws.com/default/files/meetingarchive/planning_dept/sf-planning.org/index.aspx-page%3D3135.html,58
2012-04-26,special,index.aspx-page_3136.html,10:00,,3,0,"John Rahaim – Director of Planning, Scott Sanchez - Zoning Administrator, Elizabeth Watty, Devyani Jain, Linda Avery – Commission Secretary.","Fong, Antonini, Borden, Miguel, Moore, Sugaya",https://sfplanning.s3.amazonaws.com/default/files/meetingarchive/planning_dept/sf-planning.org/index.aspx-page%3D3136.html,58
2012-05-03,regular,index.aspx-page_3137.html,12:00,,18,12,"John Rahaim – Director of Planning, Scott Sanchez - Zoning Administrator, Kevin Guy, Corey Teague, Christina Lamorena, Tara Sullivan, Diego Sanchez, Sharon Young, Joshua Switzky, Aaron Starr, Glenn Cabreros, Linda Avery – Commission Secretary.","Fong, Antonini, Borden, Miguel, Moore, Wu, Sugaya",https://sfplanning.s3.amazonaws.com/default/files/meetingarchive/planning_dept/sf-planning.org/index.aspx-page%3D3137.html,26
2012-05-10,regular,index.aspx-page_3198.html,12:00,,15,11,"John Rahaim – Director of Planning, Scott Sanchez – Zoning Administrator, Kevin Guy, Corey Teague, Christina Lamorena, Tara Sullivan, Diego Sanchez, Sharon Young, Joshua Switzky, Aaron Starr, Glenn Cabreros, Linda Avery – Commission Secretary.","Fong, Wu, Antonini, Borden, Miguel, Moore",https://sfplanning.s3.amazonaws.com/default/files/meetingarchive/planning_dept/sf-planning.org/index.aspx-page%3D3198.html,34
2012-05-17,regular,index.aspx-page_3200.html,12:00,,12,11,"John Rahaim – Director of Planning, Scott Sanchez – Zoning Administrator, Thomas Wang, Aaron Hollister, Teresa Ojeda, AnMarie Rodgers, Lily Langlois, Devyani Jain, Aaron Starr, Linda Avery – Commission Secretary.","Fong, Wu, Antonini, Borden, Miguel, Sugaya",https://sfplanning.s3.amazonaws.com/default/files/meetingarchive/planning_dept/sf-planning.org/index.aspx-page%3D3200.html,30
2012-05-24,regular,index.aspx-page_3227.html,10:10,,16,13,"John Rahaim – Director of Planning, Scott Sanchez – Zoning Administrator, Sara Jones, Joshua Switzky, Pilar LaValley, Mathew Snyder, Linda Avery – Commission Secretary.","Fong, Wu, Antonini, Borden, Moore Sugaya",https://sfplanning.s3.amazonaws.com/default/files/meetingarchive/planning_dept/sf-planning.org/index.aspx-page%3D3227.html,44
2012-05-24,special,index.aspx-page_3203.html,15:00,,5,5,"John Rahaim – Director of Planning, Scott Sanchez - Zoning Administrator, Dan Lewis, Glenn Cabreros, Neil Hrushowy, Linda Avery - Commission Secretary.","Fong, Wu, Antonini, Borden, Moore, Sugaya",https://sfplanning.s3.amazonaws.com/default/files/meetingarchive/planning_dept/sf-planning.org/index.aspx-page%3D3203.html,44
2012-06-07,regular,index.aspx-page_3216.html,13:00,,9,7,"John Rahaim – Director of Planning, Scott Sanchez – Zoning Administrator, Kevin Guy, Kimi Haddadan, Rick Crawford, and Linda Avery – Commission Secretary.","Fong, Wu, Antonini, Borden, Miguel, Sugaya",https://sfplanning.s3.amazonaws.com/default/files/meetingarchive/planning_dept/sf-planning.org/index.aspx-page%3D3216.html,8
2012-06-14,regular,index.aspx-page_3226.html,12:00,,18,16,"John Rahaim – Director of Planning, Scott Sanchez – Zoning Administrator, Kimi Haddadan, Doug Vu, Adrian Putra, Mary Woods, Sara Dennis-Phillips, Lily Langlois, Aaron Starr, Irene Nishimura, Thomas Wang, Michael E. Smith, Ben Fu, Corey Teague, and Linda Avery – Commission Secretary.","Fong, Wu, Antonini, Borden, Miguel, Moore, Sugaya",https://sfplanning.s3.amazonaws.com/default/files/meetingarchive/planning_dept/sf-planning.org/index.aspx-page%3D3226.html,52
2012-06-21,regular,index.aspx-page_3215.html,12:00,,13,10,"John Rahaim – Director of Planning, Dan Sider – Acting Zoning Administrator, Aaron Hollister, Michelle Stahlhut, Sharon Young, Adrian Putra, Mark Luellen, Joshua Switzky, AnMarie Rodgers, Tim Frye, and Linda Avery – Commission Secretary.","Wu, Antonini, Borden, Miguel, Moore, Sugaya",https://sfplanning.s3.amazonaws.com/default/files/meetingarchive/planning_dept/sf-planning.org/index.aspx-page%3D3215.html,30
2012-06-28,regular,index.aspx-page_3266.html,12:00,,22,19,"John Rahaim – Director of Planning, Scott Sanchez – Zoning Administrator, and Jonas Ionin – Acting Commission Secretary.","Fong, Wu, Antonini, Borden, Miguel, Moore, Sugaya",https://sfplanning.s3.amazonaws.com/default/files/meetingarchive/planning_dept/sf-planning.org/index.aspx-page%3D3266.html,191
2012-07-12,regular,index.aspx-page_3251.html,12:00,,17,10,"John Rahaim – Director of Planning, Scott Sanchez – Zoning Administrator, Michael E. Smith, Joanna Linsangan, Aaron Starr, Devyani Jain, Rick Crawford, and Linda Avery – Commission Secretary.","Wu, Antonini, Borden, Miguel, Moore, Sugaya",https://sfplanning.s3.amazonaws.com/default/files/meetingarchive/planning_dept/sf-planning.org/index.aspx-page%3D3251.html,17
2012-07-19,joint,index.aspx-page_3246.html,17:00,,5,1,"John Rahaim – Director Planning, Linda Avery – Commission Secretary","Cindy Wu, Michael J. Antonini; Gwyneth Borden; Ron Miguel ;",https://sfplanning.s3.amazonaws.com/default/files/meetingarchive/planning_dept/sf-planning.org/index.aspx-page%3D3246.html,19
2012-07-19,regular,index.aspx-page_3247.html,12:00,,13,8,"John Rahaim – Director of Planning, Scott Sanchez – Zoning Administrator, Kevin Guy, Alicia John-Baptiste, Sharon Young, and Linda Avery – Commission Secretary.","Wu, Antonini, Borden, Moore, Sugaya",https://sfplanning.s3.amazonaws.com/default/files/meetingarchive/planning_dept/sf-planning.org/index.aspx-page%3D3247.html,19
2012-07-26,regular,index.aspx-page_3237.html,12:00,,19,16,"John Rahaim – Director of Planning, Scott Sanchez – Zoning Administrator, Aaron Hollister, Adrian Putra, Rich Sucre, Erika Jackson, Sharon Young, Ben Fu, Pilar LaValley, Kevin Guy, Andrea Contreras, Mark Luellen, and Linda Avery – Commission Secretary.","Fong, Wu, Antonini, Borden, Moore, Sugaya",https://sfplanning.s3.amazonaws.com/default/files/meetingarchive/planning_dept/sf-planning.org/index.aspx-page%3D3237.html,41
2012-08-02,regular,index.aspx-page_3253.html,12:00,,17,12,"John Rahaim – Director of Planning, Scott Sanchez – Zoning Administrator, Scott Edmondson, Rick Crawford, Elizabeth Watty, Aaron Hollister, Debra Dwyer, Doug Vu, and Linda Avery – Commission Secretary.","Fong, Wu, Antonini, Hillis, Moore, Sugaya",https://sfplanning.s3.amazonaws.com/default/files/meetingarchive/planning_dept/sf-planning.org/index.aspx-page%3D3253.html,74
2012-08-09,regular,index.aspx-page_3269.html,12:00,,15,11,"John Rahaim – Director of Planning, Scott Sanchez – Zoning Administrator, Ben Fu, Tara Sullivan, Aaron Hollister, Michelle Stahlhut, Kimi Haddadan, and Linda Avery – Commission Secretary.","Fong, Wu, Antonini, Moore, Sugaya",https://sfplanning.s3.amazonaws.com/default/files/meetingarchive/planning_dept/sf-planning.org/index.aspx-page%3D3269.html,9
2012-08-16,regular,index.aspx-page_3270.html,12:00,,17,14,"John Rahaim – Director of Planning, Scott Sanchez – Zoning Administrator, Christina Lamorena, Tara Sullivan, Kevin Guy, Sarah Dennis-Philips, Kimi Haddadan, Sara Vellve, Kerstin Dischinger, Diego Sanchez, Aaron Starr, and Linda Avery – Commission Secretary.","Fong, Wu, Antonini, Hillis, Moore, Sugaya",https://sfplanning.s3.amazonaws.com/default/files/meetingarchive/planning_dept/sf-planning.org/index.aspx-page%3D3270.html,128
2012-09-06,regular,index.aspx-page_3299.html,12:00,,17,14,"John Rahaim – Director of Planning, Scott Sanchez – Zoning Administrator, Christina Lamorena, Aaron Starr, Elizabeth Watty, Anmarie Rodgers, Aaron Hollister, Glenn Cabreros, Thomas Wang, Rich Sucre, and Linda Avery – Commission Secretary.","Fong, Wu, Antonini, Borden, Hillis, Moore, Sugaya",https://sfplanning.s3.amazonaws.com/default/files/meetingarchive/planning_dept/sf-planning.org/index.aspx-page%3D3299.html,55
2012-09-13,regular,index.aspx-page_3300.html,12:00,,15,12,"John Rahaim – Director of Planning, Scott Sanchez – Zoning Administrator, Diego Sanchez, Pilar LaValley, Neil Hrushowy, Britany Bendix, Aaron Starr and Linda Avery – Commission Secretary.","Fong, Wu, Antonini, Borden, Hillis, Moore, Sugaya",https://sfplanning.s3.amazonaws.com/default/files/meetingarchive/planning_dept/sf-planning.org/index.aspx-page%3D3300.html,9
2012-09-20,regular,index.aspx-page_3301.html,12:00,,20,17,"John Rahaim – Director of Planning, Scott Sanchez – Zoning Administrator, Diego Sanchez, Steve Smith, Anmarie Rodgers, Joy Navarrete, Tim Frye, Kerstin Dischinger, Sara Vellve, Aaron Starr, Moses Corrette, Don Lewis, Mary Woods, Michael E Smith, and Linda Avery – Commission Secretary.","Fong, Wu, Antonini, Borden, Hillis, Moore, Sugaya",https://sfplanning.s3.amazonaws.com/default/files/meetingarchive/planning_dept/sf-planning.org/index.aspx-page%3D3301.html,24
2012-09-20,special,index.aspx-page_3302.html,11:00,12:30,1,0,"John Rahaim – Director of Planning, and Linda Avery – Commission Secretary.","Fong, Wu, Antonini, Borden, Hillis, Moore Sugaya",https://sfplanning.s3.amazonaws.com/default/files/meetingarchive/planning_dept/sf-planning.org/index.aspx-page%3D3302.html,24
2012-09-27,regular,index.aspx-page_3303.html,12:00,,18,12,"John Rahaim – Director of Planning, Scott Sanchez – Zoning Administrator, Diego Sanchez, Steve Smith, Anmarie Rodgers, Joy Navarrete, Tim Frye, Kerstin Dischinger, Sara Vellve, Aaron Starr, Moses Corrette, Dan Lewis, Mary Woods, Michael E Smith, and Linda Avery – Commission Secretary.","Fong, Wu, Antonini, Borden, Hillis, Moore, Sugaya",https://sfplanning.s3.amazonaws.com/default/files/meetingarchive/planning_dept/sf-planning.org/index.aspx-page%3D3303.html,18
2012-10-04,regular,index.aspx-page_3309.html,12:00,,13,9,"John Rahaim – Director of Planning, Scott Sanchez – Zoning Administrator, Anmarie Rodgers, Steve Wertheim, Don Lewis, Sara Vellve, Aaron Starr, Michael E Smith, and Linda Avery – Commission Secretary.","Fong, Wu, Antonini, Borden, Hillis, Moore, Sugaya",https://sfplanning.s3.amazonaws.com/default/files/meetingarchive/planning_dept/sf-planning.org/index.aspx-page%3D3309.html,23
2012-10-11,special,index.aspx-page_3322.html,10:00,,6,2,"John Rahaim – Director of Planning, Josh Switzky, and Linda D. Avery – Commission Secretary",Rodney Fong; Cindy Wu; Michael J. Antonini;,https://sfplanning.s3.amazonaws.com/default/files/meetingarchive/planning_dept/sf-planning.org/index.aspx-page%3D3322.html,30
2012-10-18,regular,index.aspx-page_3323.html,12:00,,17,13,"John Rahaim – Director of Planning, Scott Sanchez – Zoning Administrator, Anmarie Rodgers, Rich Crawford, Diego Sanchez, Kate Conner, Adrian Putra, Gretchen Hilyard, Tara Sullivan, Michael E. Smith, and Linda Avery – Commission Secretary.","Fong, Wu, Antonini, Hillis, Moore, Sugaya",https://sfplanning.s3.amazonaws.com/default/files/meetingarchive/planning_dept/sf-planning.org/index.aspx-page%3D3323.html,60
2012-10-25,regular,index.aspx-page_3325.html,12:00,18:10,21,18,"John Rahaim – Director of Planning, Scott Sanchez – Zoning Administrator, David Lindsay, Delvin Washington, Anmarie Rodgers, Rich Crawford, Adrian Putra, Kate Conner, Tara Sullivan, Gretchen Hilyard, Michael E. Smith, and Linda Avery – Commission Secretary.","Fong, Wu, Antonini, Hillis, Moore, Sugaya",https://sfplanning.s3.amazonaws.com/default/files/meetingarchive/planning_dept/sf-planning.org/index.aspx-page%3D3325.html,68
2012-11-01,regular,index.aspx-page_3350.html,12:00,,9,8,"John Rahaim – Director of Planning, Anmarie Rodgers, Corey Teague, Kirsten Dischinger, and Jonas P. Ionin – Acting Commission Secretary.","Fong, Wu, Antonini, Moore, Sugaya",https://sfplanning.s3.amazonaws.com/default/files/meetingarchive/planning_dept/sf-planning.org/index.aspx-page%3D3350.html,15
2012-11-08,regular,index.aspx-page_3349.html,12:00,,17,14,"John Rahaim – Director of Planning, Scott Sanchez – Zoning Administrator, Anmarie Rodgers, Christina Lamorena, Rick Crawford, Scott Edmondson, Claudia Flores, Corey Teague, Sharon Young, Rich Sucre, and Jonas P. Ionin – Acting Commission Secretary.","Fong, Wu, Antonini, Borden, Hillis, Moore, Sugaya",https://sfplanning.s3.amazonaws.com/default/files/meetingarchive/planning_dept/sf-planning.org/index.aspx-page%3D3349.html,10
2012-11-15,regular,index.aspx-page_3351.html,12:00,,18,15,"John Rahaim – Director of Planning, Scott Sanchez – Zoning Administrator, Michael E. Smith, Jessica Look, Elizabeth Watty, Ben Fu, Corey Teague, Anmarie Rodgers, Michelle Stahlhut, Adrian Putra, Sophie Hayward, and Jonas P. Ionin – Acting Commission Secretary.","Fong, Wu, Antonini, Borden, Hillis, Moore, Sugaya",https://sfplanning.s3.amazonaws.com/default/files/meetingarchive/planning_dept/sf-planning.org/index.aspx-page%3D3351.html,63
2012-11-29,regular,index.aspx-page_3352.html,12:00,,27,21,"John Rahaim – Director of Planning, Scott Sanchez – Zoning Administrator, Rick Crawford, Aaron Starr, AnMarie Rodgers, Corey Teague, Sophie Hayward, Steve Wertheim, Kevin Guy, Thomas Wang, and Jonas P. Ionin – Acting Commission Secretary.","Fong, Wu, Antonini, Borden, Hillis, Moore, Sugaya",https://sfplanning.s3.amazonaws.com/default/files/meetingarchive/planning_dept/sf-planning.org/index.aspx-page%3D3352.html,78
2012-12-06,regular,index.aspx-page_3366.html,12:00,,28,17,"John Rahaim – Director of Planning, Scott Sanchez – Zoning Administrator, Thomas Wang, Aaron Starr, Andrea Contreras, Corey Teague, Diego Sanchez, Kevin Guy, Tara Sullivan, Ben Fu, Glenn Cabreros, and Jonas P. Ionin – Acting Commission Secretary.","Fong, Wu, Antonini, Borden, Hillis, Moore, Sugaya",https://sfplanning.s3.amazonaws.com/default/files/meetingarchive/planning_dept/sf-planning.org/index.aspx-page%3D3366.html,63
2013-01-10,regular,index.aspx-page_3382.html,13:00,,19,14,"John Rahaim – Director of Planning, Scott Sanchez – Zoning Administrator, Aaron Starr, Richard Sucre, Michelle Stahlhut, Christina LaMorena, Rick Crawford, Thomas Wang, and Jonas P. Ionin – Acting Commission Secretary.","Fong, Wu, Antonini, Hillis, Moore, Sugaya",https://sfplanning.s3.amazonaws.com/default/files/meetingarchive/planning_dept/sf-planning.org/index.aspx-page%3D3382.html,68
2013-01-17,regular,index.aspx-page_3384.html,12:00,,15,12,"John Rahaim – Director of Planning, Scott Sanchez – Zoning Administrator, Aaron Starr, Tom Disanto, Keith DeMartini, Kate McGee, Mary Brown, Ben Fu, Elizabeth Watty, and Jonas P. Ionin – Acting Commission Secretary.","Fong, Wu, Antonini, Borden, Hillis, Moore, Sugaya",https://sfplanning.s3.amazonaws.com/default/files/meetingarchive/planning_dept/sf-planning.org/index.aspx-page%3D3384.html,25
2013-01-24,regular,index.aspx-page_3402.html,12:00,,23,15,"John Rahaim – Director of Planning, Scott Sanchez – Zoning Administrator, Aaron Hollister, Sharon Young, Christina LaMorena, Tom Disanto, Keith Demartini, Debra Dwyer, Ben Fu, Elizabeth Watty, Thomas Wang, Glenn Cabreros and Jonas P. Ionin - Acting Commission Secretary.","Wu, Antonini, Borden, Hillis, Moore, Sugaya",https://sfplanning.s3.amazonaws.com/default/files/meetingarchive/planning_dept/sf-planning.org/index.aspx-page%3D3402.html,59
2013-01-31,regular,index.aspx-page_3401.html,12:00,,15,11,"John Rahaim – Director of Planning, Scott Sanchez – Zoning Administrator, Richard Sucre, Daniel Sider, Tom DiSanto, Keith DeMartini, Debra Dwyer, Ben Fu, Elizabeth Watty, Aaron Hollister, and Jonas P. Ionin - Acting Commission Secretary.","Fong, Wu, Antonini, Borden, Hillis, Moore, Sugaya",https://sfplanning.s3.amazonaws.com/default/files/meetingarchive/planning_dept/sf-planning.org/index.aspx-page%3D3401.html,47
2013-02-07,regular,index.aspx-page_3403.html,12:00,,22,17,"John Rahaim – Director of Planning, Scott Sanchez – Zoning Administrator, Doug Vu, Michelle Stahlhut, Kevin Guy, Elizabeth Watty, Aaron Hollister, Christina Lamorena, Sharon Lai, Thomas Wang, and Jonas P. Ionin - Acting Commission Secretary.","Fong, Wu, Antonini, Borden, Hillis, Moore, Sugaya",https://sfplanning.s3.amazonaws.com/default/files/meetingarchive/planning_dept/sf-planning.org/index.aspx-page%3D3403.html,62
2013-02-14,regular,index.aspx-page_3415.html,12:00,,12,10,"John Rahaim – Planning Director, Scott Sanchez – Zoning Administrator, Corey Teague, Kevin Guy, Tara Sullivan, Thomas Disanto, Keith DeMartini, and Jonas P. Ionin - Acting Commission Secretary.","Fong, Wu, Antonini, Borden, Hillis, Moore, Sugaya",https://sfplanning.s3.amazonaws.com/default/files/meetingarchive/planning_dept/sf-planning.org/index.aspx-page%3D3415.html,51
2013-02-21,regular,index.aspx-page_3416.html,12:00,,12,8,"John Rahaim – Planning Director, Scott Sanchez – Zoning Administrator, Thomas Wang, Michelle Stahlhut, Sophie Hayward, Anmarie Rodgers, Kevin Guy, and Jonas P. Ionin - Acting Commission Secretary.","Fong, Wu, Antonini, Borden, Hillis, Moore, Sugaya",https://sfplanning.s3.amazonaws.com/default/files/meetingarchive/planning_dept/sf-planning.org/index.aspx-page%3D3416.html,28
2013-02-28,regular,index.aspx-page_3432.html,12:00,,22,17,"John Rahaim – Planning Director, Scott Sanchez – Zoning Administrator, Michelle Stahlhut, Brittany Bendix, Joy Navarrete, Sara Dennis-Philips, Joshua Switzky, Kimia Haddadan, Rick Crawford and Jonas P. Ionin - Acting Commission Secretary.",,https://sfplanning.s3.amazonaws.com/default/files/meetingarchive/planning_dept/sf-planning.org/index.aspx-page%3D3432.html,56
2013-03-07,regular,index.aspx-page_3431.html,12:00,,19,14,"John Rahaim – Planning Director, Scott Sanchez – Zoning Administrator, Elizabeth Watty, Richard Sucre, Aaron Starr, Sophie Hayward, Lisa Gibson, Michael Smith, Julian Banales, and Jonas P. Ionin - Acting Commission Secretary.","Fong, Wu, Antonini, Borden, Hillis, Moore, Sugaya",https://sfplanning.s3.amazonaws.com/default/files/meetingarchive/planning_dept/sf-planning.org/index.aspx-page%3D3431.html,41
2013-03-14,regular,index.aspx-page_3436.html,12:00,,21,14,"John Rahaim – Planning Director, Scott Sanchez – Zoning Administrator, Joanna Linsangan, Dan Sider, Aaron Starr, Sophie Hayward, Kimia Haddadan, Anmarie Rodgers, Thomas Wang, Kevin Guy, Elizabeth Watty, Michael Smith and Jonas P. Ionin - Acting Commission Secretary.","Fong, Wu, Antonini, Borden, Hillis, Moore, Sugaya",https://sfplanning.s3.amazonaws.com/default/files/meetingarchive/planning_dept/sf-planning.org/index.aspx-page%3D3436.html,87
2013-03-21,regular,index.aspx-page_3437.html,12:00,,19,16,"John Rahaim – Planning Director, Jessica Look, Kimia Haddadan, Sophie Hayward, Debra Dwyer, AnMarie Rodgers, Kate Conner, Erika Jackson, Rick Crawford, Mary Woods, Adrian Putra and Jonas P. Ionin - Acting Commission Secretary.","Fong, Antonini, Borden, Hillis, Moore, Sugaya",https://sfplanning.s3.amazonaws.com/default/files/meetingarchive/planning_dept/sf-planning.org/index.aspx-page%3D3437.html,44
2013-03-28,regular,index.aspx-page_3467.html,,,1,0,,,https://sfplanning.s3.amazonaws.com/default/files/meetingarchive/planning_dept/sf-planning.org/index.aspx-page%3D3467.html,0
2013-04-04,regular,index.aspx-page_3454.html,12:00,,20,16,"John Rahaim – Planning Director, Scott Sanchez - Zoning Administrator, Adrian Putra, Doug Vu, Michael E. Smith, Sophie Hayward, Kimia Haddadan, Dan Sider, Rachel Schuett, Elizabeth Watty, Glenn Cabreros and Jonas P. Ionin - Acting Commission Secretary.","Fong, Wu, Antonini, Borden, Hillis, Moore, Sugaya",https://sfplanning.s3.amazonaws.com/default/files/meetingarchive/planning_dept/sf-planning.org/index.aspx-page%3D3454.html,91
2013-04-11,regular,index.aspx-page_3457.html,12:15,,14,7,"John Rahaim – Planning Director, Dan Sider, Aaron Starr, Elizabeth Watty and Jonas P. Ionin - Acting Commission Secretary.","Fong, Wu, Antonini, Borden, Hillis, Moore, Sugaya",https://sfplanning.s3.amazonaws.com/default/files/meetingarchive/planning_dept/sf-planning.org/index.aspx-page%3D3457.html,41
2013-04-18,regular,index.aspx-page_3472.html,12:00,,13,11,"John Rahaim – Planning Director, Timothy Johnston, Steve Smith, Aaron Starr, Sharon Young, Rick Crawford, Delvin Washington and Jonas P. Ionin - Acting Commission Secretary.","Fong, Wu, Antonini, Borden, Hillis, Moore, Sugaya",https://sfplanning.s3.amazonaws.com/default/files/meetingarchive/planning_dept/sf-planning.org/index.aspx-page%3D3472.html,43
2013-04-25,regular,index.aspx-page_3473.html,12:00,,15,13,"John Rahaim – Planning Director, Timothy Johnston, Omar Masry, Kimia Haddadan, Aaron Starr, Diego Sanchez, Anmarie Rodgers, Mary Woods, Michael E. Smith and Jonas P. Ionin - Acting Commission Secretary.","Fong, Wu, Antonini, Hillis, Moore",https://sfplanning.s3.amazonaws.com/default/files/meetingarchive/planning_dept/sf-planning.org/index.aspx-page%3D3473.html,57
2013-05-02,regular,index.aspx-page_3524.html,12:00,,11,7,"John Rahaim – Planning Director, Sophie Hayward, Kimia Haddadan, Kanishka Burns, Wade Wietgrefe and Jonas P. Ionin - Acting Commission Secretary.","Fong, Wu, Antonini, Hillis, Moore, Sugaya",https://sfplanning.s3.amazonaws.com/default/files/meetingarchive/planning_dept/sf-planning.org/index.aspx-page%3D3524.html,13
2013-05-09,regular,index.aspx-page_3525.html,12:00,,19,17,"John Rahaim – Planning Director, Omar Masry, Joy Navarrete, Sarah Dennis-Philips, Aaron Starr, Kimia Haddadan, Doug Vu, Sharon Young, Kate Conner, Brittany Bendix and Jonas P. Ionin - Acting Commission Secretary.","Fong, Wu, Antonini, Hillis, Moore, Sugaya",https://sfplanning.s3.amazonaws.com/default/files/meetingarchive/planning_dept/sf-planning.org/index.aspx-page%3D3525.html,106
2013-05-16,regular,index.aspx-page_3527.html,12:00,,17,14,"John Rahaim – Planning Director, Paul Maltzer, Kimia Haddadan, Doug Vu, Brittany Bendix, Rick Crawford, Delvin Washington, Diego Sanchez, Julian Banales and Jonas P. Ionin - Acting Commission Secretary.","Fong, Antonini, Borden, Hillis, Moore, Sugaya",https://sfplanning.s3.amazonaws.com/default/files/meetingarchive/planning_dept/sf-planning.org/index.aspx-page%3D3527.html,44
2013-05-23,regular,index.aspx-page_3528.html,12:00,,22,6,,,https://sfplanning.s3.amazonaws.com/default/files/meetingarchive/planning_dept/sf-planning.org/index.aspx-page%3D3528.html,226
2013-05-23,special,index.aspx-page_3529.html,10:00,,1,1,"John Rahaim – Director of Planning, Kevin Guy, Jonas P. Ionin, Acting Commission Secretary","Fong, Wu, Antonini, Borden, Hillis, Moore, Sugaya",https://sfplanning.s3.amazonaws.com/default/files/meetingarchive/planning_dept/sf-planning.org/index.aspx-page%3D3529.html,226
2013-06-06,regular,index.aspx-page_3530.html,12:00,,20,18,"John Rahaim – Planning Director, AnMarie Rodgers, Rick Crawford, Delvin Washington, Omar Masry, Sophie Hayward, Michael Smith, Mary Woods, Tom Wang and Jonas P. Ionin - Acting Commission Secretary.","Fong, Wu, Antonini, Borden, Hillis, Moore, Sugaya",https://sfplanning.s3.amazonaws.com/default/files/meetingarchive/planning_dept/sf-planning.org/index.aspx-page%3D3530.html,74
2013-06-13,regular,index.aspx-page_3588.html,12:00,,17,11,"John Rahaim – Planning Director, Omar Masry, Kanishka Burns, AnMarie Rodgers, Mat Snyder, Susan Exline, Aaron Starr, Corey Teague, Adrian Putra, and Jonas P. Ionin - Acting Commission Secretary.","Fong, Wu, Antonini, Borden, Hillis, Moore, Sugaya",https://sfplanning.s3.amazonaws.com/default/files/meetingarchive/planning_dept/sf-planning.org/index.aspx-page%3D3588.html,31
2013-06-20,regular,index.aspx-page_3589.html,12:00,,17,13,"John Rahaim – Planning Director, Omar Masry, Michael E. Smith, Joshua Switzky, Aaron Starr, Jessica Look, Doug Vu, Adrian Putra, Sharon Lai, Thomas Wang and Jonas P. Ionin - Acting Commission Secretary.","Fong, Wu, Antonini, Borden, Hillis, Moore, Sugaya",https://sfplanning.s3.amazonaws.com/default/files/meetingarchive/planning_dept/sf-planning.org/index.aspx-page%3D3589.html,45
2013-07-11,regular,index.aspx-page_3585.html,12:00,,24,19,"John Rahaim – Planning Director, Christine LaMorena, Elizabeth Watty, Brittany Bendix, Glen Cabreros, Casey Noel, Corey Teague, Kevin Guy, Sharon Lai, Sharon Young, and Jonas P. Ionin - Acting Commission Secretary.","Fong, Wu, Antonini, Borden, Moore, Sugaya",https://sfplanning.s3.amazonaws.com/default/files/meetingarchive/planning_dept/sf-planning.org/index.aspx-page%3D3585.html,72
2013-07-18,regular,index.aspx-page_3590.html,12:00,23:03,23,14,"John Rahaim – Planning Director,","Fong, Wu, Antonini, Borden, Moore, Sugaya",https://sfplanning.s3.amazonaws.com/default/files/meetingarchive/planning_dept/sf-planning.org/index.aspx-page%3D3590.html,94
2013-07-25,regular,index.aspx-page_3597.html,12:00,,10,7,"John Rahaim – Planning Director,","Wu, Antonini, Borden, Moore, Sugaya",https://sfplanning.s3.amazonaws.com/default/files/meetingarchive/planning_dept/sf-planning.org/index.aspx-page%3D3597.html,14
2013-08-01,regular,index.aspx-page_3598.html,12:00,,24,18,"John Rahaim – Planning Director,","Fong, Wu, Antonini, Borden, Hillis, Moore, Sugaya",https://sfplanning.s3.amazonaws.com/default/files/meetingarchive/planning_dept/sf-planning.org/index.aspx-page%3D3598.html,38
2013-08-08,regular,index.aspx-page_3655.html,12:00,,20,17,"John Rahaim – Planning Director,","Fong, Wu, Antonini, Borden, Hillis, Moore, Sugaya",https://sfplanning.s3.amazonaws.com/default/files/meetingarchive/planning_dept/sf-planning.org/index.aspx-page%3D3655.html,85
2013-08-15,regular,index.aspx-page_3656.html,12:00,,21,18,"John Rahaim – Planning Director, Kevin Guy, Diego Sanchez, Michael E. Smith, Debra Dwyer, Rich Sucre, Kanishka Burns, Erika Jackson, and Jonas P. Ionin - Acting Commission Secretary.","Fong, Wu, Antonini, Borden, Hillis, Moore, Sugaya",https://sfplanning.s3.amazonaws.com/default/files/meetingarchive/planning_dept/sf-planning.org/index.aspx-page%3D3656.html,70
2013-09-12,regular,index.aspx-page_3658.html,12:00,,25,16,"John Rahaim – Planning Director, Kate Conner, Danielle Harris, Diego Sanchez, Sara Vellve, Sara Jones, Don Lewis, Casey Noel, Mary Woods, Glenn Cabreros, Elizabeth Watty, and Jonas P. Ionin - Acting Commission Secretary.","Fong, Wu, Antonini, Borden, Hillis, Moore, Sugaya",https://sfplanning.s3.amazonaws.com/default/files/meetingarchive/planning_dept/sf-planning.org/index.aspx-page%3D3658.html,50
2013-09-19,regular,index.aspx-page_3659.html,12:00,17:42,24,16,"John Rahaim – Planning Director, Steve Wertheim, Sophie Hayward, Sara Vellve, Sharon Young, Glenn Cabreros, Mary Woods, Omar Masry, Doug Vu, and Jonas P. Ionin - Acting Commission Secretary.","Fong, Wu, Antonini, Borden, Hillis, Moore, Sugaya",https://sfplanning.s3.amazonaws.com/default/files/meetingarchive/planning_dept/sf-planning.org/index.aspx-page%3D3659.html,68
2013-09-19,special,index.aspx-page_3660.html,10:00,,2,1,"John Rahaim – Planning Director, Claudia Flores, and Jonas P. Ionin - Acting Commission Secretary.","Fong, Wu, Antonini, Borden, Hillis, Moore, Sugaya",https://sfplanning.s3.amazonaws.com/default/files/meetingarchive/planning_dept/sf-planning.org/index.aspx-page%3D3660.html,68
2013-09-26,regular,index.aspx-page_3661.html,12:00,,24,19,"John Rahaim – Planning Director, Omar Masry, Casey Noel, Lily Yegazu, Christine LaMorena, Corey Teague, Erika Jackson, Edgar Oropeza, Kate Conner, Sharon Young, Sara Vellve, Adrian Putra, and Jonas P. Ionin - Acting Commission Secretary.","Fong, Wu, Antonini, Borden, Hillis, Moore, Sugaya",https://sfplanning.s3.amazonaws.com/default/files/meetingarchive/planning_dept/sf-planning.org/index.aspx-page%3D3661.html,32
2013-10-03,regular,index.aspx-page_3662.html,12:00,19:07,14,10,"John Rahaim – Planning Director, Omar Masry, Casey Noel, Christine LaMorena, Rich Sucre, Kevin Guy, and Jonas P. Ionin - Acting Commission Secretary.","Fong, Wu, Antonini,",https://sfplanning.s3.amazonaws.com/default/files/meetingarchive/planning_dept/sf-planning.org/index.aspx-page%3D3662.html,58
2013-10-10,regular,index.aspx-page_3665.html,12:00,,19,14,"John Rahaim – Planning Director,","Fong, Wu, Antonini,",https://sfplanning.s3.amazonaws.com/default/files/meetingarchive/planning_dept/sf-planning.org/index.aspx-page%3D3665.html,41
2013-10-17,regular,index.aspx-page_3667.html,12:00,,10,8,"John Rahaim – Planning Director,","Fong, Wu, Antonini,",https://sfplanning.s3.amazonaws.com/default/files/meetingarchive/planning_dept/sf-planning.org/index.aspx-page%3D3667.html,6
2013-10-17,special,index.aspx-page_3668.html,11:30,,3,1,,"President Fong , Vice President Wu, Michael Antonini, Gwyneth Borden, Rich Hillis, Kathrin Moore, Hisashi Sugaya",https://sfplanning.s3.amazonaws.com/default/files/meetingarchive/planning_dept/sf-planning.org/index.aspx-page%3D3668.html,6
2013-10-24,regular,index.aspx-page_3677.html,12:00,,19,15,"John Rahaim – Planning Director, Christina Lamorena, Sophie Hayward, Kei Zushi, Jessica Look, Rich Sucre, Mary Woods, Tom Wang, and Jonas P. Ionin – Commission Secretary.","Fong, Wu, Antonini, Borden, Hillis, Moore, Sugaya",https://sfplanning.s3.amazonaws.com/default/files/meetingarchive/planning_dept/sf-planning.org/index.aspx-page%3D3677.html,21
2013-11-07,regular,index.aspx-page_3723.html,12:00,,14,10,"John Rahaim – Planning Director, Kate Conner, Pilar LaValley, Diego Sanchez, Casey Noel, Paolo Ikezoe, Omar Masry, Jeanie Poling, Sharon Lai, and Jonas P. Ionin – Commission Secretary.","Fong, Wu, Antonini, Borden, Hillis, Moore, Sugaya",https://sfplanning.s3.amazonaws.com/default/files/meetingarchive/planning_dept/sf-planning.org/index.aspx-page%3D3723.html,15
2013-11-14,regular,index.aspx-page_3724.html,12:00,,18,14,"John Rahaim – Planning Director, Timothy Johnston, Sophie Hayward, Christina Lamorena, Kevin Guy, Brett Bollinger, Omar Masry, David Alumbaugh, Glenn Cabreros, and Jonas P. Ionin – Commission Secretary.","Fong, Wu, Antonini, Borden, Hillis, Moore, Sugaya",https://sfplanning.s3.amazonaws.com/default/files/meetingarchive/planning_dept/sf-planning.org/index.aspx-page%3D3724.html,55
2013-11-21,regular,index.aspx-page_3725.html,12:00,,22,17,"John Rahaim – Planning Director, Brittany Bendix, Aaron Starr, Pilar LaValley, Kimia Haddadan, Michael E. Smith, Erika Jackson, and Jonas P. Ionin – Commission Secretary.","Fong, Wu, Antonini, Borden, Hillis, Moore",https://sfplanning.s3.amazonaws.com/default/files/meetingarchive/planning_dept/sf-planning.org/index.aspx-page%3D3725.html,21
2013-12-05,regular,index.aspx-page_3727.html,12:00,,14,10,"John Rahaim – Planning Director, Brittany Bendix, Kanishka Burns, Christine Lamorena, Sara Vellve, Elizabeth Watty, and Jonas P. Ionin – Commission Secretary.","Fong, Wu, Antonini, Borden, Hillis, Moore, Sugaya",https://sfplanning.s3.amazonaws.com/default/files/meetingarchive/planning_dept/sf-planning.org/index.aspx-page%3D3727.html,18
2013-12-12,regular,index.aspx-page_3732.html,12:00,,21,16,"John Rahaim – Planning Director, Danielle Harris, Kanishka Burns, Christine Lamorena, Kearstin Dischinger, Lisa Chen, Michael E. Smith, Casey Noel, and Jonas P. Ionin – Commission Secretary.","Wu, Antonini, Borden, Hillis, Moore, Sugaya",https://sfplanning.s3.amazonaws.com/default/files/meetingarchive/planning_dept/sf-planning.org/index.aspx-page%3D3732.html,22
2013-12-19,regular,index.aspx-page_3735.html,12:00,,29,24,"John Rahaim – Planning Director, Elizabeth Watty, Diego Sanchez, Erika Jackson, Christina LaMorena, Jeff Speirs, Eiliesh Tuffy, Rich Sucre, Timothy Johnston, Michael Smith, Sara Vellve, Sharon Lai, Kate Conner, and Jonas P. Ionin – Commission Secretary.","Fong, Wu, Antonini, Borden, Hillis, Moore, Sugaya",https://sfplanning.s3.amazonaws.com/default/files/meetingarchive/planning_dept/sf-planning.org/index.aspx-page%3D3735.html,38
2014-01-09,regular,index.aspx-page_3769.html,12:00,,15,11,"John Rahaim – Planning Director, Aaron Starr, Jon Swae, Susan Exline, Sharon Young, Casey Noel, and Jonas P. Ionin – Commission Secretary","Fong, Wu, Antonini, Borden, Hillis, Moore, Sugaya",https://sfplanning.s3.amazonaws.com/default/files/meetingarchive/planning_dept/sf-planning.org/index.aspx-page%3D3769.html,28
2014-01-16,regular,index.aspx-page_3770.html,12:00,,21,14,"John Rahaim – Planning Director, Omar Masry, Rich Sucre, Keith DeMartini, Kei Zushi, Sharon Lai, Christina LaMorena, Michael E. Smith, Adrian Putra, and Jonas P. Ionin – Commission Secretary","Fong, Wu, Borden, Moore, Sugaya",https://sfplanning.s3.amazonaws.com/default/files/meetingarchive/planning_dept/sf-planning.org/index.aspx-page%3D3770.html,43
2014-01-23,regular,index.aspx-page_3771.html,12:00,,21,15,"John Rahaim – Planning Director, Sophie Hayward, Sharon Lai, Kanishka Burns, Claudia Flores, Kate McGee, Aaron Starr, and Jonas P. Ionin – Commission Secretary","Wu, Borden, Hillis, Moore, Sugaya",https://sfplanning.s3.amazonaws.com/default/files/meetingarchive/planning_dept/sf-planning.org/index.aspx-page%3D3771.html,72
2014-02-06,regular,index.aspx-page_3777.html,12:00,,27,18,"John Rahaim – Planning Director, Scott Sanchez – Zoning Administrator, Steve Wertheim, Casey Noel, Tina Chang, Keith DeMartini, Susan Gygi, Elizabeth Watty, Kanishka Burns, Kate Conner,","Fong, Wu, Borden, Hillis, Moore, Sugaya",https://sfplanning.s3.amazonaws.com/default/files/meetingarchive/planning_dept/sf-planning.org/index.aspx-page%3D3777.html,40
2014-02-13,regular,index.aspx-page_3790.html,12:00,,16,12,"John Rahaim – Planning Director, Scott Sanchez – Zoning Administrator, Tina Chang, Marcelle Boudreaux, Kanishka Burns, Doug Vu, and Jonas P. Ionin – Commission Secretary","Fong, Wu, Antonini, Borden, Hillis, Moore, Sugaya",https://sfplanning.s3.amazonaws.com/default/files/meetingarchive/planning_dept/sf-planning.org/index.aspx-page%3D3790.html,5
2014-02-20,regular,index.aspx-page_3791.html,12:00,,21,20,"John Rahaim – Planning Director, Scott Sanchez – Zoning Administrator, Omar Masry, Aaron Starr, Tina Chang, Keith DeMartini, Kelly Amdur, Mathew Snyder, Sharon Lai, Brittany Bendix, Jessica Look, and Jonas P. Ionin – Commission Secretary","Fong, Wu, Antonini, Borden, Hillis, Moore, Sugaya",https://sfplanning.s3.amazonaws.com/default/files/meetingarchive/planning_dept/sf-planning.org/index.aspx-page%3D3791.html,53
2014-02-27,regular,index.aspx-page_3811.html,12:00,,21,14,"John Rahaim – Planning Director, Scott Sanchez – Zoning Administrator, Alexandra Kirby, Christine Lamorena, Kanishka Burns, Mary Woods, Jessica Look, Kevin Guy, Glenn Cabreros,","Fong,",https://sfplanning.s3.amazonaws.com/default/files/meetingarchive/planning_dept/sf-planning.org/index.aspx-page%3D3811.html,22
2014-03-06,regular,index.aspx-page_3810.html,12:00,,16,11,"John Rahaim – Planning Director, Scott Sanchez – Zoning Administrator, Casey Noel, Kate McGee, Kimia Haddadan, Michael E. Smith,","Wu, Fong, Antonini, Borden, Hillis, Moore, Sugaya",https://sfplanning.s3.amazonaws.com/default/files/meetingarchive/planning_dept/sf-planning.org/index.aspx-page%3D3810.html,41
2014-03-13,regular,index.aspx-page_3814.html,12:00,,15,12,"John Rahaim – Planning Director, Scott Sanchez – Zoning Administrator, Kimia Haddadan, Aaron Starr, Kearstin Dischinger, Mary Woods, Steve Wertheim, Glenn Cabreros, Kanisha Burns, and Jonas P. Ionin – Commission Secretary","Wu, Fong, Antonini, Borden, Hillis, Moore, Sugaya",https://sfplanning.s3.amazonaws.com/default/files/meetingarchive/planning_dept/sf-planning.org/index.aspx-page%3D3814.html,70
2014-03-27,regular,index.aspx-page_3815.html,12:00,,22,19,"John Rahaim – Planning Director, Scott Sanchez – Zoning Administrator, Omar Masry, Debra Dwyer, Aaron Starr, Menaka Mohan, Jessica Look, Michael E. Smith, and Jonas P. Ionin – Commission Secretary","Wu, Fong, Antonini, Borden, Hillis, Moore, Sugaya",https://sfplanning.s3.amazonaws.com/default/files/meetingarchive/planning_dept/sf-planning.org/index.aspx-page%3D3815.html,51
2014-04-03,regular,index.aspx-page_3856.html,12:00,,17,13,"John Rahaim – Planning Director, Scott Sanchez – Zoning Administrator,","Wu, Fong, Antonini, Borden, Hillis, Moore, Sugaya",https://sfplanning.s3.amazonaws.com/default/files/meetingarchive/planning_dept/sf-planning.org/index.aspx-page%3D3856.html,0
2014-04-10,regular,index.aspx-page_3817.html,12:00,,13,9,"John Rahaim – Planning Director, Corey Teague – Assistant Zoning Administrator,","Wu, Fong, Antonini, Borden, Hillis, Moore, Sugaya",https://sfplanning.s3.amazonaws.com/default/files/meetingarchive/planning_dept/sf-planning.org/index.aspx-page%3D3817.html,1
2014-04-24,regular,index.aspx-page_3836.html,12:00,17:16,22,18,"John Rahaim – Planning Director, Scott Sanchez –","Wu, Fong, Antonini, Borden, Hillis, Moore",https://sfplanning.s3.amazonaws.com/default/files/meetingarchive/planning_dept/sf-planning.org/index.aspx-page%3D3836.html,52
2014-05-01,regular,index.aspx-page_3837.html,12:00,20:05,32,25,"John Rahaim – Planning Director, Scott Sanchez –","Wu, Fong, Antonini, Borden, Hillis, Moore, Sugaya",https://sfplanning.s3.amazonaws.com/default/files/meetingarchive/planning_dept/sf-planning.org/index.aspx-page%3D3837.html,132
2014-05-08,regular,index.aspx-page_3838.html,12:00,,21,18,"John Rahaim – Planning Director, Scott Sanchez –","Wu, Fong, Antonini, Borden, Hillis, Moore, Sugaya",https://sfplanning.s3.amazonaws.com/default/files/meetingarchive/planning_dept/sf-planning.org/index.aspx-page%3D3838.html,37
2014-05-15,regular,index.aspx-page_3846.html,12:00,,18,13,"John Rahaim – Planning Director, Scott Sanchez –","Wu, Fong, Antonini, Borden, Hillis, Moore, Sugaya",https://sfplanning.s3.amazonaws.com/default/files/meetingarchive/planning_dept/sf-planning.org/index.aspx-page%3D3846.html,23
2014-05-22,regular,index.aspx-page_3847.html,12:00,,21,17,"John Rahaim – Planning Director, Scott Sanchez –","Wu, Fong, Antonini, Borden, Hillis, Moore, Sugaya",https://sfplanning.s3.amazonaws.com/default/files/meetingarchive/planning_dept/sf-planning.org/index.aspx-page%3D3847.html,73
2014-06-05,regular,index.aspx-page_3857.html,12:00,,19,11,"John Rahaim – Planning Director, Scott Sanchez –","Wu, Fong, Antonini, Borden, Hillis, Moore, Sugaya",https://sfplanning.s3.amazonaws.com/default/files/meetingarchive/planning_dept/sf-planning.org/index.aspx-page%3D3857.html,52
2014-06-12,regular,index.aspx-page_3858.html,12:00,,20,14,"John Rahaim – Planning Director, Scott Sanchez –","Wu, Fong, Antonini, Borden, Hillis, Moore, Sugaya",https://sfplanning.s3.amazonaws.com/default/files/meetingarchive/planning_dept/sf-planning.org/index.aspx-page%3D3858.html,9
2014-06-19,regular,index.aspx-page_3870.html,12:00,,18,13,"John Rahaim – Planning Director, Scott Sanchez –","Wu, Fong, Antonini, Borden, Hillis, Moore, Sugaya",https://sfplanning.s3.amazonaws.com/default/files/meetingarchive/planning_dept/sf-planning.org/index.aspx-page%3D3870.html,41
2014-06-26,regular,index.aspx-page_3880.html,12:00,,15,11,"John Rahaim – Planning Director, Scott Sanchez –","Wu, Fong, Antonini, Borden, Hillis, Moore, Sugaya",https://sfplanning.s3.amazonaws.com/default/files/meetingarchive/planning_dept/sf-planning.org/index.aspx-page%3D3880.html,33
2014-07-17,regular,index.aspx-page_3889.html,12:00,,15,10,"Alexandra Kirby, Kanishka Burns, Neil Hrushowy, Rich Sucre, Sara Vellve, Omar Masry, Elizabeth Watty, AnMarie Rodgers, Tina Tam, John Rahaim – Planning Director, and Christine Lamorena – Acting Commission Secretary","Wu, Fong, Antonini, Hillis, Johnson, Moore, Sugaya",https://sfplanning.s3.amazonaws.com/default/files/meetingarchive/planning_dept/sf-planning.org/index.aspx-page%3D3889.html,47
2014-07-24,regular,index.aspx-page_3888.html,12:00,,23,18,"John Rahaim – Planning Director, Erika Jackson, Marcelle Boudreaux, Omar Masry, Elizabeth Watty, Aaron Starr, Mary Woods, Diego Sanchez, Tina Chang, Pilar LaValley, Doug Vu, Sharon Lai, and Jonas P. Ionin – Commission Secretary","Wu, Fong, Antonini, Hillis, Johnson, Moore, Sugaya",https://sfplanning.s3.amazonaws.com/default/files/meetingarchive/planning_dept/sf-planning.org/index.aspx-page%3D3888.html,82
2014-08-07,regular,index.aspx-page_3921.html,12:00,,22,19,"John Rahaim – Planning Director, Marcelle Boudreaux, Aaron Starr, Alexandra Kirby, Chris Townes, Timothy Johnston, Paolo Ikezoe, Corey Teague, Mary Woods, Sharon Lai, Omar Masry and Jonas P. Ionin – Commission Secretary","Wu, Fong, Antonini, Hillis, Johnson, Moore, Sugaya",https://sfplanning.s3.amazonaws.com/default/files/meetingarchive/planning_dept/sf-planning.org/index.aspx-page%3D3921.html,116
2014-08-14,regular,index.aspx-page_3922.html,12:00,17:48,31,26,"John Rahaim – Planning Director, Elizabeth Watty,","Wu, Fong, Antonini, Hillis, Johnson, Moore, Sugaya",https://sfplanning.s3.amazonaws.com/default/files/meetingarchive/planning_dept/sf-planning.org/index.aspx-page%3D3922.html,110
2014-09-04,regular,index.aspx-page_3923.html,12:00,20:15,19,14,"John Rahaim – Planning Director,","Wu, Fong, Antonini, Hillis, Johnson, Moore, Richards",https://sfplanning.s3.amazonaws.com/default/files/meetingarchive/planning_dept/sf-planning.org/index.aspx-page%3D3923.html,77
2014-09-11,regular,index.aspx-page_3933.html,12:00,20:01,22,16,"John Rahaim – Planning Director, Kanishka Burns, Omar Masry, Laura Ajello, Rachel Schuett, Elizabeth Watty, Rich Sucre, Glenn Cabreros, Carly Grob, Marcelle Boudreaux, and Jonas P. Ionin – Commission Secretary","Wu, Fong, Antonini, Hillis, Johnson, Moore, Richards",https://sfplanning.s3.amazonaws.com/default/files/meetingarchive/planning_dept/sf-planning.org/index.aspx-page%3D3933.html,62
2014-09-18,regular,index.aspx-page_3934.html,12:00,20:49,25,20,"John Rahaim – Planning Director, Omar Masry, Aaron Starr, Elizabeth Watty, Jeff Speirs, Diego Sanchez, Kanishka Burns, Kansai Uchida, Wade Wietgrefe, Brittany Bendix, Sara Vellve, Michael Smith, Eiliesh Tuffy, Glenn Cabreros, and Jonas P. Ionin – Commission Secretary","Wu, Fong, Antonini, Hillis, Johnson, Moore, Richards",https://sfplanning.s3.amazonaws.com/default/files/meetingarchive/planning_dept/sf-planning.org/index.aspx-page%3D3934.html,73
2014-10-02,regular,index.aspx-page_3940.html,14:00,20:43,20,14,"John Rahaim – Planning Director, Tina Chang, Omar Masry, Michael Jacinto, Sharon Lai, Rich Sucre, Corey Teague, Steve","Wu, Fong, Antonini, Hillis, Johnson, Moore, Richards",https://sfplanning.s3.amazonaws.com/default/files/meetingarchive/planning_dept/sf-planning.org/index.aspx-page%3D3940.html,45
2014-10-09,regular,index.aspx-page_3948.html,12:00,15:47,16,12,"John Rahaim – Planning Director, Sara Vellve, Marcelle Boudreaux, Diego Sanchez, Erika Jackson, Kanishka Burns, Jon Swae, Jeffrey Speirs, Chris Townes, and Jonas P. Ionin – Commission Secretary","Wu, Fong, Antonini, Hillis, Johnson, Moore, Richards",https://sfplanning.s3.amazonaws.com/default/files/meetingarchive/planning_dept/sf-planning.org/index.aspx-page%3D3948.html,21
2014-10-16,regular,index.aspx-page_3950.html,12:00,17:05,16,13,"John Rahaim – Planning Director, Omar Masry, Esmeralda Jardines, Menaka Mohan, Kevin Guy, Rich Sucre, Sara Vellve, Tina Chang, and Jonas P. Ionin – Commission Secretary","Wu, Fong, Antonini, Hillis, Johnson, Richards",https://sfplanning.s3.amazonaws.com/default/files/meetingarchive/planning_dept/sf-planning.org/index.aspx-page%3D3950.html,46
2014-10-23,regular,index.aspx-page_3965.html,12:00,19:07,19,14,"John Rahaim – Planning Director,","Wu, Fong, Antonini, Hillis, Johnson, Richards",https://sfplanning.s3.amazonaws.com/default/files/meetingarchive/planning_dept/sf-planning.org/index.aspx-page%3D3965.html,61
2014-11-06,regular,index.aspx-page_3967.html,12:00,17:46,20,18,"John Rahaim – Planning Director,","Wu, Fong, Antonini, Hillis, Johnson, Moore, Richards",https://sfplanning.s3.amazonaws.com/default/files/meetingarchive/planning_dept/sf-planning.org/index.aspx-page%3D3967.html,33
2014-11-13,regular,index.aspx-page_3969.html,12:00,,18,15,"John Rahaim – Planning Director, Marcelle Boudreaux, Andrew Perry, Sharon Lai, Diana Sokolove, Kanishka Burns, Pilar LaValley, Sara Vellve, Christine Lamorena , and Jonas P. Ionin – Commission Secretary","Wu, Fong, Antonini, Hillis, Johnson, Moore, Richards",https://sfplanning.s3.amazonaws.com/default/files/meetingarchive/planning_dept/sf-planning.org/index.aspx-page%3D3969.html,20
2014-11-20,regular,index.aspx-page_3970.html,12:00,,21,17,"John Rahaim – Planning Director, Andrew Perry, Esmeralda Jardines, Kate Conner, Kevin Guy, Michael Jacinto, Aaron Starr, Jon Swae, Menaka Mohan, Rich Sucre, Laura Ajello, Tina Chang , and Jonas P. Ionin – Commission Secretary","Wu, Fong, Antonini, Hillis, Johnson, Moore, Richards",https://sfplanning.s3.amazonaws.com/default/files/meetingarchive/planning_dept/sf-planning.org/index.aspx-page%3D3970.html,84
2014-12-04,regular,index.aspx-page_4000.html,12:00,,19,16,"John Rahaim – Planning Director, Carly Grob, Rachel Schuett, Debra Dwyer, Kearstin Dischinger, Diego Sanchez, Thomas Wang, Tina Chang,","Wu, Fong, Antonini, Hillis, Johnson, Moore, Richards",https://sfplanning.s3.amazonaws.com/default/files/meetingarchive/planning_dept/sf-planning.org/index.aspx-page%3D4000.html,92
2014-12-04,special,index.aspx-page_3999.html,10:00,,3,1,"John Rahaim – Planning Director,","Wu, Fong, Antonini, Johnson, Moore, Richards",https://sfplanning.s3.amazonaws.com/default/files/meetingarchive/planning_dept/sf-planning.org/index.aspx-page%3D3999.html,92
2014-12-11,regular,index.aspx-page_4080.html,12:00,22:39,26,17,"John Rahaim – Planning Director, Omar Masry, Laura Ajello, Carly Grob, Rachel Schuett, Claudia Flores, Kearstin Dischinger, Paulo Ikezoe, Brittany Bendix, Erika Jackson, Sharon Young, Marcelle Boudreaux, Sara Vellve, Mary Woods, Eiliesh Tuffy, Tina Chang,","Wu, Fong, Antonini, Hillis, Johnson, Moore, Richards",https://sfplanning.s3.amazonaws.com/default/files/meetingarchive/planning_dept/sf-planning.org/index.aspx-page%3D4080.html,76
2014-12-18,regular,index.aspx-page_4081.html,12:00,19:16,17,14,"John Rahaim – Planning Director, Esmeralda Jardines, Sarah Jones - ERO, Nick Perry, David Winslow, Diego Sanchez, Kimia Haddadan, Rich Sucre, Sharon Lai, Mary Woods,","Wu, Fong, Antonini, Hillis, Johnson, Moore, Richards",https://sfplanning.s3.amazonaws.com/default/files/meetingarchive/planning_dept/sf-planning.org/index.aspx-page%3D4081.html,62
2015-01-08,regular,planning-commission-january-8-2015-minutes.html,13:30,,21,15,"John Rahaim – Planning Director, Omar Masry, Kim Durandet, Marcelle Boudreaux, Rich Sucre,","Wu, Fong, Antonini, Hillis, Johnson, Moore, Richards",https://sfgov.org/sfplanningarchive/meeting/planning-commission-january-8-2015-minutes,41
2015-01-15,regular,planning-commission-january-15-2015-minutes.html,12:00,15:01,16,12,"John Rahaim – Planning Director, Brittany Bendix, Todd Kennedy, Gil Kelley, Chris Kern, and Jonas P. Ionin – Commission Secretary","Wu, Fong, Antonini, Hillis, Johnson, Moore, Richards",https://sfgov.org/sfplanningarchive/meeting/planning-commission-january-15-2015-minutes,8
2015-01-22,regular,planning-commission-january-22-2015-minutes.html,12:00,,16,12,"John Rahaim – Planning Director, Keith DeMartini, Kansai Uchida, Chelsea Fordham, Chris Townes, Delvin Washington, Alexandra Kirby, Sara Vellve, and Jonas P. Ionin – Commission Secretary","Wu, Antonini, Hillis, Johnson, Moore, Richards",https://sfgov.org/sfplanningarchive/meeting/planning-commission-january-22-2015-minutes,61
2015-02-05,regular,planning-commission-february-5-2015-minutes.html,12:00,17:27,23,15,"John Rahaim – Planning Director, Keith DeMartini, Doug Vu, Erika Jackson, Mary Woods, Marcelle Boudreaux, Christine Lamorena, Omar Masry, and Jonas P. Ionin – Commission Secretary","Wu, Fong, Antonini, Hillis, Johnson, Moore, Richards",https://sfgov.org/sfplanningarchive/meeting/planning-commission-february-5-2015-minutes,34
2015-02-12,regular,planning-commission-february-12-2015-minutes.html,12:00,,22,17,"John Rahaim – Planning Director, Keith DeMartini, Scott Sanchez, Laura Ajello, Kimia Haddadan, Robin Abad, Jeffrey Speirs, and Jonas P. Ionin – Commission Secretary","Fong, Wu, Antonini, Hillis, Johnson, Moore, Richards",https://sfgov.org/sfplanningarchive/meeting/planning-commission-february-12-2015-minutes,25
2015-02-26,regular,planning-commission-february-26-2015-minutes.html,12:00,,17,11,"John Rahaim – Planning Director, David Winslow, Steve Wertheim, Brett Bollinger, Scott Sanchez, Michael Smith, Omar Masry, Eiliesh Tuffy, and Jonas P. Ionin – Commission Secretary","Fong, Wu, Antonini, Hillis, Johnson, Moore, Richards",https://sfgov.org/sfplanningarchive/meeting/planning-commission-february-26-2015-minutes,11
2015-03-05,regular,planning-commission-march-5-2015-minutes.html,12:00,,18,13,"John Rahaim – Planning Director, Nicholas Foster, Paul Chasan, Rich Sucre, Laura Ajello, Marcelle Boudreaux, and Jonas P. Ionin – Commission Secretary","Fong, Hillis, Moore, Richards",https://sfgov.org/sfplanningarchive/meeting/planning-commission-march-5-2015-minutes,15
2015-03-12,regular,planning-commission-march-12-2015-minutes.html,12:00,15:12,21,18,"John Rahaim – Planning Director, Carly Grob, Alexis Kirby, Tina Chang, Kate Conner, Laura","Fong, Wu, Antonini, Hillis, Johnson, Moore, Richards",https://sfgov.org/sfplanningarchive/meeting/planning-commission-march-12-2015-minutes,14
2015-03-19,regular,planning-commission-march-19-2015-minutes.html,12:00,18:23,18,15,"John Rahaim – Planning Director, Anne Brask, Kevin Guy, Rich Sucre, Diego Sanchez, Kimia Haddadan, Debra Dwyer, Andrew Perry, Alexis Kirby, Omar Masry, and Jonas P. Ionin – Commission Secretary","Fong, Wu, Antonini, Hillis, Moore, Richards",https://sfgov.org/sfplanningarchive/meeting/planning-commission-march-19-2015-minutes,76
2015-03-26,regular,planning-commission-march-26-2015-minutes.html,12:00,18:28,28,17,"John Rahaim – Planning Director, Laura Ajello, Paul Chasan, Diego Sanchez, Tina Chang, Carly Grob, Kevin Guy, Rich Sucre, Jeff Speirs, Chris Townes, Michael E. Smith, and Jonas P. Ionin – Commission Secretary","Fong, Wu, Antonini, Hillis, Johnson, Moore, Richards",https://sfgov.org/sfplanningarchive/meeting/planning-commission-march-26-2015-minutes,32
2015-04-02,regular,planning-commission-april-2-2015-minutes.html,12:00,18:35,20,16,"John Rahaim – Planning Director, Aaron Starr, Gonzalo Mosquera, Brittany Bendix, Rich Sucre and Jonas P. Ionin – Commission Secretary","Fong, Wu, Antonini, Hillis, Johnson, Moore, Richards",https://sfgov.org/sfplanningarchive/meeting/planning-commission-april-2-2015-minutes,121
2015-04-16,regular,planning-commission-april-16-2015-minutes.html,12:00,18:32,19,13,"John Rahaim – Planning Director, Nicholas Foster, Audrey Desmuke, Chelsea Fordham, Elizabeth Watty, Marcelle Boudreaux, Erika Jackson, Andrew Perry, Alexandria Kirby, Eiliesh Tuffy, and Jonas P. Ionin – Commission Secretary","Fong, Wu, Antonini, Hillis, Johnson, Moore, Richards",https://sfgov.org/sfplanningarchive/meeting/planning-commission-april-16-2015-minutes,49
2015-04-23,regular,planning-commission-april-23-2015-minutes.html,12:00,22:22,25,20,"John Rahaim – Planning Director, Kate Conner, Laura Ajello, Marcelle Boudreaux, Elizabeth Watty, Timothy Johnston, Diego Sanchez, Michael E. Smith, Aaron Starr, and Jonas P. Ionin – Commission Secretary","Fong, Wu, Antonini, Hillis, Johnson, Moore, Richards",https://sfgov.org/sfplanningarchive/meeting/planning-commission-april-23-2015-minutes,130
2015-04-30,regular,planning-commission-april-30-2015-minutes.html,12:00,,23,19,"John Rahaim – Planning Director, Kate Conner, Marcelle Boudreaux, Todd Kennedy, Nicholas Foster, Kimberly Durandet, Chris Townes, Sharon Lai, Laura Ajello, Erika Jackson, Carly Grob, and Jonas P. Ionin – Commission Secretary","Fong, Wu, Antonini, Hillis, Johnson, Moore, Richards",https://sfgov.org/sfplanningarchive/meeting/planning-commission-april-30-2015-minutes,30
2015-05-07,regular,planning-commission-may-7-2015-minutes.html,12:00,16:09,16,13,"John Rahaim – Planning Director, Rich Sucre, Chris Townes, Sara Vellve, Adrian Putra, Jeff Speirs, and Jonas P. Ionin – Commission Secretary","Fong, Wu, Antonini, Hillis, Johnson, Moore, Richards",https://sfgov.org/sfplanningarchive/meeting/planning-commission-may-7-2015-minutes,16
2015-05-14,regular,planning-commission-may-14-2015-minutes.html,12:00,16:07,16,13,"John Rahaim – Planning Director, Gil, Kelley, Diego Sanchez, Erika Jackson, Michael E. Smith, Marcelle Boudreaux , Nancy","Fong, Wu, Antonini, Hillis, Johnson, Moore, Richards",https://sfgov.org/sfplanningarchive/meeting/planning-commission-may-14-2015-minutes,23
2015-05-21,regular,planning-commission-may-21-2015-minutes-0.html,12:00,20:03,16,12,"John Rahaim – Planning Director,","Fong, Wu, Antonini, Hillis, Johnson, Moore, Richards",https://sfgov.org/sfplanningarchive/meeting/planning-commission-may-21-2015-minutes-0,120
2015-05-21,special,planning-commission-may-21-2015-minutes.html,11:00,23:29,3,1,"Susan Exline, John Rahaim – Planning Director, and Jonas P. Ionin – Commission Secretary","Fong, Wu, Antonini, Moore, Richards",https://sfgov.org/sfplanningarchive/meeting/planning-commission-may-21-2015-minutes,120
2015-05-28,regular,planning-commission-may-28-2015-minutes.html,12:00,15:59,12,8,"John Rahaim – Planning Director,","Fong, Wu, Antonini, Hillis, Moore, Richards",https://sfgov.org/sfplanningarchive/meeting/planning-commission-may-28-2015-minutes,14
2015-06-04,regular,planning-commission-june-4-2015-minutes.html,12:00,17:33,12,9,"John Rahaim – Planning Director,","Fong, Wu, Antonini, Hillis, Johnson, Moore, Richards",https://sfgov.org/sfplanningarchive/meeting/planning-commission-june-4-2015-minutes,84
2015-06-11,regular,planning-commission-june-11-2015-minutes.html,12:00,15:17,16,11,"John Rahaim – Planning Director,","Fong, Antonini, Hillis, Johnson, Richards",https://sfgov.org/sfplanningarchive/meeting/planning-commission-june-11-2015-minutes,31
2015-06-18,regular,planning-commission-june-18-2015-minutes.html,12:00,16:07,20,14,"John Rahaim – Planning Director,","Wu, Antonini, Hillis, Moore, Richards",https://sfgov.org/sfplanningarchive/meeting/planning-commission-june-18-2015-minutes,31
2015-06-25,regular,planning-commission-june-25-2015-minutes.html,12:00,18:07,34,24,"John Rahaim – Planning Director, Marcelle Boudreaux, Tina Chang, Sara Vellve, Carly Grob , Steve Wertheim, Chris Espiritu, Brett Bollinger, Kevin Guy, Michael Smith, Kimberly Durandet, Rich Sucre,","Wu, Antonini, Hillis, Johnson, Moore, Richards",https://sfgov.org/sfplanningarchive/meeting/planning-commission-june-25-2015-minutes,47
2015-07-02,regular,planning-commission-july-2-2015-minutes.html,12:00,17:50,18,15,"John Rahaim – Planning Director, Kevin Guy, Nicholas Foster, Kimia Haddadan, Steve Wertheim, Jonathan DiSalvo, Natalia Kwiatkowska, Jonathan Speirs,","Fong, Wu, Antonini, Hillis, Johnson, Moore, Richards",https://sfgov.org/sfplanningarchive/meeting/planning-commission-july-2-2015-minutes,52
2015-07-09,regular,planning-commission-july-9-2015-minutes.html,12:00,19:13,17,14,"John Rahaim – Planning Director, Kevin Guy, Claudia Flores, Mathew Snyder, Kansai Uchida, Steve Wertheim, Kate Conner, Tina Chang, Rich Sucre, Andrew Perry, and Jonas P. Ionin – Commission Secretary","Fong, Wu, Antonini, Johnson, Moore, Richards",https://sfgov.org/sfplanningarchive/meeting/planning-commission-july-9-2015-minutes,50
2015-07-16,regular,planning-commission-july-16-2015-minutes.html,12:00,18:43,27,22,"John Rahaim – Planning Director, Wayne Farrens, Nicholas Foster, Paolo Ikezoe, Doug Vu, Diego Sanchez, Kimia Haddadan, Aarton Starr, Jonathan DiSalvo, Andrew Perry, Tina Chang, Sharon Young, and Jonas P. Ionin – Commission Secretary","Fong, Wu, Antonini, Johnson, Moore, Richards",https://sfgov.org/sfplanningarchive/meeting/planning-commission-july-16-2015-minutes,60
2015-07-23,regular,planning-commission-july-23-2015-minutes.html,12:00,19:30,22,17,"John Rahaim – Planning Director, Kevin Guy, Carly Grob, Aaron Starr, Don Lewis,","Fong, Wu, Antonini, Johnson, Moore, Richards",https://sfgov.org/sfplanningarchive/meeting/planning-commission-july-23-2015-minutes,55
2015-08-06,regular,planning-commission-august-6-2015-minutes.html,12:00,23:40,22,17,"Sarah Jones – Acting Planning Director, Lisa Chen, Aaron Starr, Christopher Thomas, Claudia Flores, Nicholas Foster, Kevin Guy, Chris Townes, Lily Yegazu, Rich Sucre, Alexandra Kirby, Brittany Bendix and Jonas P. Ionin","Fong, Wu, Antonini, Hillis Johnson, Moore, Richards",https://sfgov.org/sfplanningarchive/meeting/planning-commission-august-6-2015-minutes,107
2015-08-13,regular,planning-commission-august-13-2015-minutes.html,12:00,18:40,28,24,"Sarah Jones, – Acting Planning Director, Andrew Perry, Jonathan DiSalvo, Aaron Starr, Debra Dwyer, Michael Jacinto, Tina Chang, Chris Townes, Kevin Guy, and Christine Lamorena","Wu, Antonini, Hillis Johnson, Moore, Richards",https://sfgov.org/sfplanningarchive/meeting/planning-commission-august-13-2015-minutes,96
2015-09-03,regular,planning-commission-september-3-2015-minutes.html,12:00,00:14,22,19,"John Rahaim – Planning Director,","Fong, Wu, Antonini, Hillis Johnson, Moore, Richards",https://sfgov.org/sfplanningarchive/meeting/planning-commission-september-3-2015-minutes,217
2015-09-10,regular,planning-commission-september-10-2015-minutes.html,12:00,,18,13,"John Rahaim – Planning Director, Omar Masry, Alexandra Kirby, Richard Sucre, Johnathan DiSalvo, Laura Ajello, Britany Bendix, Lisa Chen, Tina Chang, Diego Sanchez, Kimia Haddadan, and Jonas P. Ionin – Commission Secretary","Fong, Wu, Antonini, Hillis, Johnson, Moore, Richards",https://sfgov.org/sfplanningarchive/meeting/planning-commission-september-10-2015-minutes,34
2015-09-17,regular,planning-commission-september-17-2015-minutes-0.html,11:00,21:30,21,18,"Dan Sider, Kevin Guy, Michael Jacinto,","Fong, Wu, Antonini, Hillis, Johnson, Moore, Richards",https://sfgov.org/sfplanningarchive/meeting/planning-commission-september-17-2015-minutes-0,990
2015-09-24,regular,planning-commission-september-24-2015-minutes.html,12:00,20:47,27,21,"John Rahaim – Planning Director, Wyne Farrens, Omar Masry, Anne Brask, Colin Clarke, Menaka Mohan, Jeff Speirs, Claudia Flores, Rich Sucre, Tina Chang, Natasha Kwiatkowska, and Jonas P. Ionin – Commission Secretary","Fong, Wu, Antonini, Hillis, Johnson, Moore, Richards",https://sfgov.org/sfplanningarchive/meeting/planning-commission-september-24-2015-minutes,80
2015-10-01,regular,planning-commission-october-1-2015-minutes.html,12:00,19:49,15,12,"John Rahaim – Planning Director, Carly Grob, Omar Masry, Teresa Ojeda, Colin Clarke, Doug Vu, Wade Wietgrefe, Christopher Thomas,","Fong, Antonini, Hillis, Johnson, Moore, Richards",https://sfgov.org/sfplanningarchive/meeting/planning-commission-october-1-2015-minutes,42
2015-10-08,regular,planning-commission-october-8-2015-minutes.html,12:00,18:34,15,7,"John Rahaim – Planning Director, Laura Ajello, Sara Vellve, Rich Sucre, Mary Woods, Omar Masry, and Jonas P. Ionin – Commission Secretary","Fong, Wu, Antonini, Hillis, Johnson, Richards",https://sfgov.org/sfplanningarchive/meeting/planning-commission-october-8-2015-minutes,29
2015-10-15,regular,planning-commission-october-15-2015-minutes.html,15:00,18:10,12,8,"John Rahaim – Planning Director, Wayne Farrens,","Fong, Wu, Antonini,",https://sfgov.org/sfplanningarchive/meeting/planning-commission-october-15-2015-minutes,11
2015-11-05,regular,planning-commission-november-5-2015-minutes.html,12:00,20:27,15,13,"John Rahaim – Planning Director, Menaka Mohan, Alexandra Kirby, Carly Grob, David Winslow, Natalia Kwiatkowska, Nancy Tran, Kurt","Fong, Wu, Antonini, Hillis, Johnson, Moore, Richards",https://sfgov.org/sfplanningarchive/meeting/planning-commission-november-5-2015-minutes,114
2015-11-12,regular,planning-commission-november-12-2015-minutes.html,12:00,20:44,19,14,"John Rahaim – Planning Director, Wayne Farrens, Chelsea Fordham, Chris Townes, Mathew Snyder, Rich Sucre, Alexandra Kirby, Brittany Bendix and Jonas P. Ionin – Commission Secretary","Fong, Wu, Antonini, Hillis, Johnson, Moore, Richards",https://sfgov.org/sfplanningarchive/meeting/planning-commission-november-12-2015-minutes,163
2015-11-19,regular,planning-commission-november-19-2015-minutes.html,14:00,18:53,19,15,"John Rahaim – Planning Director, Jeffrey Spears,","Fong, Wu, Antonini, Hillis, Johnson, Moore, Richards",https://sfgov.org/sfplanningarchive/meeting/planning-commission-november-19-2015-minutes,49
2015-12-03,regular,planning-commission-december-3-2015-minutes-0.html,12:00,22:09,19,14,"John Rahaim – Planning Director, Menaka Mohan,","Fong, Wu, Antonini, Hillis, Moore, Richards",https://sfgov.org/sfplanningarchive/meeting/planning-commission-december-3-2015-minutes-0,107
2015-12-10,regular,planning-commission-december-10-2015-minutes-0.html,12:00,21:17,24,20,"John Rahaim – Planning Director, Aaron Starr, Rich Sucre, Carly Grob, Rachel Schuett, Steve Wertheim, Diego Sanchez, Kamia Haddadan, Tina Chang, David Lindsay, and Jonas P. Ionin – Commission Secretary","Fong, Wu, Antonini, Hillis, Moore, Richards, Johnson",https://sfgov.org/sfplanningarchive/meeting/planning-commission-december-10-2015-minutes-0,84
2015-12-17,regular,planning-commission-december-17-2015-minutes.html,12:00,16:01,19,16,"John Rahaim – Planning Director, Omar Masry, Nicholas Foster, Aaron Starr,","Fong, Wu, Antonini, Hillis, Moore, Richards, Johnson",https://sfgov.org/sfplanningarchive/meeting/planning-commission-december-17-2015-minutes,26
2016-01-07,regular,planning-commission-january-7-2016-minutes.html,12:00,21:03,24,21,"John Rahaim – Planning Director,","Fong, Wu, Antonini, Hillis, Moore, Richards, Johnson",https://sfgov.org/sfplanningarchive/meeting/planning-commission-january-7-2016-minutes,99
2016-01-14,regular,planning-commission-january-14-2016-minutes.html,12:00,19:34,19,9,"John Rahaim – Planning Director,","Fong, Wu, Antonini, Hillis, Moore, Richards, Johnson",https://sfgov.org/sfplanningarchive/meeting/planning-commission-january-14-2016-minutes,37
2016-01-21,regular,planning-commission-january-21-2016-minutes.html,12:00,16:19,11,8,"John Rahaim – Planning Director,","Fong, Wu, Antonini, Hillis, Moore, Richards",https://sfgov.org/sfplanningarchive/meeting/planning-commission-january-21-2016-minutes,30
2016-01-28,regular,planning-commission-january-28-2016-minutes.html,12:00,21:05,14,12,"John Rahaim – Planning Director,","Fong, Richards, Antonini, Hillis, Moore, Wu",https://sfgov.org/sfplanningarchive/meeting/planning-commission-january-28-2016-minutes,174
2016-02-04,regular,planning-commission-february-4-2016-minutes.html,12:00,17:39,23,16,"John Rahaim – Planning Director,","Fong, Richards, Antonini, Hillis, Moore, Wu",https://sfgov.org/sfplanningarchive/meeting/planning-commission-february-4-2016-minutes,43
2016-02-11,regular,planning-commission-february-11-2016-minutes.html,12:00,20:37,26,17,"John Rahaim – Planning Director,","Fong, Richards, Antonini, Hillis, Moore",https://sfgov.org/sfplanningarchive/meeting/planning-commission-february-11-2016-minutes,92
2016-02-25,regular,planning-commission-february-25-2016-minutes.html,12:00,23:51,20,16,"John Rahaim – Planning Director,","Fong, Richards, Antonini, Hillis, Moore, Wu",https://sfgov.org/sfplanningarchive/meeting/planning-commission-february-25-2016-minutes,174
2016-03-03,regular,planning-commission-march-3-2016-minutes.html,12:00,17:37,16,12,"John Rahaim – Planning Director,","Fong, Richards, Antonini, Hillis, Moore",https://sfgov.org/sfplanningarchive/meeting/planning-commission-march-3-2016-minutes,56
2016-03-10,regular,planning-commission-march-10-2016-minutes.html,12:00,16:45,26,14,"John Rahaim – Planning Director,","Fong, Richards, Antonini, Hillis, Moore",https://sfgov.org/sfplanningarchive/meeting/planning-commission-march-10-2016-minutes,27
2016-03-17,regular,planning-commission-march-17-2016-minutes.html,12:00,20:45,25,22,"John Rahaim – Planning Director,","Fong, Richards, Antonini, Hillis, Johnson, Moore, Wu",https://sfgov.org/sfplanningarchive/meeting/planning-commission-march-17-2016-minutes,54
2016-03-24,regular,planning-commission-march-24-2016-minutes.html,12:00,14:39,14,9,"John Rahaim – Planning Director,","Fong, Richards, Antonini, Hillis, Johnson, Moore, Wu",https://sfgov.org/sfplanningarchive/meeting/planning-commission-march-24-2016-minutes,12
2016-03-31,regular,planning-commission-march-31-2016-minutes.html,12:00,21:20,20,12,"John Rahaim – Planning Director,","Fong, Richards, Antonini, Hillis, Johnson, Moore, Wu",https://sfgov.org/sfplanningarchive/meeting/planning-commission-march-31-2016-minutes,79
2016-04-07,regular,planning-commission-april-7-2016-minutes-0.html,12:00,18:34,21,19,"John Rahaim – Planning Director, Diego Sanchez, Teresa Ojeda, Joshua Switzky, Andrew Perry, Jonathan DiSalvo, Doug Vu, Marcelle Boudreaux, Tina Chang, Delvin Washington,","Fong, Richards, Antonini, Hillis, Johnson, Moore, Wu",https://sfgov.org/sfplanningarchive/meeting/planning-commission-april-7-2016-minutes-0,52
2016-04-14,regular,planning-commission-april-14-2016-minutes.html,12:00,14:37,19,12,"John Rahaim – Planning Director, Aaron Starr, Rich Sucre, Wayne Farrens, Carly Grob, Audrey Harris, Jeffrey Horn, David Winslow, Veronica Flores, Andrew Perry, and Jonas P. Ionin – Commission Secretary","Richards, Antonini, Hillis, Johnson",https://sfgov.org/sfplanningarchive/meeting/planning-commission-april-14-2016-minutes,16
2016-04-28,regular,planning-commission-april-28-2016-minutes.html,12:00,19:37,19,15,"John Rahaim – Planning Director, Nick Foster,","Fong, Richards, Antonini, Hillis, Johnson, Moore, Wu",https://sfgov.org/sfplanningarchive/meeting/planning-commission-april-28-2016-minutes,48
2016-05-05,regular,planning-commission-may-5-2016-minutes-0.html,12:00,20:12,24,20,"John Rahaim – Planning Director, Rich Sucre, Claudia Flores, Joshua Switzky, Mathew Snyder, Marcelle Boudreaux, Carly Grob,","Fong, Richards, Antonini, Hillis, Johnson, Moore, Wu",https://sfgov.org/sfplanningarchive/meeting/planning-commission-may-5-2016-minutes-0,208
2016-05-12,regular,planning-commission-may-12-2016-minutes.html,12:00,19:47,32,27,"John Rahaim – Planning Director, Aaron Starr, Scott Sanchez, Andrew Perry,","Fong, Richards, Antonini, Hillis, Johnson, Moore, Wu",https://sfgov.org/sfplanningarchive/meeting/planning-commission-may-12-2016-minutes,105
2016-05-19,regular,planning-commission-may-19-2016-minutes.html,12:00,16:27,15,10,"John Rahaim – Planning Director, Rich Sucre, Seema Adina, Menaka Mohan, Tina Chang, Chelsea Fordham, and Jonas P. Ionin – Commission Secretary","Fong, Richards, Antonini, Hillis, Johnson, Moore, Wu",https://sfgov.org/sfplanningarchive/meeting/planning-commission-may-19-2016-minutes,36
2016-06-02,regular,planning-commission-june-2-2016-minutes.html,12:00,23:17,28,18,"John Rahaim – Planning Director, Aaron Starr, Claudine Asbagh, Dan Sider, Diego Sanchez, Kimberly Durandet, Veronica Flores, Brittany Bendix, Nancy Tran, Jeffrey Speirs, Rich Sucre, and Jonas P. Ionin – Commission Secretary","Fong, Richards, Antonini, Hillis, Johnson, Moore, Wu",https://sfgov.org/sfplanningarchive/meeting/planning-commission-june-2-2016-minutes,95
2016-06-09,regular,planning-commission-june-9-2016-minutes.html,12:00,19:16,13,7,"John Rahaim – Planning Director, Nicholas Foster,","Fong, Richards, Antonini, Hillis, Johnson, Moore, Wu",https://sfgov.org/sfplanningarchive/meeting/planning-commission-june-9-2016-minutes,23
2016-06-16,regular,planning-commission-june-16-2016-minutes.html,12:00,21:01,27,19,"John Rahaim – Planning Director, Colin Clarke, Wayne Farrens, Audrey Harris, Omar Masry, Kimia Haddadan, Menaka Mohan, Tina Chang, Kimberly Durandet, Erika Jackson, Nancy Tran, Delvin Washington, and Jonas P. Ionin – Commission Secretary","Richards, Antonini, Hillis, Johnson, Moore, Wu",https://sfgov.org/sfplanningarchive/meeting/planning-commission-june-16-2016-minutes,71
2016-06-23,regular,planning-commission-june-23-2016-minutes.html,12:00,20:39,27,21,"John Rahaim – Planning Director, Mathew Snyder, Claudia Flores,","Fong, Richards, Antonini, Hillis, Johnson, Moore, Wu",https://sfgov.org/sfplanningarchive/meeting/planning-commission-june-23-2016-minutes,80
2016-06-30,regular,planning-commission-june-30-2016-minutes.html,12:00,22:00,31,25,"John Rahaim – Planning Director, Diego Sanchez, Aaron Starr, Veronica Flores, Brittany Bendix, Laura Ajello, Rich Sucre, Claudine Asbagh, Jeffrey Speirs, and Jonas P. Ionin – Commission Secretary","Richards, Antonini, Hillis, Johnson, Moore, Wu",https://sfgov.org/sfplanningarchive/meeting/planning-commission-june-30-2016-minutes,85
2016-07-07,regular,planning-commission-july-7-2016-minutes.html,12:00,17:04,21,18,"John Rahaim – Planning Director, Diego Sanchez,","Richards, Antonini, Hillis, Johnson, Moore, Wu",https://sfgov.org/sfplanningarchive/meeting/planning-commission-july-7-2016-minutes,35
2016-07-14,regular,planning-commission-july-14-2016-minutes.html,12:00,19:05,28,23,"Jeff Joslin – Director of Current Planning, Diego Sanchez,","Fong, Richards, Antonini, Hillis, Johnson, Moore, Wu",https://sfgov.org/sfplanningarchive/meeting/planning-commission-july-14-2016-minutes,63
2016-07-21,regular,planning-commission-july-21-2016-minutes-0.html,12:00,18:29,11,9,"John Rahaim – Planning Director, Nicholas Foster, Sharon Young, Christopher Townes, Erika Jackson, and Christine L. Silva – Acting Commission Secretary","Fong, Richards, Antonini, Johnson, Moore, Wu",https://sfgov.org/sfplanningarchive/meeting/planning-commission-july-21-2016-minutes-0,89
2016-07-21,special,planning-commission-july-21-2016-minutes.html,10:00,,1,1,"Marisa Espinosa, Gil Kelley, and Christine L. Silva – Acting Commission Secretary","Fong, Richards, Antonini, Johnson, Moore, Wu",https://sfgov.org/sfplanningarchive/meeting/planning-commission-july-21-2016-minutes,89
2016-07-28,regular,planning-commission-july-28-2016-minutes.html,12:00,21:08,27,21,"John Rahaim – Planning Director, Rich Sucre, Chelsea Fordham, Tina Chang, Andrew Perry, Kimberly Durandet, Britany Bendix, Veronica Flores, Wayne Farrens, Marcelle Boudreaux, Jeffrey Horn,","Fong, Richards, Antonini, Johnson, Moore, Wu",https://sfgov.org/sfplanningarchive/meeting/planning-commission-july-28-2016-minutes,83
2016-08-04,regular,planning-commission-august-4-2016-minutes.html,12:00,00:30,28,22,"John Rahaim – Planning Director, Rich Sucre, Colin Clarke,","Fong, Richards, Antonini, Hillis, Johnson, Moore, Wu",https://sfgov.org/sfplanningarchive/meeting/planning-commission-august-4-2016-minutes,105
2016-08-11,regular,planning-commission-august-11-2016-minutes.html,12:00,20:49,20,14,"John Rahaim – Planning Director, Jeff Speirs, Nicholas Foster, Wayne Farrens, Andrew Perry, Aaron Starr, Steve Wertheim, Esmeralda Jardines, Doug Vu,","Fong, Richards, Antonini, Hillis, Johnson, Moore, Wu",https://sfgov.org/sfplanningarchive/meeting/planning-commission-august-11-2016-minutes,57
2016-09-08,regular,planning-commission-september-8-2016-minutes.html,12:00,16:47,27,19,John Rahaim,"Fong, Richards, Hillis, Johnson, Moore",https://sfgov.org/sfplanningarchive/meeting/planning-commission-september-8-2016-minutes,59
2016-09-15,regular,planning-commission-september-15-2016-minutes.html,12:00,15:08,19,14,John Rahaim,"Fong, Hillis, Johnson, Moore",https://sfgov.org/sfplanningarchive/meeting/planning-commission-september-15-2016-minutes,26
2016-09-22,regular,planning-commission-september-22-2016-minutes.html,12:00,20:17,28,24,John Rahaim,"Fong, Richards, Hillis, Johnson, Koppel, Melgar, Moore",https://sfgov.org/sfplanningarchive/meeting/planning-commission-september-22-2016-minutes,88
2016-09-29,regular,planning-commission-september-29-2016-minutes.html,12:00,18:19,17,13,John Rahaim,"Fong, Richards, Hillis, Johnson, Koppel, Melgar, Moore",https://sfgov.org/sfplanningarchive/meeting/planning-commission-september-29-2016-minutes,60
2016-10-06,regular,planning-commission-october-6-2016-minutes.html,12:00,18:13,25,21,John Rahaim,"Fong, Richards, Hillis, Johnson, Koppel, Melgar, Moore",https://sfgov.org/sfplanningarchive/meeting/planning-commission-october-6-2016-minutes,70
2016-10-13,regular,planning-commission-october-13-2016-minutes.html,12:00,13:52,18,13,John Rahaim,"Fong, Richards, Johnson, Koppel, Melgar, Moore",https://sfgov.org/sfplanningarchive/meeting/planning-commission-october-13-2016-minutes,24
2016-10-20,regular,planning-commission-october-20-2016-minutes.html,12:00,21:13,23,19,Jeff Joslin,"Fong, Richards, Hillis, Johnson, Koppel, Melgar, Moore",https://sfgov.org/sfplanningarchive/meeting/planning-commission-october-20-2016-minutes,73
2016-10-27,regular,planning-commission-october-27-2016-minutes.html,12:00,20:00,32,20,"John Rahaim - Planning Director , Wayne Farrens, Seema Adina, Kristen Dischinger, Menaka Mohan, Shelley Caltagirone, Tina Chang, Rachel Schuett, Nick Foster, and Jonas P. Ionin - Commission Secretary","Fong, Richards, Hillis, Johnson, Koppel, Melgar, Moore",https://sfgov.org/sfplanningarchive/meeting/planning-commission-october-27-2016-minutes,66
2016-11-03,regular,planning-commission-november-3-2016-minutes.html,12:00,18:15,17,13,"John Rahaim - Planning Director , Sharon Young, Ashley Woods, Adam Varat, Chris Townes, Christopher May, Claudine Asbagh, Erica Jackson, and Jonas P. Ionin - Commission Secretary","Fong, Richards, Hillis, Johnson, Koppel, Melgar, Moore",https://sfgov.org/sfplanningarchive/meeting/planning-commission-november-3-2016-minutes,28
2016-11-10,regular,planning-commission-november-10-2016-minutes-0.html,12:00,17:26,17,10,"John Rahaim - Planning Director , Rich Sucre, Natalia Kwiatkowska, Jeffrey Speirs, Mary Woods, and Jonas P. Ionin - Commission Secretary","Fong, Richards, Hillis, Johnson, Koppel, Melgar, Moore",https://sfgov.org/sfplanningarchive/meeting/planning-commission-november-10-2016-minutes-0,36
2016-11-17,regular,planning-commission-november-17-2016-minutes.html,12:00,21:03,55,48,"John Rahaim - Planning Director , Menaka Mohan, Anmarie Rodgers, Melisa Hue, Claudine Asbagh, Mathew Snyder, Ella Samonsky, Kimberly Durandet, Nicholas Foster, and Jonas P. Ionin - Commission Secretary","Fong, Richards, Hillis, Johnson, Koppel, Melgar, Moore",https://sfgov.org/sfplanningarchive/meeting/planning-commission-november-17-2016-minutes,295
2016-12-01,regular,planning-commission-december-1-2016-minutes.html,12:00,18:04,22,19,"John Rahaim - Planning Director , Stephanie Skangos, Nicholas Foster, Jeffrey Spears, Maggie Wenger, Paolo Ikezoe, Christy Alexander, Laura Ajello, Ella Samonsky, Michael Christensen, and Jonas P. Ionin - Commission Secretary","Fong, Richards, Hillis, Johnson, Koppel, Melgar, Moore",https://sfgov.org/sfplanningarchive/meeting/planning-commission-december-1-2016-minutes,82
2016-12-08,regular,planning-commission-december-8-2016-minutes.html,12:00,21:03,32,23,"John Rahaim - Planning Director , Christopher May, Laura Ajello, Joshua Switzky, Mathew Snyder, Diego Sanchez, AnMarie Rodgers, Elizabeth Johnckeer, Marcelle Boudreaux, Claudine Asbagh, Carly Grob, Rich Sucre, Brittany Bendix, Jeffrey Speirs, and Jonas P. Ionin - Commission Secretary","Fong, Richards, Hillis, Johnson, Koppel, Melgar, Moore",https://sfgov.org/sfplanningarchive/meeting/planning-commission-december-8-2016-minutes,91
2016-12-15,regular,planning-commission-december-15-2016-minutes-0.html,10:00,11:16,12,9,"John Rahaim - Planning Director , Elizabeth Gordon-Johnckeer,","Fong, Richards, Hillis, Johnson, Koppel, Melgar, Moore",https://sfgov.org/sfplanningarchive/meeting/planning-commission-december-15-2016-minutes-0,16
2016-12-15,special,planning-commission-december-15-2016-minutes.html,13:00,19:27,3,1,"Melinda Hue,","Fong, Richards, Hillis, Johnson, Koppel, Melgar, Moore",https://sfgov.org/sfplanningarchive/meeting/planning-commission-december-15-2016-minutes,16
2017-01-05,regular,planning-commission-january-5-2017-minutes.html,12:00,18:45,16,11,"John Rahaim – Planning Director,","Fong, Richards, Koppel, Melgar Moore",https://sfgov.org/sfplanningarchive/meeting/planning-commission-january-5-2017-minutes,218
2017-01-12,regular,planning-commission-january-12-2017-minutes.html,12:00,19:21,14,9,"John Rahaim – Planning Director,","Richards, Hills, Johnson, Koppel, Melgar Moore",https://sfgov.org/sfplanningarchive/meeting/planning-commission-january-12-2017-minutes,68
2017-01-19,regular,planning-commission-january-19-2017-minutes.html,12:00,18:44,20,15,"John Rahaim – Planning Director, Stephanie Skangos,","Richards, Hills, Johnson, Koppel, Melgar Moore",https://sfgov.org/sfplanningarchive/meeting/planning-commission-january-19-2017-minutes,50
2017-01-26,regular,planning-commission-january-26-2017-minutes.html,12:00,20:35,25,19,"John Rahaim – Planning Director, Esmeralda Jardines, Michael Jacinto, Rachel Schuett, Marcelle","Hillis, Richards, Fong, Johnson, Koppel, Melgar Moore",https://sfgov.org/sfplanningarchive/meeting/planning-commission-january-26-2017-minutes,378
2017-02-02,regular,planning-commission-february-2-2017-minutes.html,12:00,17:03,28,25,"John Rahaim – Planning Director, Deborah Landis,","Hillis, Fong, Johnson, Koppel, Melgar Moore",https://sfgov.org/sfplanningarchive/meeting/planning-commission-february-2-2017-minutes,29
2017-02-09,regular,planning-commission-february-9-2017-minutes.html,12:00,20:08,19,15,"John Rahaim – Planning Director, Christy Alexander, Veronica Flores, Todd Kennedy, Melinda Hue, Diego Sanchez, Christopher May, Wayne Farrens, Brittany Bendix, and Jonas P. Ionin – Commission Secretary","Hillis, Richards, Johnson, Koppel, Melgar Moore",https://sfgov.org/sfplanningarchive/meeting/planning-commission-february-9-2017-minutes,108
2017-02-09,special,planning-commission-february-9-2017-minutes-0.html,10:00,12:16,3,1,"John Rahaim – Planning Director, Elizabeth Purl, and Jonas P. Ionin – Commission Secretary","Hillis, Richards, Koppel, Melgar Moore",https://sfgov.org/sfplanningarchive/meeting/planning-commission-february-9-2017-minutes-0,108
2017-02-16,regular,planning-commission-february-16-2017-minutes.html,12:00,18:26,18,15,"John Rahaim – Planning Director, Rich Sucre, Deborah Landis, Aaron Starr, Mathew Snyder, Esmeralda Jardines, Jonathan DiSalvo, Kimberly Durandet, Ella Samonsky, Jeffrey Speirs, and Jonas P. Ionin – Commission Secretary","Richards, Hills, Johnson, Koppel, Melgar Moore",https://sfgov.org/sfplanningarchive/meeting/planning-commission-february-16-2017-minutes,37
2017-02-23,regular,planning-commission-february-23-2017-minutes.html,12:00,19:15,18,15,"John Rahaim – Planning Director, Nicholas Foster, Kearstin Dischinger, Christine Haw, Kate Conner, Kimia Haddadan, Tina Chang, Todd Kennedy, Doug Vu, Jeff Horn, Jeffrey Speirs, and Jonas P. Ionin – Commission Secretary","Hillis, Richards, Fong, Johnson, Koppel, Melgar Moore",https://sfgov.org/sfplanningarchive/meeting/planning-commission-february-23-2017-minutes,46
2017-03-02,regular,planning-commission-march-2-2017-minutes.html,12:00,21:11,26,23,"John Rahaim – Planning Director, Esmeralda Jardines, Stephanie Skangos, Chris Kern, Joshua Switzky, Veronica Flores, Maggie Wenger, Doug Vu, Tina Chang, Todd Kennedy, Natalia Kwiatkowska, Sylvia Jimenez, and Jonas P. Ionin – Commission Secretary","Hillis, Richards, Fong, Johnson, Koppel, Melgar Moore",https://sfgov.org/sfplanningarchive/meeting/planning-commission-march-2-2017-minutes,122
2017-03-09,regular,planning-commission-march-9-2017-minutes.html,12:00,19:13,20,17,"John Rahaim – Planning Director, Jacobs Bintliff, Colin Clarke, Wayne Farrens, Joshua Switzky, Mathew Snyder, Mary Woods, Christopher May, Jeffrey Horn, Chris Townes, Michael Christensen, and Jonas P. Ionin – Commission Secretary","Hillis, Richards, Fong, Johnson, Koppel, Melgar, Moore",https://sfgov.org/sfplanningarchive/meeting/planning-commission-march-9-2017-minutes,70
2017-03-16,regular,planning-commission-march-16-2017-minutes.html,12:00,20:59,19,16,"John Rahaim – Planning Director, Dan Sirois, Katie Campbell, Andrew Perry, Jacob Bintliff, Lily Langlois, Colin Clarke, Veronica Flores, Jeff Horn, Ella Samonsky, Kimberly Durandet,","Hillis, Richards, Fong, Koppel, Melgar, Moore",https://sfgov.org/sfplanningarchive/meeting/planning-commission-march-16-2017-minutes,81
2017-03-23,regular,planning-commission-march-23-2017-minutes.html,12:00,17:17,26,22,"John Rahaim – Planning Director, Andrew Perry, Kimberly Durandet, Rich Sucre, Diane Sokolove, Michael Li, Tina Chang, Claudine Asbagh, David Weissglass, Christopher May, Laura Ajello, and Jonas P. Ionin – Commission Secretary","Hillis, Richards, Fong, Johnson, Koppel, Moore",https://sfgov.org/sfplanningarchive/meeting/planning-commission-march-23-2017-minutes,94
2017-04-06,regular,planning-commission-april-6-2017-minutes.html,12:00,14:30,22,18,"John Rahaim – Planning Director, Andrew Perry, Colin Clarke, Michael Christensen, Ella Samonsky, Silvia Jimenez, and Jonas P. Ionin – Commission Secretary","Hillis, Richards, Fong, Johnson, Koppel, Melgar, Moore",https://sfgov.org/sfplanningarchive/meeting/planning-commission-april-6-2017-minutes,21
2017-04-13,regular,planning-commission-april-13-2017-minutes.html,12:00,17:07,22,17,"John Rahaim – Planning Director,","Hillis, Richards, Fong, Johnson, Koppel, Melgar, Moore",https://sfgov.org/sfplanningarchive/meeting/planning-commission-april-13-2017-minutes,45
2017-04-27,regular,planning-commission-april-27-2017-minutes.html,12:00,,22,19,"John Rahaim – Planning Director,","Hillis, Richards, Fong, Johnson, Koppel, Melgar, Moore",https://sfgov.org/sfplanningarchive/meeting/planning-commission-april-27-2017-minutes,87
2017-05-04,regular,planning-commission-may-4-2017-minutes.html,12:00,19:37,21,16,"John Rahaim – Planning Director,","Hillis, Richards, Fong, Johnson, Koppel, Melgar, Moore",https://sfgov.org/sfplanningarchive/meeting/planning-commission-may-4-2017-minutes,55
2017-05-11,regular,planning-commission-may-11-2017-minutes.html,12:00,21:39,23,19,"John Rahaim – Planning Director,","Hillis, Richards, Fong, Johnson, Koppel, Melgar, Moore",https://sfgov.org/sfplanningarchive/meeting/planning-commission-may-11-2017-minutes,88
2017-05-18,regular,planning-commission-may-18-2017-minutes-0.html,12:00,16:53,23,19,"John Rahaim – Planning Director,","Hillis, Richards, Fong, Johnson, Koppel, Melgar, Moore",https://sfgov.org/sfplanningarchive/meeting/planning-commission-may-18-2017-minutes-0,69
2017-06-01,regular,planning-commission-june-1-2017-minutes.html,12:00,22:02,31,26,"John Rahaim – Planning Director,","Hillis, Richards, Fong, Johnson, Koppel, Melgar, Moore",https://sfgov.org/sfplanningarchive/meeting/planning-commission-june-1-2017-minutes,156
2017-06-08,regular,planning-commission-june-8-2017-minutes.html,12:00,15:39,20,17,"John Rahaim – Planning Director,","Hillis, Richards, Fong, Johnson, Koppel, Melgar, Moore",https://sfgov.org/sfplanningarchive/meeting/planning-commission-june-8-2017-minutes,24
2017-06-15,regular,planning-commission-june-15-2017-minutes.html,12:00,19:50,36,26,"John Rahaim – Planning Director,","Hillis, Richards, Johnson, Koppel, Melgar, Moore",https://sfgov.org/sfplanningarchive/meeting/planning-commission-june-15-2017-minutes,91
2017-06-22,regular,planning-commission-june-22-2017-minutes.html,12:00,16:29,22,19,"John Rahaim – Planning Director, Michael Christensen, Audrey Butkus, Rich Sucre, Chelsea Fordham, Christopher May, David Weissglass,","Hillis, Richards, Fong, Koppel, Melgar, Moore",https://sfgov.org/sfplanningarchive/meeting/planning-commission-june-22-2017-minutes,58
2017-07-06,regular,planning-commission-july-6-2017-minutes.html,13:00,18:40,24,19,"John Rahaim – Planning Director,","Hillis, Richards, Fong, Johnson, Koppel, Melgar, Moore",https://sfgov.org/sfplanningarchive/meeting/planning-commission-july-6-2017-minutes,52
2017-07-13,regular,planning-commission-july-13-2017-minutes.html,13:00,23:41,22,16,"John Rahaim – Planning Director,","Hillis, Richards,",https://sfgov.org/sfplanningarchive/meeting/planning-commission-july-13-2017-minutes,146
2017-07-20,regular,planning-commission-july-20-2017-minutes.html,13:00,19:40,21,17,"John Rahaim – Planning Director,","Fong, Johnson, Koppel, Melgar, Moore",https://sfgov.org/sfplanningarchive/meeting/planning-commission-july-20-2017-minutes,75
2017-07-27,regular,planning-commission-july-27-2017-minutes.html,13:00,17:13,36,31,"John Rahaim – Planning Director, Corey Teague, Mary Woods, Steve Wertheim, Rich Sucre, Claudine Asbagh, and Jonas P. Ionin, Commission Secretary","Richards, Fong, Johnson, Koppel, Moore",https://sfgov.org/sfplanningarchive/meeting/planning-commission-july-27-2017-minutes,112
2017-08-24,regular,planning-commission-august-24-2017-minutes.html,13:00,20:27,30,26,"John Rahaim – Planning Director, David Weissglass, Gabriella Pantoja, Jeanie Poling, Melinda Hue, Rich Sucre, Kimberly Durandet, Dan Sirois, Nick Foster, Sylvia Jimenez, Nancy Trans, Michael Christensen, and Jonas P. Ionin,","Hillis, Richards, Johnson, Koppel, Melgar, Moore",https://sfgov.org/sfplanningarchive/meeting/planning-commission-august-24-2017-minutes,208
2017-08-31,regular,planning-commission-august-31-2017-minutes.html,13:00,17:58,29,22,"John Rahaim – Planning Director, David Weissglass, Christy Alexander, Steven Wertheim, Claudine Asbagh, Nicholas Foster, Michael Christensen, Doug Vu, Christopher May, Nancy Tran, and Jonas P. Ionin,","Hillis, Richards, Fong, Johnson, Koppel, Melgar, Moore",https://sfgov.org/sfplanningarchive/meeting/planning-commission-august-31-2017-minutes,51
2017-09-07,regular,planning-commission-september-7-2017-minutes.html,13:00,16:49,19,16,"John Rahaim – Planning Director, Audrey Butkus, Paul Chasan, Michael Christensen, Sema Adina, Elizabeth Gordon-Jonckheer, and Jonas P. Ionin,","Hillis, Richards, Fong, Johnson, Koppel, Melgar, Moore",https://sfgov.org/sfplanningarchive/meeting/planning-commission-september-7-2017-minutes,56
2017-09-14,regular,planning-commission-september-14-2017-minutes-0.html,13:00,17:55,20,16,"John Rahaim – Planning Director, Audrey Butkus, Paul Chasan, Michael Christensen, Sema Adina, Elizabeth Gordon-Jonckheer, and Jonas P. Ionin,","Hillis, Richards, Fong, Johnson, Koppel, Melgar, Moore",https://sfgov.org/sfplanningarchive/meeting/planning-commission-september-14-2017-minutes-0,44
2017-09-28,regular,planning-commission-september-28-2017-minutes-0.html,13:00,20:29,32,29,"John Rahaim – Planning Director, Laura Ajello, Matt Dito, Gabriela Pantoja, Christopher Townes, Wade Wietgrefe, Doug Johnson, Dan Sider, Christy Alexander, Carly Grob, Christopher May, Natalia Kwiatkowska, and Jonas P. Ionin,","Hillis, Richards, Fong, Johnson, Koppel, Melgar, Moore",https://sfgov.org/sfplanningarchive/meeting/planning-commission-september-28-2017-minutes-0,64
2017-10-05,regular,planning-commission-october-5-2017-minutes-0.html,13:00,20:49,35,29,"John Rahaim – Planning Director, David Weissglass,","Hillis, Richards, Fong, Johnson, Koppel, Melgar, Moore",https://sfgov.org/sfplanningarchive/meeting/planning-commission-october-5-2017-minutes-0,267
2017-10-12,regular,planning-commission-october-12-2017-minutes.html,13:00,20:56,18,13,"John Rahaim – Planning Director, Brittany Bendix,","Hillis, Richards, Fong, Johnson, Koppel, Melgar",https://sfgov.org/sfplanningarchive/meeting/planning-commission-october-12-2017-minutes,65
2017-10-19,regular,planning-commission-october-19-2017-minutes.html,13:00,22:09,34,29,"John Rahaim – Planning Director, Aaron Starr, Pedro Peterson, Esmeralda Jardines, Diane Sokolove, Wade Wietgrefe, Michael Li, Don Lewis, Laura Ajello-Hoagland, Claudine Asbagh, David Weissglass, Laura Ajello Christopher May, Nancy Tran, and Jonas P. Ionin,","Hillis, Richards, Fong, Johnson, Koppel, Melgar",https://sfgov.org/sfplanningarchive/meeting/planning-commission-october-19-2017-minutes,124
2017-10-26,regular,planning-commission-october-26-2017-minutes.html,13:00,20:18,16,12,"John Rahaim – Planning Director, David Weissglass, Erika Jackson, Brittany Bendix, Michael Christensen, and Jonas P. Ionin,","Hillis, Fong, Johnson, Koppel, Melgar",https://sfgov.org/sfplanningarchive/meeting/planning-commission-october-26-2017-minutes,103
2017-11-02,regular,planning-commission-november-2-2017-minutes.html,13:00,21:34,34,31,"John Rahaim – Planning Director, Esmeralda Jardines, Andrew Perry, Nancy Tran, Michael Christensen, Mary Woods, Carly Grob, Jonathan DiSalvo, David Weissglass, Sharon Young, Linda Ajello-Hoagland,","Hillis, Richards, Fong, Johnson, Koppel, Melgar, Moore",https://sfgov.org/sfplanningarchive/meeting/planning-commission-november-2-2017-minutes,162
2017-11-16,regular,planning-commission-november-16-2017-minutes-0.html,13:00,19:13,34,31,"John Rahaim – Planning Director, Aaron Starr, Mark Luellen, Sharon Young, Jonathan Bintliff, Lily Langlois, Claudine Asbagh, Matt Dito, Ella Samonsky, and Jonas P. Ionin – Commission Secretary","Hillis, Richards, Fong, Johnson, Koppel, Melgar, Moore",https://sfgov.org/sfplanningarchive/meeting/planning-commission-november-16-2017-minutes-0,166
2017-11-30,regular,planning-commission-november-30-2017-minutes.html,13:00,22:30,35,29,"John Rahaim – Director of Planning, Scott Sanchez – Zoning Administrator, Christopher May, Linda Ajello-Hoagland, Ella Samonsky, Jenny Delumo, Kimberly Durandet, Mathew Chandler, Richard Sucre, Michael Christensen, Claudine Asbagh, Jonas P. Ionin –Commission Secretary","Hillis, Richards, Fong, Johnson, Koppel, Melgar, Moore",https://sfgov.org/sfplanningarchive/meeting/planning-commission-november-30-2017-minutes,199
2017-12-07,regular,planning-commission-december-7-2017-minutes.html,13:00,16:41,16,12,"John Rahaim – Director of Planning, Lisa Chen, Andrew Perry, David Weissglass, Cathleen Campbell, Delvin Washington, Christopher May, Sara Vellve, Scott Sanchez – Zoning Administrator, Jonas P. Ionin –Commission Secretary","Hillis, Richards, Fong, Koppel, Melgar, Moore, Johnson",https://sfgov.org/sfplanningarchive/meeting/planning-commission-december-7-2017-minutes,40
2017-12-14,regular,planning-commission-december-14-2017-minutes.html,13:00,22:18,26,25,"John Rahaim – Director of Planning, Rich Sucre, Andrew Perry, Paolo Ikezoe, Jeffery Horn, Linda Ajello-Hoagland, Kimberly Durandet, Christopher May, Mary Woods, Nancy Tran, Marcelle Boudreaux, David Lindsay, Scott Sanchez – Zoning Administrator, Jonas P. Ionin –Commission Secretary","Hillis, Richards, Fong, Koppel, Melgar, Moore, Johnson",https://sfgov.org/sfplanningarchive/meeting/planning-commission-december-14-2017-minutes,189
2017-12-21,regular,planning-commission-december-21-2017-minutes.html,13:00,20:04,18,15,"John Rahaim – Director of Planning, Teresa Ojeda, Rachel Tanner, Audrey Butkus, Mary Woods, Brittany Bendix, Jeffery Horn, Michael Christensen, Carly Grob, Esmeralda Jardines, Tim Frye – Historic Preservation Officer, Jonas P. Ionin –Commission Secretary","Hillis, Richards, Fong, Koppel, Melgar, Moore, Johnson",https://sfgov.org/sfplanningarchive/meeting/planning-commission-december-21-2017-minutes,70
2018-01-11,regular,planning-commission-january-11-2018-minutes.html,13:00,19:20,26,21,"John Rahaim – Director of Planning, Nicholas Foster, Maia Small, Jeanie Poling, Carly Grob, Diego Sanchez, Claudine Asbagh, Jeffery Horn, David Weissglass, Mathew Dito, David Lindsay, Scott Sanchez – Zoning Administrator, Jonas P. Ionin –Commission Secretary","Hillis, Richards, Fong, Koppel, Melgar, Moore, Johnson",https://sfgov.org/sfplanningarchive/meeting/planning-commission-january-11-2018-minutes,65
2018-01-18,regular,planning-commission-january-18-2018-minutes.html,13:00,16:39,16,14,"John Rahaim – Director of Planning, Audrey Butkus, Jenny Delumo, Esmeralda Jardines, Elizabeth Gordon-Jonckheer, Richard Sucre, Jonas P. Ionin –Commission Secretary","Hillis, Richards, Fong, Koppel, Melgar, Moore, Johnson",https://sfgov.org/sfplanningarchive/meeting/planning-commission-january-18-2018-minutes,47
2018-01-25,regular,planning-commission-january-25-2018-minutes.html,13:00,17:27,20,18,"John Rahaim – Director of Planning, Richard Sucre, Marcelle Boudreaux, Deborah Landis, Matt Snyder, Michael Christensen, Nicholas Foster, Seema Adina, Ella Samonsky, Jonas P. Ionin – Commission Secretary","Hillis, Richards, Koppel, Melgar, Moore COMMISSIONERS PRESENT: Fong, Johnson",https://sfgov.org/sfplanningarchive/meeting/planning-commission-january-25-2018-minutes,83
2018-02-01,regular,planning-commission-february-1-2018-minutes-0.html,13:00,19:28,18,14,"John Rahaim – Director of Planning, Steve Wertheim, Linda Ajello-Hoagland, Doug Vu, Michael Christensen, Mark Luellen, Jonas P. Ionin –Commission Secretary","Fong, Hillis, Richards, Koppel, Melgar, Moore COMMISSIONERS PRESENT: Johnson",https://sfgov.org/sfplanningarchive/meeting/planning-commission-february-1-2018-minutes-0,92
2018-02-08,regular,planning-commission-february-8-2018-minutes.html,13:00,18:00,29,22,"John Rahaim – Director of Planning, Deborah Landis, Claudine Asbagh, Esmeralda Jardines, Andrew Perry, Christopher May, David Lindsay, Delvin Washington, Jonas P. Ionin – Commission Secretary","Fong, Hillis, Richards, Koppel, Melgar, Moore",https://sfgov.org/sfplanningarchive/meeting/planning-commission-february-8-2018-minutes,70
2018-02-22,regular,planning-commission-february-22-2018-minutes.html,13:00,19:12,31,29,"John Rahaim – Director of Planning, Teresa Ojeda, Joshua Switzky, Audrey Butkus, Claudia Asbagh, Lisa Gibson, Julie Moore, Jeff Horn, Dori Ganetsos, Nancy Tran, Delvin Washington, Jonas P. Ionin –Commission Secretary","Fong, Hillis, Richards, Koppel, Melgar, Moore",https://sfgov.org/sfplanningarchive/meeting/planning-commission-february-22-2018-minutes,115
2018-03-01,regular,planning-commission-march-1-2018-minutes.html,13:00,20:27,16,14,"John Rahaim – Director of Planning, Aaron Starr, Doug Johnson, Steve Wertheim, Jeff Horn, Nancy Tran, Marcelle Boudreaux, Ali Kirby, Jonas P. Ionin –Commission Secretary","Fong, Hillis, Johnson, Koppel, Moore, Richards",https://sfgov.org/sfplanningarchive/meeting/planning-commission-march-1-2018-minutes,159
2018-03-08,regular,planning-commission-march-8-2018-minutes.html,13:00,15:43,21,19,"John Rahaim – Director of Planning, Marcelle Boudreaux, Jonathan DiSalvo , David Brosky, Timothy Johnston, Jenny Delumo, David Weissglass, Linda Ajello, David Lindsay, Jonas P. Ionin – Commission Secretary","Fong, Hillis, Johnson, Koppel, Richards, Melgar, Moore",https://sfgov.org/sfplanningarchive/meeting/planning-commission-march-8-2018-minutes,50
2018-03-15,regular,planning-commission-march-15-2018-minutes.html,13:00,21:15,24,19,"John Rahaim – Director of Planning, Diego Sanchez, Paulo Ikezoe, AnMarie Rodgers, Joshua Switzky, Claudine Asbagh, Mary Woods, Esmeralda Jardines, David Lindsay, Christine L. Silva – Acting Commission Secretary","Fong, Hillis, Johnson, Koppel, Melgar, Moore, Richards",https://sfgov.org/sfplanningarchive/meeting/planning-commission-march-15-2018-minutes,98
2018-03-22,regular,planning-commission-march-22-2018-minutes.html,13:00,19:55,27,26,"John Rahaim – Director of Planning, AnMarie Rodgers, Steve Wertheim, Linda Hoagland, Jacob Bintliff, Maia Small, David Winslow, Mat Snyder, Nick Foster, Andrew Perry, David Lindsay, Corey Teague, Tim Frye, Jonas P. Ionin –Commission Secretary","Hillis, Richards, Koppel, Johnson, Melgar, Moore",https://sfgov.org/sfplanningarchive/meeting/planning-commission-march-22-2018-minutes,105
2018-03-29,regular,planning-commission-march-29-2018-minutes.html,13:00,18:34,20,19,"John Rahaim – Director of Planning, Aaron Starr, Nick Foster, Jeanie Poling, Laura Ajello, Andrew Perry, Doug Vu, Jessica Range, Jeffrey Horn, Veronica Flores, Elizabeth Watty – Deputy Director of Planning, Jonas Ionin – Commission Secretary","Fong, Hillis, Johnson, Koppel, Richards",https://sfgov.org/sfplanningarchive/meeting/planning-commission-march-29-2018-minutes,111
2018-04-12,regular,20180412_cal_min.pdf,13:00,16:08,11,10,"John Rahaim – Director of Planning, Ella Samonsky, Steve Wertheim, Aaron Starr, Jonas P. Ionin –Commission Secretary","Fong, Johnson, Koppel, Melgar, Moore, Richards",https://sfplanning.s3.amazonaws.com/commissions/cpcpackets/20180412_cal_min.pdf,240
2018-04-12,special,20180412_jntbic_min.pdf,10:00,13:17,2,2,"John Rahaim – Director of Planning, Elizabeth Watty, Jonas P. Ionin – Commission Secretary","Fong, Hillis, Johnson, Koppel, Melgar, Moore, Richards",https://sfplanning.s3.amazonaws.com/commissions/cpcpackets/20180412_jntbic_min.pdf,240
2018-04-12,special,planning-commission-april-12-2018-minutes-0.html,10:00,13:17,2,2,"John Rahaim – Director of Planning, Elizabeth Watty, Jonas P. Ionin – Commission Secretary","Fong, Hillis, Johnson, Koppel, Melgar, Moore, Richards",https://sfgov.org/sfplanningarchive/meeting/planning-commission-april-12-2018-minutes-0,240
2018-04-19,regular,planning-commission-april-19-2018-minutes.html,13:00,17:33,17,15,"John Rahaim – Director of Planning, Aaron Starr, Audrey Butkus, David Brosky, Svetha Ambati, Teresa Ojeda, Tam Tran, Christopher May, Veronica Flores, Marcelle Boudreaux, Jonas P. Ionin –Commission Secretary","Fong, Hillis, Johnson, Koppel, Melgar, Moore, Richards",https://sfgov.org/sfplanningarchive/meeting/planning-commission-april-19-2018-minutes,42
2018-04-26,regular,planning-commission-april-26-2018-minutes.html,13:00,19:52,27,25,"John Rahaim – Director of Planning, Aaron Starr, Mathew Snyder, Doug Vu, Elizabeth Gordon-Jonckheer, Nancy Tran, Christopher May, David Lindsay, Eiliesh Tuffy, Nicholas Foster, Jonas P. Ionin –Commission Secretary","Fong, Hillis, Johnson, Koppel, Moore, Richards",https://sfgov.org/sfplanningarchive/meeting/planning-commission-april-26-2018-minutes,157
2018-05-03,regular,planning-commission-may-3-2018-minutes.html,13:00,16:08,23,21,"John Rahaim – Director of Planning, Audrey Butkus, Joshua Switzky, Paolo Ikezoe, Brittany Bendix, Doug Vu, Jeff Horn, Veronica Flores, Marcelle Boudreaux, Aaron Starr, Tim Frye – Historic Preservation Officer, Jonas P. Ionin – Commission Secretary","Fong, Hillis, Koppel, Moore,",https://sfgov.org/sfplanningarchive/meeting/planning-commission-may-3-2018-minutes,48
2018-05-10,regular,planning-commission-may-10-2018-minutes.html,13:00,20:54,21,19,"John Rahaim – Director of Planning, Doug Vu, David Lindsay, Rich Sucre, Seema Adina, Elizabeth White, Steve Wertheim, Paolo Ikezoe, Joshua Switzky, Jonas P. Ionin –Commission Secretary","Fong, Hillis, Johnson, Koppel, Melgar, Moore, Richards",https://sfgov.org/sfplanningarchive/meeting/planning-commission-may-10-2018-minutes,385
2018-05-17,regular,planning-commission-may-17-2018-minutes.html,,,1,0,,,https://sfgov.org/sfplanningarchive/meeting/planning-commission-may-17-2018-minutes,0
2018-05-24,regular,planning-commission-may-24-2018-minutes.html,13:00,18:09,23,19,"John Rahaim – Director of Planning, Aaron Starr, David Weissglass, Audrey Butkus, Teresa Ojeda, Nicholas Foster, Christopher May, Doug Vu, David Winslow, Brittany Bendix, David Lindsay, Corey Teague, Jonas P. Ionin –Commission Secretary","Fong, Hillis, Johnson, Koppel, Melgar, Moore",https://sfgov.org/sfplanningarchive/meeting/planning-commission-may-24-2018-minutes,76
2018-06-07,regular,planning-commission-june-7-2018-minutes.html,13:00,20:26,23,20,"Dan Sider, Tim Frye, Jacob Bintliff, Marcelle Boudreaux, Kimia Haddadan, Susan Gygi, Audrey Harris, Natalia Kwiatkowska, John Rahaim – Director of Planning, Jonas P. Ionin –Commission Secretary","Fong, Hillis, Johnson, Koppel, Melgar, Moore, Richards",https://sfgov.org/sfplanningarchive/meeting/planning-commission-june-7-2018-minutes,104
2018-06-14,regular,planning-commission-june-14-2018-minutes.html,13:00,16:18,17,14,"Aaron Starr, Jeremy Shaw, Esmeralda Jardines, Diego Sanchez, John Rahaim – Director of Planning, Jonas P. Ionin – Commission Secretary","Fong, Hillis, Johnson, Koppel, Melgar, Moore, Richards",https://sfgov.org/sfplanningarchive/meeting/planning-commission-june-14-2018-minutes,59
2018-06-21,regular,planning-commission-june-21-2018-minutes.html,13:00,21:07,24,22,"Aaron Starr, Kimia Haddadan, Marcelle Boudreaux, Gino Salcedo, Mat Snyder, David Weissglass, Rich Sucre, Veronica Flores, Jeff Horn, Chris Townes, Kimberly Durandet, Elizabeth Jonckheer, Mark Luellen, Sara Vellve, David Lindsay, Planning Director John Rahaim, Jonas P. Ionin – Commission Secretary","Hillis, Johnson, Koppel, Melgar, Moore, Richards",https://sfgov.org/sfplanningarchive/meeting/planning-commission-june-21-2018-minutes,149
2018-06-28,regular,planning-commission-june-28-2018-minutes.html,13:00,19:07,22,18,"Aaron Starr, Paolo Ikezoe, Robin Abad, Neil Hrushowy, Sun Yuen Hong, Matt Dito, Esmeralda Jardines, Chelsea Fordham, Marcelle Boudreaux, Planning Director John Rahaim, Jonas P. Ionin – Commission Secretary","Fong, Hillis, Johnson, Koppel, Melgar, Moore, Richards",https://sfgov.org/sfplanningarchive/meeting/planning-commission-june-28-2018-minutes,83
2018-07-12,regular,planning-commission-july-12-2018-minutes.html,13:00,21:01,21,20,"Aaron Starr, Audrey Butkus, Diego Sanchez, Robin Abad, Joshua Switzky, Pedro Peterson, James Pappas, Joy Navarrete, Elizabeth Jonckheer, Matt Dito, Andrew Perry, Michael Christensen, Kathy Campbell, Jeff Horn, Jeff Joslin – Director of Current Planning, Jonas P. Ionin – Commission Secretary","Hillis, Johnson, Koppel, Melgar, Moore, Richards",https://sfgov.org/sfplanningarchive/meeting/planning-commission-july-12-2018-minutes,116
2018-07-19,regular,planning-commission-july-19-2018-minutes.html,13:00,16:36,18,15,"Aaron Starr, Deborah Landis, Maggie Wenger, Julie Moore, Matt Dito, Michael Christensen, Elizabeth Jonckheer, Jeff Horn, Ali Kirby, John Rahaim – Planning Director, Rich Sucre – Acting Commission Secretary","Fong, Johnson, Koppel, Melgar, Moore, Richards",https://sfgov.org/sfplanningarchive/meeting/planning-commission-july-19-2018-minutes,39
2018-07-26,regular,planning-commission-july-26-2018-minutes.html,13:00,19:18,32,28,"Aaron Starr, Audrey Butkus, Ella Samonsky, Mat Snyder, Michael Li, Michael Christensen, Joy Navarrete, Chris Townes, David Winslow, Ali Kirby, John Rahaim - Planning Director, Jonas P. Ionin – Commission Secretary","Fong, Johnson, Koppel, Melgar, Moore, Richards",https://sfgov.org/sfplanningarchive/meeting/planning-commission-july-26-2018-minutes,305
2018-08-23,regular,planning-commission-august-23-2018-minutes.html,13:00,17:55,23,21,"John Francis, Dori Ganetsos, Paolo Ikezoe, Aaron Starr, Robin Abad-Ocubillo, Neil Hrushowy, Josh Switzky, Linda Ajello-Hoagland, Esmeralda Jardines, Ella Samonsky, Marcelle Boudreaux, John Rahaim – Planning Director, Jonas P. Ionin – Commission Secretary","Fong, Hillis, Koppel, Melgar, Moore, Richards",https://sfgov.org/sfplanningarchive/meeting/planning-commission-august-23-2018-minutes,80
2018-08-30,regular,planning-commission-august-30-2018-minutes.html,13:00,17:08,17,15,"Audrey Butkus, David Winslow, Chris May, Mary Woods, Elizabeth Jonckheer, Jeff Horn, Scott Sanchez – Zoning Administrator, John Rahaim – Planning Director, Jonas P. Ionin – Commission Secretary","Fong, Hillis, Johnson, Koppel, Melgar, Moore, Richards",https://sfgov.org/sfplanningarchive/meeting/planning-commission-august-30-2018-minutes,54
2018-09-06,regular,planning-commission-september-6-2018-minutes.html,13:00,16:24,11,9,"David Weissglass, Laura Ajello, David Winslow, Ella Samonsky, John Rahaim – Planning Director, Jonas P. Ionin – Commission Secretary","Fong, Hillis, Johnson, Koppel, Melgar, Moore, Richards",https://sfgov.org/sfplanningarchive/meeting/planning-commission-september-6-2018-minutes,77
2018-09-06,special,planning-commission-september-6-2018-minutes-0.html,10:00,12:44,1,1,"Elizabeth Purl, John Rahaim – Planning Director, Jonas P. Ionin – Commission Secretary","Fong, Johnson, Koppel, Melgar, Moore",https://sfgov.org/sfplanningarchive/meeting/planning-commission-september-6-2018-minutes-0,77
2018-09-13,regular,planning-commission-september-13-2018-minutes.html,13:00,19:02,28,21,"Ashley Lindsay, Seema Adina, Jeff Horn, Nancy Tran, Chelsea Fordham, Marcelle Boudreaux, Andrew Perry, Chris May, Allison Vanderslice, Esmeralda Jardines, David Winslow, John Rahaim – Planning Director, Jonas P. Ionin – Commission Secretary","Fong, Hillis, Johnson, Koppel, Melgar, Moore, Richards",https://sfgov.org/sfplanningarchive/meeting/planning-commission-september-13-2018-minutes,85
2018-09-27,regular,planning-commission-september-27-2018-minutes.html,13:00,20:05,35,31,"Aaron Starr, David Weissglass, Gabriela Pantoja, Audrey Butkus, Linda Ajello- Hoagland, Julie Moore, Nicholas Foster, Laura Ajello, Andrew Perry, Joshua Switzky, Lisa Chen, Elizabeth Jonckheer, David Winslow, Scott Sanchez – Zoning Administrator, John Rahaim – Planning Director, Jonas P. Ionin – Commission Secretary","Fong, Hillis, Johnson, Koppel, Melgar, Moore, Richards",https://sfgov.org/sfplanningarchive/meeting/planning-commission-september-27-2018-minutes,189
2018-10-04,regular,planning-commission-october-4-2018-minutes.html,13:00,19:22,29,23,"Aaron Starr, Audrey Butkus, Diego Sanchez, Cathleen Campbell, Esmeralda Jardines, Gabriela Pantoja, Christopher May, Nicholas Foster, David Winslow, Natalia Kwiatkowska, John Rahaim – Planning Director, Jonas P. Ionin – Commission Secretary","Hillis, Johnson, Koppel, Melgar, Moore, Richards",https://sfgov.org/sfplanningarchive/meeting/planning-commission-october-4-2018-minutes,122
2018-10-11,regular,planning-commission-october-11-2018-minutes.html,13:00,17:14,24,21,"Audrey Butkus, Carly Grob, Andrea Nelson, Rich Sucre, Lisa Gibson, Julie Moore, David Weissglass, Jeff Horn, David Winslow, Tim Frye – Preservation Officer, Scott Sanchez – Zoning Administrator, John Rahaim – Planning Director, Jonas P. Ionin – Commission Secretary","Fong, Hillis, Johnson, Koppel, Melgar, Moore, Richards",https://sfgov.org/sfplanningarchive/meeting/planning-commission-october-11-2018-minutes,81
2018-10-18,regular,planning-commission-october-18-2018-minutes.html,13:00,18:58,19,16,"Aaron Starr, Tim Frye – Preservation Officer, Carly Grob, Kate Conner, Diego Sanchez, Claudia Flores, Audrey Butkus, Neil Hrushowy, Paul Chasan, Andrew Perry, Sharon Young, Michael Christensen, Natalia Kwiatkowska, David Winslow, John Rahaim – Planning Director, Jonas P. Ionin – Commission Secretary","Fong, Hillis, Johnson, Koppel, Melgar, Moore",https://sfgov.org/sfplanningarchive/meeting/planning-commission-october-18-2018-minutes,76
2018-10-25,regular,planning-commission-october-25-2018-minutes.html,13:00,16:31,23,19,"Aaron Starr, Diego Sanchez, Esmeralda Jardines, Andrew Perry, Claudine Asbagh, David Winslow, John Rahaim – Planning Director, Jonas P. Ionin – Commission Secretary","Hillis, Johnson, Koppel, Melgar, Richards",https://sfgov.org/sfplanningarchive/meeting/planning-commission-october-25-2018-minutes,43
2018-11-08,regular,planning-commission-november-8-2018-minutes.html,13:00,23:00,27,22,"Aaron Starr, Tim Frye – Preservation Officer, Esmeralda Jardines, Rachel Schuett, Nick Foster, Chris May, Mary Woods, Kimberly Durandet, Michael Christensen, David Winslow, Jonas P. Ionin – Commission Secretary, Christine L. Silva – Acting Commission Secretary","Fong, Hillis, Johnson, Koppel, Melgar, Richards",https://sfgov.org/sfplanningarchive/meeting/planning-commission-november-8-2018-minutes,288
2018-11-15,regular,planning-commission-november-15-2018-minutes.html,13:00,16:29,19,16,"Aaron Starr, Michael Christensen, Ella Samonsky, Josh Pollack, Kimberly Durandet, David Winslow, Dan Sider – Acting Zoning Administrator, Jonas P. Ionin – Commission Secretary","Fong, Hillis, Johnson, Koppel, Melgar, Richards",https://sfgov.org/sfplanningarchive/meeting/planning-commission-november-15-2018-minutes,52
2018-11-29,regular,planning-commission-november-29-2018-minutes.html,13:00,19:48,31,25,"Aaron Starr, Ashley Lindsay, David Winslow, Sheila Nickolopoulos, Audrey Butkus, Diego Sanchez, Chris Townes, David Weissglass, Gabriela Pantoja, Doug Vu, John Rahaim – Planning Director, Jonas P. Ionin – Commission Secretary","Fong, Hillis, Johnson, Koppel, Melgar, Moore",https://sfgov.org/sfplanningarchive/meeting/planning-commission-november-29-2018-minutes,115
2018-12-06,regular,planning-commission-december-6-2018-minutes.html,13:00,16:29,19,15,"Aaron Starr, Jeff Horn, Paolo Ikezoe, Rachel Schuett, Linda Ajello-Hoagland, Chris May, Alexandra Kirby, David Winslow, John Rahaim – Planning Director, Jonas P. Ionin – Commission Secretary","Fong, Hillis, Johnson, Koppel, Melgar, Moore",https://sfgov.org/sfplanningarchive/meeting/planning-commission-december-6-2018-minutes,52
2018-12-13,regular,planning-commission-december-13-2018-minutes.html,13:00,21:04,21,17,"Aaron Starr, Susan Exline, Ken Qi, Kei Zushi, David Weissglass, Veronica Flores, Jeff Horn, David Winslow, John Rahaim – Planning Director, Jonas P. Ionin – Commission Secretary","Fong, Hillis, Koppel, Melgar, Moore, Richards",https://sfgov.org/sfplanningarchive/meeting/planning-commission-december-13-2018-minutes,107
2018-12-20,regular,planning-commission-december-20-2018-minutes.html,13:00,19:05,26,19,"Ashley Lindsay, Joshua Switzky, Scott Edmondson, Doug Vu, Seema Adina, Delvin Washington, John Rahaim – Planning Director, Jonas P. Ionin – Commission Secretary","Fong, Hillis, Johnson, Koppel, Melgar, Moore, Richards",https://sfgov.org/sfplanningarchive/meeting/planning-commission-december-20-2018-minutes,82
2019-01-10,regular,20190110_cal_min.pdf,13:00,16:04,21,18,"Gabriela Pantoja, Maia Small, Matt Dito, David Winslow, John Rahaim – Planning Director, Jonas P. Ionin – Commission Secretary","Fong, Hillis, Koppel, Melgar, Moore, Richards",https://sfplanning.s3.amazonaws.com/commissions/cpcpackets/20190110_cal_min.pdf,47
2019-01-17,regular,20190117_cal_min.pdf,13:00,16:20,16,13,"Aaron Starr, Audrey Butkus, Miriam Chion, Teresa Ojeda, Andrew Perry, Ashley Lindsey, David Winslow, John Rahaim – Planning Director, Jonas P. Ionin – Commission Secretary","Fong, Hillis, Johnson, Koppel, Melgar, Moore, Richards",https://sfplanning.s3.amazonaws.com/commissions/cpcpackets/20190117_cal_min.pdf,27
2019-01-24,regular,20190124_cal_min.pdf,13:00,17:18,16,14,"Deborah Landis, Dan Sider, Claudia Flores, Dori Ganetsos, Natalia Kwiatkowska, David Winslow, John Rahaim – Planning Director, Jonas P. Ionin – Commission Secretary","Fong, Hillis, Johnson, Melgar, Moore, Richards",https://sfplanning.s3.amazonaws.com/commissions/cpcpackets/20190124_cal_min.pdf,44
2019-01-24,special,20190124_Jnthrgcpc_min.pdf,10:00,12:43,1,1,"Allison Vanderslice, Lisa Gibson, Maia Small, Tim Frye – Preservation Officer, John Rahaim – Director of Planning, Jonas P. Ionin – Commission Secretary","Fong, Hillis, Johnson, Melgar, Moore, Richards",https://sfplanning.s3.amazonaws.com/commissions/hpcpackets/20190124_Jnthrgcpc_min.pdf,44
2019-01-31,regular,20190131_cal_min.pdf,13:00,17:33,21,18,"Aaron Starr, Jacob Bintliff, Miriam Chion, Jeff Horn, Laura Ajello, Stephanie Cisneros, Tim Frye – Preservation Officer, John Rahaim – Planning Director, Jonas P. Ionin – Commission Secretary","Fong, Hillis, Johnson, Moore, Richards",https://sfplanning.s3.amazonaws.com/commissions/cpcpackets/20190131_cal_min.pdf,74
2019-02-07,special,20190207_cal_offsite_min.pdf,16:00,20:03,1,1,"Rich Sucre, John Rahaim – Planning Director, Jonas P. Ionin – Commission Secretary","Fong, Hillis, Johnson, Koppel, Melgar, Moore, Richards",https://sfplanning.s3.amazonaws.com/commissions/cpcpackets/20190207_cal_offsite_min.pdf,168
2019-02-14,regular,20190214_cal_min.pdf,13:00,19:51,29,22,"Aaron Starr, David Weissglass, Deborah Landis, Jacob Bintliff, Paolo Ikezoe, Josh Pollak, Allison Vanderslice, Laura Ajello, Jeff Horn, Elizabeth Jonckheer, David Winslow, John Rahaim – Planning Director, Jonas P. Ionin – Commission Secretary","Fong, Hillis, Johnson, Koppel, Melgar, Moore, Richards",https://sfplanning.s3.amazonaws.com/commissions/cpcpackets/20190214_cal_min.pdf,94
2019-02-21,regular,20190221_cal_min.pdf,13:00,17:00,16,15,"Diego Sanchez, Monica Giacomucci, Audrey Butkus, Bridget Hicks, Andrew Perry, Veronica Flores, Rich Sucre, David Winslow, Nick Perry, John Rahaim – Planning Director, Christine Silva – Acting Commission Secretary","Fong, Hillis, Johnson, Koppel, Melgar, Moore, Richards",https://sfplanning.s3.amazonaws.com/commissions/cpcpackets/20190221_cal_min.pdf,42
2019-02-28,regular,20190228_cal_min.pdf,13:00,15:41,11,10,"Aaron Starr, Kate Conner, Mat Snyder, Adam Varat, Esmeralda Jardines, David Winslow, Michael Christensen, John Rahaim – Planning Director, Jonas P. Ionin – Commission Secretary","Hillis, Koppel, Melgar, Moore, Richards",https://sfplanning.s3.amazonaws.com/commissions/cpcpackets/20190228_cal_min.pdf,32
2019-03-07,regular,20190307_cal_min.pdf,13:00,19:12,22,19,"Aaron Starr, Audrey Butkus, Diego Sanchez, Veronica Flores, Linda Ajello- Hoagland, Jeff Horn, David Winslow, Tim Frye – Preservation Officer, John Rahaim – Planning Director, Jonas P. Ionin – Commission Secretary","Hillis, Johnson, Koppel, Melgar, Moore, Richards",https://sfplanning.s3.amazonaws.com/commissions/cpcpackets/20190307_cal_min.pdf,76
2019-03-14,regular,20190314_cal_min.pdf,13:00,20:52,21,18,"Aaron Starr, Paolo Ikezoe, Nancy Tran, Laura Ajello, Sharon Young, Seema Adina, David Winslow, Dan Sider, AnMarie Rodgers, Jonas P. Ionin – Commission Secretary","Hillis, Johnson, Koppel, Melgar, Moore, Richards",https://sfplanning.s3.amazonaws.com/commissions/cpcpackets/20190314_cal_min.pdf,128
2019-04-04,regular,20190404_cal_min.pdf,13:00,19:37,27,23,"Aaron Starr, Chris Thomas, Corey Teague, Rich Sucre, Cathleen Campbell, Esmeralda Jardines, Debra Dwyer, Mary Woods, Bridget Hicks, Xinyu Liang, Michael Christensen, Matt Dito, David Winslow, Tim Frye – Preservation Officer, John Rahaim – Planning Director, Jonas P. Ionin – Commission Secretary","Hillis, Johnson, Koppel, Melgar, Moore, Richards",https://sfplanning.s3.amazonaws.com/commissions/cpcpackets/20190404_cal_min.pdf,74
2019-04-11,regular,20190411_cal_min.pdf,13:00,18:22,25,23,"Aaron Starr, Veronica Flores, Diego Sanchez, Lisa Fisher, Pilar LaValley, Gabriela Pantoja, Seema Adina, Mathew Chandler, David Winslow, John Rahaim – Planning Director, Jonas P. Ionin – Commission Secretary","Hillis, Johnson, Koppel, Melgar, Moore, Richards",https://sfplanning.s3.amazonaws.com/commissions/cpcpackets/20190411_cal_min.pdf,100
2019-04-18,regular,20190418_cal_min.pdf,13:00,15:45,12,11,"Svetha Ambati, Teresa Ojeda, Miriam Chion, David Weissglass, Michael Christensen, John Rahaim – Planning Director, Jonas P. Ionin – Commission Secretary","Hillis, Johnson, Koppel, Melgar, Moore, Richards",https://sfplanning.s3.amazonaws.com/commissions/cpcpackets/20190418_cal_min.pdf,42
2019-04-25,regular,20190425_cal_min.pdf,13:00,16:48,21,20,"Aaron Starr, Audrey Butkus, John Francis, Seema Adina, Kimberly Durandet, Jeff Horn, Chris May, Sharon Young, David Winslow, John Rahaim – Planning Director, Jonas P. Ionin – Commission Secretary","Hillis, Johnson, Koppel, Melgar, Moore, Richards",https://sfplanning.s3.amazonaws.com/commissions/cpcpackets/20190425_cal_min.pdf,94
2019-05-02,regular,20190502_cal_min.pdf,13:00,16:41,23,20,"Aaron Starr, Michael Christensen, James Pappas, Miriam Chion, Ashley Lindsay, Christy Alexander, Andrew Perry, John Rahaim – Planning Director, Jonas P. Ionin – Commission Secretary","Fung, Hillis, Johnson, Koppel, Moore, Richards",https://sfplanning.s3.amazonaws.com/commissions/cpcpackets/20190502_cal_min.pdf,95
2019-05-09,regular,20190509_cal_min.pdf,13:00,17:47,21,17,"Aaron Starr, Diego Sanchez, Maia Small, Rich Sucre, Jeffery Horn, David Winslow, John Rahaim – Planning Director, Jonas P. Ionin – Commission Secretary","Fung, Hillis, Koppel, Melgar, Moore",https://sfplanning.s3.amazonaws.com/commissions/cpcpackets/20190509_cal_min.pdf,39
2019-05-16,regular,20190516_cal_min.pdf,13:00,14:38,9,7,"Aaron Starr, Nick Perry, Christopher May, Katherine Wilborn, AnMarie Rodgers, Elizabeth Jonckheer, Jonas P. Ionin – Commission Secretary","Fung, Hillis, Johnson, Melgar, Moore, Richards",https://sfplanning.s3.amazonaws.com/commissions/cpcpackets/20190516_cal_min.pdf,15
2019-05-23,regular,20190523_cal_min.pdf,13:00,18:29,23,19,"Aaron Starr, Audrey Butkus, Adam Varat, Maia Small, Linda Ajello-Hoagland, Jeff Horn, Michael Christensen, David Winslow, AnMarie Rodgers, Corey Teague – Zoning Administrator, John Rahaim – Planning Director, Jonas P. Ionin – Commission Secretary","Fung, Hillis, Johnson, Koppel, Melgar, Moore, Richards",https://sfplanning.s3.amazonaws.com/commissions/cpcpackets/20190523_cal_min.pdf,67
2019-06-06,regular,20190606_cal_min.pdf,13:00,18:12,23,20,"Diego Sanchez, Rich Sucre, Josh Switzky, Lily Langlois, Andrew Perry, Linda Ajello- Hoagland, Katy Campbell, Seema Adina, John Rahaim – Planning Director, Jonas P. Ionin – Commission Secretary","Hillis, Johnson, Koppel, Melgar, Moore, Richards",https://sfplanning.s3.amazonaws.com/commissions/cpcpackets/20190606_cal_min.pdf,112
2019-06-13,regular,20190613_cal_min.pdf,13:00,20:13,15,11,"Aaron Starr, Diego Sanchez, Mary Woods, Jacob Bintliff, Ella Samonsky, Maia Small, Veronica Flores, Celina Chan, Seung Yen Hong, Wade Wietgrefe, Sharon Young, Bridge Hicks, Nick Foster, John Rahaim – Planning Director, Jonas P. Ionin – Commission Secretary","Fung, Hillis, Johnson, Koppel, Melgar, Moore, Richards",https://sfplanning.s3.amazonaws.com/commissions/cpcpackets/20190613_cal_min.pdf,133
2019-06-20,regular,20190620_cal_min.pdf,13:00,18:34,11,8,"Diego Sanchez, Audrey Harris, Linda Ajello-Hoagland, Mary Woods, Elizabeth Gordon-Jonckheer, John Rahaim – Planning Director, Jonas P. Ionin – Commission Secretary","Fung, Hillis, Johnson, Koppel, Melgar, Moore",https://sfplanning.s3.amazonaws.com/commissions/cpcpackets/20190620_cal_min.pdf,122
2019-06-20,special,20190620_Jntbic_min.pdf,10:00,14:45,1,1,"Audrey Merlone, Elizabeth Watty, Corey Teague, John Rahaim – Director of Planning, Jonas P. Ionin – Commission Secretary","Fung, Hillis, Johnson, Koppel, Melgar, Moore",https://sfplanning.s3.amazonaws.com/commissions/cpcpackets/20190620_Jntbic_min.pdf,122
2019-06-27,regular,20190627_cal_min.pdf,13:00,17:11,19,17,"Aaron Starr, Andrea Green, Seema Adina, Jacob Bintliff, Esmeralda Jardines, Jeff Horn, Laura Ajello, John Rahaim – Planning Director, Jonas P. Ionin – Commission Secretary","Fung, Hillis, Koppel, Moore, Richards",https://sfplanning.s3.amazonaws.com/commissions/cpcpackets/20190627_cal_min.pdf,43
2019-07-11,regular,20190711_cal_min.pdf,13:00,15:17,24,22,"Aaron Starr, Stephanie Cisneros, Lily Langlois, Gabriela Pantoja, Josh Switzky, Corey Teague – Zoning Administrator, John Rahaim – Planning Director, Jonas P. Ionin – Commission Secretary","Fung, Johnson, Koppel, Moore, Richards",https://sfplanning.s3.amazonaws.com/commissions/cpcpackets/20190711_cal_min.pdf,40
2019-07-18,regular,20190718_cal_min.pdf,13:00,19:04,29,20,"Aaron Starr, Veronica Flores, John Francis, Linda Ajello-Hoagland, Ella Samonsky, Katie Wilborn, Matt Dito, Seema Adina, Jeff Horn, Ashley Lindsay, David Winslow, Corey Teague – Zoning Administrator, John Rahaim – Planning Director, Jonas P. Ionin – Commission Secretary","Fung, Johnson, Koppel, Melgar, Moore, Richards",https://sfplanning.s3.amazonaws.com/commissions/cpcpackets/20190718_cal_min.pdf,93
2019-07-25,regular,20190725_cal_min.pdf,13:00,19:39,22,21,"Aaron Starr, Elizabeth Jonckheer, Kate Conner, Scott Sanchez, Mat Snyder, Esmeralda Jardines, Linda Ajello-Hoagland, Chris May, Rich Sucre, Ella Samonsky, Michael Christensen, Matt Dito, David Winslow, Corey Teague – Zoning Administrator, John Rahaim – Planning Director, Jonas P. Ionin – Commission Secretary","Fung, Johnson, Koppel, Melgar, Moore, Richards",https://sfplanning.s3.amazonaws.com/commissions/cpcpackets/20190725_cal_min.pdf,126
2019-08-22,regular,20190822_cal_min.pdf,13:00,17:55,24,23,"Christy Alexander, Jacob Bintliff, Kate Conner, Linda Ajello-Hoagland, Xinyu Liang, Bridget Hicks, Jeff Horn, Matt Dito, David Winslow, Dan Sider, John Rahaim – Planning Director, Jonas P. Ionin – Commission Secretary","Fung, Hillis, Johnson, Koppel, Melgar, Moore, Richards",https://commissions.sfplanning.org/cpcpackets/20190822_cal_min.pdf,83
2019-08-29,regular,20190829_cal_min.pdf,13:00,21:13,31,24,"Elizabeth Watty, Diego Sanchez, Jeff Horn, Christy Alexander, Elizabeth White, Kimberly Durandet, Chris Townes, Nancy Tran, Matt Dito, David Winslow, Corey Teague – Zoning Administrator, John Rahaim – Planning Director, Jonas P. Ionin – Commission Secretary","Fung, Hillis, Koppel, Melgar, Moore, Richards",https://commissions.sfplanning.org/cpcpackets/20190829_cal_min.pdf,142
2019-09-05,regular,20190905_cal_min.pdf,13:00,19:17,19,15,"Jon Francis, David Winslow, Nick Foster, Kei Zushi, John Rahaim – Planning Director, Jonas P. Ionin – Commission Secretary","Fung, Hillis, Johnson, Koppel, Melgar, Moore, Richards",https://commissions.sfplanning.org/cpcpackets/20190905_cal_min.pdf,347
2019-09-12,regular,20190912_cal_min.pdf,13:00,17:47,13,10,"Aaron Starr, Sharon Young, Elizabeth Jonckheer, Xinyu Liang, David Winslow, Katy Campbell, Jeanie Poling, AnMarie Rodgers, Jonas P. Ionin – Commission Secretary","Fung, Hillis, Johnson, Koppel, Moore",https://commissions.sfplanning.org/cpcpackets/20190912_cal_min.pdf,80
2019-09-19,regular,20190919_cal_min.pdf,13:00,20:03,27,23,"Aaron Starr, Mat Snyder, Diego Sanchez, Joshua Switzky, Jeanie Poling, Andrew Perry, Michael Christensen, Nicholas Foster, Sharon Young, Nancy Tran, Delvin Washington, Christy Alexander, Bridget Hicks, David Winslow, Rich Sucre, Corey Teague – Zoning Administrator, Dan Sider, Jonas P. Ionin – Commission Secretary","Fung, Koppel, Melgar, Moore, Richards",https://commissions.sfplanning.org/cpcpackets/20190919_cal_min.pdf,172
2019-09-26,special,20190926_joint_offsite_min.pdf,09:00,16:45,1,1,"Claudia Flores, Christy Alexander, Miriam Chion, AnnMarie Rogers, John Rahaim – Director of Planning, Jonas P. Ionin – Commission Secretary","Fong, Johnson, Koppel, Melgar, Richards",https://commissions.sfplanning.org/cpcpackets/20190926_joint_offsite_min.pdf,0
2019-10-03,regular,20191003_cal_min.pdf,13:00,14:34,26,21,"Aaron Starr, Marcelle Boudreaux, Nancy Tran, Ella Samonsky, Rich Sucre, Michael Christensen, David Winslow, Jonas P. Ionin – Commission Secretary","Fung, Johnson, Koppel, Melgar, Richards",https://commissions.sfplanning.org/cpcpackets/20191003_cal_min.pdf,46
2019-10-03,special,20191003_JntHealth_cal_min.pdf,10:00,12:04,1,1,"Kate Conner, Jonas P. Ionin – Commission Secretary","Fung, Johnson, Koppel, Melgar",https://commissions.sfplanning.org/cpcpackets/20191003_JntHealth_cal_min.pdf,46
2019-10-10,regular,20191010_cal_min.pdf,13:00,17:41,15,14,"Jenny Delumo, Chris May, Esmeralda Jardines, Katie Wilborn, Sharon Young, Rich Sucre, Jeff Horn, Delvin Washington, Gabriela Pantoja, John Rahaim – Planning Director, Jonas P. Ionin – Commission Secretary","Fung, Johnson, Koppel, Melgar, Richards",https://commissions.sfplanning.org/cpcpackets/20191010_cal_min.pdf,75
2019-10-17,regular,20191017_cal_min.pdf,13:00,17:47,15,13,"Aaron Starr, Veronica Flores, Diego Sanchez, Nick Foster, Carly Grob, Andi Nelson, Svetha Ambati, Claudia Flores, James Pappas, Xinyu Liang, Rich Sucre, AnMarie Rodgers, David Winslow, John Rahaim – Planning Director, Jonas P. Ionin – Commission Secretary","Fung, Johnson, Melgar, Moore, Richards",https://commissions.sfplanning.org/cpcpackets/20191017_cal_min.pdf,51
2019-10-17,special,20191017_Jnt_RecPark_min.pdf,11:00,11:19,1,1,"Patrick Race, Jonas P. Ionin – Commission Secretary","Fung, Johnson, Melgar, Moore",https://commissions.sfplanning.org/cpcpackets/20191017_Jnt_RecPark_min.pdf,51
2019-10-24,regular,20191024_cal_min.pdf,13:00,20:20,27,24,"Aaron Starr, Michael Li, Veronica Flores, Daniel Wu, Paolo Ikezoe, David Weissglass, Mat Snyder, Stephanie Cisneros, Nancy Tran, Delvin Washington, Lisa Gibson, Dan Sider, Corey Teague – Zoning Administrator, John Rahaim – Planning Director, Jonas P. Ionin – Commission Secretary","Fung, Johnson, Koppel, Moore, Richards",https://commissions.sfplanning.org/cpcpackets/20191024_cal_min.pdf,249
2019-11-07,regular,20191107_cal_min.pdf,13:00,18:17,36,20,"Gabby Pantoja, Veronica Flores, Chris May, Laura Ajello, Sharon Young, David Winslow, Scott Sanchez – Acting Zoning Administrator, John Rahaim – Planning Director, Jonas P. Ionin – Commission Secretary","Fung, Johnson, Koppel, Melgar, Moore, Richards",https://commissions.sfplanning.org/cpcpackets/20191107_cal_min.pdf,54
2019-11-21,regular,20191121_cal_min.pdf,13:00,21:58,32,30,"Claudia Flores, Audrey Merlone, Joshua Switzky, Maia Small, Jon Francis, Trent Greenan, Luiz Barata, Scott Sanchez, Andrew Perry, Liz Watty, Alex Westhoff, Linda Ajello-Hoagland, Delvin Washington, Bridget Hicks, Laura Ajello, Sylvia Jimenez, Elizabeth Gordon-Jonckheer, Xinyu Liang, Michael Christensen, Ella Samonsky, Jeff Joslin, John Rahaim – Planning Director, Jonas P. Ionin – Commission Secretary","Diamond, Johnson, Koppel, Melgar, Richards",https://commissions.sfplanning.org/cpcpackets/20191121_cal_min.pdf,168
2019-12-05,regular,20191205_cal_min.pdf,13:00,19:22,23,20,"Audrey Merlone, Aaron Starr, Marcelle Boudreaux, Jacob Bintliff, Allison Vanderslice, Maia Small, Luiz Barata, Trent Greenan, Nick Foster, Andrew Perry, Claudine Asbagh, Xinyu Liang, Carolyn Fahey, Michael Christensen, Jonathan Vimr, John Rahaim – Planning Director, Jonas P. Ionin – Commission Secretary","Diamond, Fung, Johnson, Koppel, Melgar, Moore, Richards",https://commissions.sfplanning.org/cpcpackets/20191205_cal_min.pdf,82
2019-12-12,regular,20191212_cal_min.pdf,13:00,21:00,30,27,"Aaron Starr, Veronica Flores, Sheila Nickolopoulos, Chris Kern, Carolyn Fahey, Rich Sucre, Esmeralda Jardines, Xinyu Liang, Matt Dito, Delvin Washington, Stephanie Cisneros, Laura Ajello, Gabriela Pantoja, Scott Sanchez – Acting Zoning Administrator, John Rahaim – Planning Director, Jonas P. Ionin – Commission Secretary","Diamond, Fung, Johnson, Koppel, Melgar, Moore",https://commissions.sfplanning.org/cpcpackets/20191212_cal_min.pdf,173
2019-12-19,regular,20191219_cal_min.pdf,13:00,18:19,27,20,"Aaron Starr, Maia Small, Trent Greenan, Christy Alexander, Stephanie Cisneros, Jeff Horn, Cathleen Campbell, Carolyn Fahey, Alex Westhoff, David Winslow, Delvin Washington, Jeff Joslin, Jonas P. Ionin – Commission Secretary","Diamond, Fung, Johnson, Koppel, Melgar, Moore",https://commissions.sfplanning.org/cpcpackets/20191219_cal_min.pdf,51
2020-01-09,regular,20200109_cal_min.pdf,13:00,20:23,32,23,"Aaron Starr, Cathleen Campbell, Audrey Merlone, Kate Stacey, Jacob Bintliff, Lisa Fisher, Adam Varat, Chris Kern, Nick Foster, Jeff Horn, Elizabeth Gordon-Jonckheer, Jeanie Poling, Chris May, Lisa Gibson, David Winslow, Corey Teague – Zoning Administrator, John Rahaim – Planning Director, Jonas P. Ionin – Commission Secretary","Diamond, Fung, Johnson, Koppel, Melgar, Moore",https://sfplanning.s3.amazonaws.com/commissions/cpcpackets/20200109_cal_min.pdf,93
2020-01-16,regular,20200116_cal_min_corr2.pdf,13:00,19:50,25,19,"Aaron Starr, Andrew Perry, Diego Sanchez, Kari Lentz, Sally Morgan, Jacob Bintliff, Michael Christensen, Ken Qi, David Weissglass, David Winslow, Corey Teague –Zoning Administrator, Lisa Gibson, John Rahaim – Planning Director, Jonas P. Ionin – Commission Secretary","Diamond, Fung, Johnson, Koppel, Melgar, Moore",https://sfplanning.s3.amazonaws.com/commissions/cpcpackets/20200116_cal_min_corr2.pdf,70
2020-01-23,regular,20200123_cal_min.pdf,13:00,17:33,18,16,"Aaron Starr, Veronica Flores, Natalia Kwiatkowska, Rich Sucre, Bridget Hicks, David Winslow, Stephanie Cisneros, Adam Varat, Jeff Joslin, John Rahaim – Planning Director, Jonas P. Ionin – Commission Secretary","Diamond, Fung, Johnson, Koppel, Melgar, Moore",https://sfplanning.s3.amazonaws.com/commissions/cpcpackets/20200123_cal_min.pdf,64
2020-01-30,regular,20200130_cal_min.pdf,13:00,20:20,31,27,"Aaron Starr, Diego Sanchez, Carolyn Fahey, Elizabeth Gordon-Jonckheer, Rachel Schuett, Lisa Gibson, Chris Kern, Jon Francis, Ella Samonsky, Rich Sucre, Josh Switzky, Maia Small, Allison Vanderslice, Monica Giacomucci, Esmeralda Jardines, Linda Hoagland Ajello, Delvin Washington, Jeff Horn, David Weissglass, David Winslow, John Rahaim – Planning Director, Jonas P. Ionin – Commission Secretary","Diamond, Fung, Koppel, Melgar, Moore",https://sfplanning.s3.amazonaws.com/commissions/cpcpackets/20200130_cal_min.pdf,404
2020-02-06,regular,20200206_cal_min.pdf,13:00,16:34,17,14,"Aaron Starr, Michael Christensen, Cathleen Campbell, Bridget Hicks, David Winslow, Elizabeth Gordon-Jonckheer, Shannon Ferguson, John Rahaim – Planning Director, Jonas P. Ionin – Commission Secretary","Diamond, Fung, Johnson, Koppel, Moore",https://sfplanning.s3.amazonaws.com/commissions/cpcpackets/20200206_cal_min.pdf,52
2020-02-13,regular,20200213_cal_min.pdf,13:00,18:21,20,18,"Diego Sanchez, Deborah Landis, Joshua Switzky, Lily Langlois, Andrew Perry, Monica Giacomucci, Rich Sucre, Elizabeth Gordon-Jonckheer, David Winslow, John Rahaim – Planning Director, Jonas P. Ionin – Commission Secretary","Diamond, Fung, Imperial, Johnson, Koppel, Moore",https://sfplanning.s3.amazonaws.com/commissions/cpcpackets/20200213_cal_min.pdf,105
2020-02-20,regular,20200220_cal_min.pdf,13:00,21:30,25,21,"Diego Sanchez, Reanna Tong, Josh Switzky, Sue Exline, Mat Snyder, Esmeralda Jardines, Rich Sucre, Carolyn Fahey, Bridget Hicks, David Winslow, Elizabeth Gordon-Jonckheer, Corey Teague – Zoning Administrator, John Rahaim – Planning Director, Jonas P. Ionin – Commission Secretary","Diamond, Fung, Imperial, Johnson, Koppel, Moore",https://sfplanning.s3.amazonaws.com/commissions/cpcpackets/20200220_cal_min.pdf,244
2020-02-27,regular,20200227_cal_min.pdf,13:00,16:58,17,16,"Aaron Starr, Samantha Updegrave, Chris May, Jeanie Poling, Matt Dito, David Winslow, Claudine Asbagh, Corey Teague – Zoning Administrator, John Rahaim – Planning Director, Jonas P. Ionin – Commission Secretary","Diamond, Fung, Imperial, Johnson, Koppel, Moore",https://sfplanning.s3.amazonaws.com/commissions/cpcpackets/20200227_cal_min.pdf,86
2020-03-05,regular,20200305_cal_min.pdf,13:00,15:35,20,16,"Christine Silva, David Weissglass, David Winslow, Dan Sider, Corey Teague – Zoning Administrator, Jonas P. Ionin – Commission Secretary","Diamond, Fung, Imperial, Johnson, Koppel, Moore",https://sfplanning.s3.amazonaws.com/commissions/cpcpackets/20200305_cal_min.pdf,26
2020-04-09,regular,20200409_cal_min.pdf,13:00,18:44,23,20,"Aaron Starr, Laura Ajello, Seung Yen Song, Veronica Flores, Matt Dito, Scott Sanchez – Assistant Zoning Administrator, Rich Hillis – Planning Director, Jonas P. Ionin – Commission Secretary","Diamond, Fung, Imperial, Johnson, Koppel, Moore",https://sfplanning.s3.amazonaws.com/commissions/cpcpackets/20200409_cal_min.pdf,169
2020-04-16,regular,20200416_cal_min.pdf,13:00,15:59,20,16,"Stephanie Cisneros, Jenny Delumo, Lisa Gibson, Jessica Range. Xinyu Liang, Rich Sucre, Monica Giacomucci, Rich Hillis – Planning Director, Jonas P. Ionin – Commission Secretary","Diamond, Fung, Imperial, Johnson, Koppel, Moore",https://sfplanning.s3.amazonaws.com/commissions/cpcpackets/20200416_cal_min.pdf,36
2020-04-23,regular,20200423_cal_min.pdf,13:00,18:26,21,18,"Aaron Starr, Diego Sanchez, Josh Switzky, Audrey Merlone, Gabriela Pantoja, Bridget Hicks, David Winslow, Rich Hillis – Planning Director, Jonas P. Ionin – Commission Secretary","Diamond, Fung, Imperial, Johnson, Koppel, Moore",https://sfplanning.s3.amazonaws.com/commissions/cpcpackets/20200423_cal_min.pdf,91
2020-04-30,regular,20200430_cal_min.pdf,13:00,15:15,37,32,"Aaron Starr, Bridget Hicks, Michael Christensen, Esmeralda Jardines, Rich Sucre, Rich Hillis – Planning Director, Jonas P. Ionin – Commission Secretary","Diamond, Fung, Imperial, Johnson, Koppel, Moore",https://sfplanning.s3.amazonaws.com/commissions/cpcpackets/20200430_cal_min.pdf,40
2020-05-07,regular,20200507_cal_min.pdf,13:00,15:58,14,10,"Aaron Starr, Sylvia Jimenez, David Winslow, Rich Hillis – Planning Director, Jonas P. Ionin – Commission Secretary","Diamond, Fung, Imperial, Johnson, Koppel, Moore",https://sfplanning.s3.amazonaws.com/commissions/cpcpackets/20200507_cal_min.pdf,37
2020-05-14,regular,20200514_cal_min.pdf,13:00,14:19,20,16,"Aaron Starr, David Winslow, Rich Hillis – Planning Director, Jonas P. Ionin – Commission Secretary","Diamond, Fung, Imperial, Johnson, Koppel, Moore",https://sfplanning.s3.amazonaws.com/commissions/cpcpackets/20200514_cal_min.pdf,17
2020-05-21,regular,20200521_cal_min.pdf,13:00,19:39,37,36,"Aaron Starr, Alana Callagy, Lily Langlois, Jessica Look, Maia Small, Joshua Switzky, Nick Foster, Rachel Schuett, Wade Wietgrefe, Jorgen Cleemann, Bridget Hicks, Rich Hillis – Planning Director, Jonas P. Ionin – Commission Secretary","Diamond, Fung, Imperial, Johnson, Koppel, Moore",https://sfplanning.s3.amazonaws.com/commissions/cpcpackets/20200521_cal_min.pdf,466
2020-05-21,special,20200521_RecParkJnthrg_min.pdf,15:00,,7,7,"Nick Foster, Jonas P. Ionin – Commission Secretary","Diamond, Fung, Imperial, Johnson, Koppel, Moore",https://sfplanning.s3.amazonaws.com/commissions/cpcpackets/20200521_RecParkJnthrg_min.pdf,466
2020-05-28,regular,20200528_cal_min.pdf,13:00,20:05,25,24,"Diego Sanchez, Christy Alexander, Matt Chandler, Seung Yen Hong, Jeanie Poling, Miriam Chion, Kimia Haddadan, Chris May, Rich Hillis – Planning Director, Jonas P. Ionin – Commission Secretary","Chan, Diamond, Fung, Imperial, Johnson, Koppel, Moore",https://sfplanning.s3.amazonaws.com/commissions/cpcpackets/20200528_cal_min.pdf,415
2020-06-04,regular,20200604_cal_min.pdf,13:00,20:11,28,24,"Aaron Starr, Joshua Switzky, Elizabeth Gordon-Jonckheer, Michael Chr istensen, Rich Sucre, Matt Dito, David Weissglass, David Winslow, Corey Teague – Zoning Administrator, Rich Hillis – Planning Director, Jonas P. Ionin – Commission Secretary","Chan, Diamond, Fung, Imperial, Koppel, Moore",https://sfplanning.s3.amazonaws.com/commissions/cpcpackets/20200604_cal_min.pdf,144
2020-06-11,regular,20200611_cal_min.pdf,13:00,22:21,29,25,"Aaron Starr, Mat Snyder, Linda Hoagland, Carli Grob, Rich Sucre, Andrew Perry, Cathleen Campbell, Monica Giacomucci, David Winslow, Miriam Chion, Debra Landis, Tom DiSanto, Corey Teague – Zoning Administrator, Rich Hillis – Planning Director, Jonas P. Ionin – Commission Secretary","Chan, Diamond, Fung, Imperial, Johnson, Koppel, Moore",https://sfplanning.s3.amazonaws.com/commissions/cpcpackets/20200611_cal_min.pdf,233
2020-06-18,regular,20200618_cal_min.pdf,13:00,17:35,28,20,"Aaron Starr, Mat Snyder, Joy Navarrete, Wade Wietgrefe, Laura Ajello, Michael Christensen, David Winslow, Scott Sanchez – Assistant Zoning Administrator, Rich Hillis – Planning Director, Jonas P. Ionin – Commission Secretary","Diamond, Fung, Imperial, Koppel, Moore",https://sfplanning.s3.amazonaws.com/commissions/cpcpackets/20200618_cal_min.pdf,80
2020-06-25,regular,20200625_cal_min.pdf,13:00,18:42,23,18,"Aaron Starr, Audrey Merlone, Jennifer McKellar, Linda Ajello-Hoagland, Jeff Horn, Chris May, Rachel Schuett, David Weissglass, Natalia Kwiatkowska, David Winslow, Corey Teague – Zoning Administrator, Rich Hillis – Planning Director, Jonas P. Ionin – Commission Secretary","Chan, Diamond, Fung, Imperial, Johnson, Koppel, Moore",https://commissions.sfplanning.org4/cpcpackets/20200625_cal_min.pdf,102
2020-07-09,regular,20200709_cal_min.pdf,13:00,14:58,23,15,"Aaron Starr, Xinyu Liang, Cathleen Campbell, Rich Sucre, Corey Teague - Zoning Administrator, Rich Hillis – Planning Director, Jonas P. Ionin – Commission Secretary","Chan, Diamond, Fung, Imperial, Johnson, Koppel, Moore",https://sfplanning.s3.amazonaws.com/commissions/cpcpackets/20200709_cal_min.pdf,24
2020-07-16,regular,20200716_cal_min.pdf,13:00,17:10,20,17,"Aaron Starr, Claire Feeney, Audrey Merlone, Veronica Flores, Michelle Littlefield, Sveta Ambati, Shannon Ferguson, Christopher May, Rich Sucre, Scott Sanchez – Acting Zoning Administrator, AnMarie Rodgers – Director of Citywide Planning, Jonas P. Ionin – Commission Secretary","Chan, Diamond, Fung, Imperial, Johnson, Koppel, Moore",https://sfplanning.s3.amazonaws.com/commissions/cpcpackets/20200716_cal_min.pdf,45
2020-07-23,regular,20200723_cal_min.pdf,13:00,22:09,21,19,"Aaron Starr, Tania Sheyner, Jeanie Poling, Lisa Gibson, Timothy Johnston, Kimberly Durandet, Jeff Horn, David Winslow, Mathew Chandler, Rich Sucre, AnMarie Rodgers, Corey Teague - Zoning Administrator, Jonas P. Ionin – Commission Secretary","Chan, Diamond, Fung, Imperial, Johnson, Koppel, Moore",https://sfplanning.s3.amazonaws.com/commissions/cpcpackets/20200723_cal_min.pdf,128
2020-07-30,regular,20200730_cal_min.pdf,13:00,19:08,22,19,"Aaron Starr, Miriam Chion, Claudia Flores, Kimberly Durandet, Jonathan Vimr, Claire Feeney, Jeff Horn, Carly Grob, David Winslow, Mat Snyder, Joshua Switzky, Corey Teague - Zoning Administrator, Rich Hillis – Planning Director, Jonas P. Ionin – Commission Secretary, Christine L. Silva – Acting Commission Secretary","Chan, Diamond, Fung, Imperial, Johnson, Koppel, Moore",https://sfplanning.s3.amazonaws.com/commissions/cpcpackets/20200730_cal_min.pdf,105
2020-08-27,regular,20200827_cal_min.pdf,13:00,16:10,15,12,"Aaron Starr, Audrey Merlone, Xinyu Liang, David Winslow, Rich Hillis – Planning Director, Jonas P. Ionin – Commission Secretary","Chan, Diamond, Fung, Imperial, Moore, Koppel",https://sfplanning.s3.amazonaws.com/commissions/cpcpackets/20200827_cal_min.pdf,46
2020-09-03,regular,20200903_cal_min.pdf,13:00,16:04,16,13,"Aaron Starr, Carolyn Fahey, Ashley Lindsay, Claire Feeney, Claudine Asbagh, Rich Hillis – Planning Director, Jonas P. Ionin – Commission Secretary","Chan, Diamond, Fung, Imperial, Moore",https://sfplanning.s3.amazonaws.com/commissions/cpcpackets/20200903_cal_min.pdf,85
2020-09-10,regular,20200910_cal_min.pdf,13:00,15:34,22,15,"Robin Abad Obucillo, Mathew Chandler, Natalia Kwiatkowska, Michael Christensen, Corey Teague – Zoning Administrator, Rich Hillis – Planning Director, Jonas P. Ionin – Commission Secretary","Chan, Diamond, Fung, Imperial, Moore, Koppel",https://sfplanning.s3.amazonaws.com/commissions/cpcpackets/20200910_cal_min.pdf,31
2020-09-17,regular,20200917_cal_min.pdf,13:00,15:30,15,13,"Aaron Starr, Mat Snyder, Joshua Switzky, Ashley Lindsay, David Winslow, Corey Teague – Zoning Administrator, Rich Hillis – Planning Director, Jonas P. Ionin – Commission Secretary","Chan, Diamond, Fung, Imperial, Moore, Koppel",https://sfplanning.s3.amazonaws.com/commissions/cpcpackets/20200917_cal_min.pdf,33
2020-09-24,regular,20200924_cal_min.pdf,13:00,18:07,19,15,"Aaron Starr, Mat Snyder, Joshua Switzky, Nick Foster, Chelsea Fordham, Rich Sucre, Matt Dito, David Winslow, Corey Teague – Zoning Administrator, Rich Hillis – Planning Director, Jonas P. Ionin – Commission Secretary","Chan, Diamond, Fung, Imperial, Moore, Koppel",https://sfplanning.s3.amazonaws.com/commissions/cpcpackets/20200924_cal_min.pdf,89
2020-10-01,regular,20201001_cal_min.pdf,13:00,17:47,13,11,"Aaron Starr, Miriam Chion, Jeff Horn, Carolyn Fahey, David Winslow, Corey Teague – Zoning Administrator, Rich Hillis – Planning Director, Jonas P. Ionin – Commission Secretary","Chan, Diamond, Fung, Imperial, Moore, Koppel",https://sfplanning.s3.amazonaws.com/commissions/cpcpackets/20201001_cal_min.pdf,38
2020-10-08,regular,20201008_cal_min.pdf,13:00,18:24,24,14,"Aaron Starr, Michael Christensen, Rich Sucre, Gabriela Pantoja, Mary Woods, David Winslow, Corey Teague – Zoning Administrator, Rich Hillis – Planning Director, Jonas P. Ionin – Commission Secretary","Chan, Diamond, Fung, Imperial, Moore, Koppel",https://sfplanning.s3.amazonaws.com/commissions/cpcpackets/20201008_cal_min.pdf,99
2020-10-15,regular,20201015_cal_min.pdf,13:00,13:51,12,11,"Kimberly Durandet, Chris May, Rich Hillis – Planning Director, Jonas P. Ionin – Commission Secretary","Chan, Diamond, Fung, Imperial, Moore, Koppel",https://commissions.sfplanning.org/cpcpackets/20201015_cal_min.pdf,14
2020-10-22,regular,20201022_cal_min.pdf,13:00,14:41,17,14,"Aaron Starr, Samantha Updegrave, Monica Giacomucci, Mary Woods, David Winslow, Corey Teague – Zoning Administrator, Rich Hillis – Planning Director, Jonas P. Ionin – Commission Secretary","Diamond, Fung, Imperial, Moore, Koppel",https://commissions.sfplanning.org/cpcpackets/20201022_cal_min.pdf,28
2020-11-05,regular,20201105_cal_min.pdf,13:00,16:21,12,10,"Aaron Starr, Veronica Flores, Corey Teague, Natalia Kwiatkowska, Claire Feeney, Michael Christensen, Rich Hillis – Planning Director, Jonas P. Ionin – Commission Secretary","Tanner, Chan, Diamond, Fung, Imperial, Moore, Koppel",https://sfplanning.s3.amazonaws.com/commissions/cpcpackets/20201105_cal_min.pdf,41
2020-11-12,regular,20201112_cal_min.pdf,13:00,19:07,17,13,"Claudine Asbagh, Rachel Schuett, Jorgen Cleemann, Katie Wilborn, Joy Navarrete, Rachna Ahuja, Sharon Young, Justin Greving, Stephanie Cisneros, David Winslow, Rich Sucre, Corey Teague – Zoning Administrator, Rich Hillis – Planning Director, Jonas P. Ionin – Commission Secretary","Tanner, Chan, Diamond, Fung, Imperial, Moore, Koppel",https://sfplanning.s3.amazonaws.com/commissions/cpcpackets/20201112_cal_min.pdf,40
2020-11-19,regular,20201119_cal_min.pdf,13:00,18:14,23,18,"Aaron Starr, Bridget Hicks, Robin Abad Ocubillo, Mat Snyder, Joshua Switzky, Andrew Perry, Jeff Horn, Rich Sucre, Corey Teague – Zoning Administrator, Rich Hillis – Planning Director, Jonas P. Ionin – Commission Secretary","Tanner, Chan, Diamond, Fung, Imperial, Moore, Koppel",https://sfplanning.s3.amazonaws.com/commissions/cpcpackets/20201119_cal_min.pdf,115
2020-12-03,regular,20201203_cal_min.pdf,13:00,16:05,14,13,"Aaron Starr, Maia Small, Veronica Flores, Linda Ajello Hoagland, Andrew Perry, Corey Teague – Zoning Administrator, Rich Hillis – Planning Director, Jonas P. Ionin – Commission Secretary","Tanner, Chan, Diamond, Fung, Imperial, Moore, Koppel",https://sfplanning.s3.amazonaws.com/commissions/cpcpackets/20201203_cal_min.pdf,30
2020-12-10,regular,20201210_cal_min.pdf,13:00,16:30,18,16,"Aaron Starr, Gabriela Pantoja, Xinyu Liang, Claire Feeney, Rich Sucre, David Winslow, Corey Teague – Zoning Administrator, Rich Hillis – Planning Director, Jonas P. Ionin – Commission Secretary","Tanner, Chan, Diamond, Fung, Imperial, Moore, Koppel",https://sfplanning.s3.amazonaws.com/commissions/cpcpackets/20201210_cal_min.pdf,76
2020-12-17,regular,20201217_cal_min.pdf,13:00,15:00,21,13,"Aaron Starr, Mary Woods, Jeff Horn, David Winslow, Rich Hillis – Planning Director, Jonas P. Ionin – Commission Secretary","Tanner, Chan, Diamond, Fung, Imperial, Moore, Koppel",https://sfplanning.s3.amazonaws.com/commissions/cpcpackets/20201217_cal_min.pdf,26
2021-01-07,regular,20210107_cal_min.pdf,13:00,17:08,18,12,"Aaron Starr, Josh Switzky, Michael Christensen, Claire Feeney, Rich Hillis – Planning Director, Jonas P. Ionin – Commission Secretary","Tanner, Chan, Diamond, Fung, Imperial, Moore, Koppel",https://sfplanning.s3.amazonaws.com/commissions/cpcpackets/20210107_cal_min.pdf,74
2021-01-14,regular,20210114_cal_min.pdf,13:00,16:38,20,16,"Aaron Starr, Andi Nelson, Maia Small, Miriam Chion, Jennifer McKellar, Samantha Updegrave, Xinyu Liang, Kimberly Durandet, David Winslow, Corey Teague – Zoning Administration, Rich Hillis – Planning Director, Jonas P. Ionin – Commission Secretary","Tanner, Chan, Diamond, Fung, Imperial, Moore, Koppel",https://sfplanning.s3.amazonaws.com/commissions/cpcpackets/20210114_cal_min.pdf,84
2021-01-21,regular,20210121_cal_min.pdf,13:00,17:42,24,17,"Megan Calpin, Deborah Landis, Diego Sanchez, Bridget Hicks, Matt Dito, Claire Feeney, Gabriela Pantoja, Michael Christensen, Rich Hillis – Planning Director, Jonas P. Ionin – Commission Secretary","Tanner, Chan, Diamond, Fung, Imperial, Moore, Koppel",https://sfplanning.s3.amazonaws.com/commissions/cpcpackets/20210121_cal_min.pdf,65
2021-01-28,regular,20210128_cal_min.pdf,13:00,16:13,25,17,"Aaron Starr, Nick Foster, Kevin Guy, Katie Wilborn, Katy Campbell, Ashley Lindsay, Claudine Asbagh, David Winslow, Rich Hillis – Planning Director, Jonas P. Ionin – Commission Secretary","Tanner, Chan, Diamond, Fung, Imperial, Moore, Koppel",https://sfplanning.s3.amazonaws.com/commissions/cpcpackets/20210128_cal_min.pdf,54
2021-02-04,regular,20210204_cal_min.pdf,13:00,14:42,18,13,"Katie Wilborn, Deborah Landis, Andrew Perry, Matt Dito, Kevin Guy, David Winslow, Rich Hillis – Planning Director, Jonas P. Ionin – Commission Secretary","Tanner, Chan, Diamond, Fung, Imperial, Moore, Koppel",https://sfplanning.s3.amazonaws.com/commissions/cpcpackets/20210204_cal_min.pdf,19
2021-02-18,regular,20210218_cal_min.pdf,13:00,17:02,21,16,"Aaron Starr, Veronica Flores, Jonathan Vimr, Chris May, Kalyani Agnihotri, Michael Christensen, Rich Sucre, David Winslow, Corey Teague - Zoning Admin ist rat or, Rich Hi llis – Pl ann ing Director, Jonas P. Ionin – Commission Secretary","Tanner, Chan, Diamond, Fung, Imperial, Moore, Koppel",https://sfplanning.s3.amazonaws.com/commissions/cpcpackets/20210218_cal_min.pdf,51
2021-02-25,regular,20210225_cal_min.pdf,13:00,16:01,17,14,"Aaron Starr, Diego Sanchez, Veronica Flores, Claudine Asbagh, Michael Christensen, Rich Sucre, Rich Hillis – Planning Director, Jonas P. Ionin – Commission Secretary","Tanner, Chan, Diamond, Fung, Imperial, Moore, Koppel",https://sfplanning.s3.amazonaws.com/commissions/cpcpackets/20210225_cal_min.pdf,59
2021-03-04,regular,20210304_cal_min.pdf,13:00,16:29,16,13,"Aaron Starr, Matt Snyder, Lily Langlois, Justin Kran, Linda Hoagland, Alex Westhoff, Rich Sucre, Kimberly Durandet, Corey Teague - Zoning Administrator, Rich Hillis – Planning Director, Jonas P. Ionin – Commission Secretary","Tanner, Chan, Diamond, Fung, Imperial, Moore, Koppel",https://sfplanning.s3.amazonaws.com/commissions/cpcpackets/20210304_cal_min.pdf,30
2021-03-11,regular,20210311_cal_min.pdf,13:00,18:50,19,15,"Aaron Starr, Andrew Perry, Gabriela Pantoja, Jennifer McKellar, Gretel Gunther, Michael Christensen, David Winslow, Corey Teague – Zoning Administrator, Rich Hillis – Planning Director, Jonas P. Ionin – Commission Secretary","Tanner, Chan, Diamond, Fung, Imperial, Moore, Koppel",https://sfplanning.s3.amazonaws.com/commissions/cpcpackets/20210311_cal_min.pdf,121
2021-03-18,regular,20210318_cal_min.pdf,13:00,15:01,12,11,"Aaron Starr, Linda Ajello-Hoagland, Elizabeth Watty, David Winslow, Rich H illis – Planning Director, Jonas P. Ionin – Commission Secretary","Tanner, Chan, Diamond, Fung, Imperial, Moore, Koppel",https://sfplanning.s3.amazonaws.com/commissions/cpcpackets/20210318_cal_min.pdf,20
2021-03-25,regular,20210325_cal_min.pdf,13:00,17:53,15,12,"Aaron Starr, Esmeralda Jardines, Gabriela Pant oja, D avid Weis sgla ss, Mich ael Christensen, Rich Sucre, David Winslow, Corey Teague – Zoning Admi nist rat or, Rich H illis – P lann ing Director, Jonas P. Ionin – Commission Secretary","Tanner, Chan, Diamond, Fung, Imperial, Moore, Koppel",https://sfplanning.s3.amazonaws.com/commissions/cpcpackets/20210325_cal_min.pdf,85
2021-04-01,regular,20210401_cal_min.pdf,13:00,16:00,16,14,"Aaron Starr, Linda Ajello-Hoagland, Liz Watty, Chris May, Kimberly Durandet, Claire Feeney, David Winslow, Rich Hillis – Planning Director, Jonas P. Ionin – Commission Secretary","Tanner, Chan, Diamond, Fung, Imperial, Moore, Koppel",https://sfplanning.s3.amazonaws.com/commissions/cpcpackets/20210401_cal_min.pdf,39
2021-04-15,regular,20210415_cal_min.pdf,13:00,18:18,20,15,"Aaron Starr, Carly Grob, Jenny Delumo, Claudine Asbagh, Andrew Perry, Linda Ajello-Hoagland, Sharon Young, David Winslow, Ryan Balba, Corey Teague – Zoning Administrator, Rich Hillis – Planning Director, Jonas P. Ionin – Commission Secretary","Tanner, Chan, Diamond, Fung, Imperial, Moore, Koppel",https://sfplanning.s3.amazonaws.com/commissions/cpcpackets/20210415_cal_min.pdf,88
2021-04-22,regular,20210422_cal_min.pdf,13:00,23:16,19,14,"Veronica Flores, Michelle Littlefield, Oscar Hernandez-Gomez, Kimia Haddadan, Malena Leon-Ferrera, Robin Abad, Sheila Nickolopoulos, Bridget Hicks, Michael Christensen, Vincent Page, Rich Sucre, Carly Grob, David Winslow, Liz Watty, Corey Teague – Zoning Administrator, Rich Hillis – Planning Director, Jonas P. Ionin – Commission Secretary","Tanner, Chan, Diamond, Fung, Imperial, Moore, Koppel",https://sfplanning.s3.amazonaws.com/commissions/cpcpackets/20210422_cal_min.pdf,260
2021-04-29,regular,20210429_cal_min.pdf,13:00,14:53,25,20,"Andrew Perry, Aaron Starr, Timothy Johnston, Xinyu Liang, Stephanie Cisneros, Elton Wu, Rich Sucre, Corey Teague – Zoning Administrator, Rich Hillis – Planning Director, Jonas P. Ionin – Commission Secretary","Koppel, Moore, Chan, Diamond, Fung, Imperial, Tanner",https://sfplanning.s3.amazonaws.com/commissions/cpcpackets/20210429_cal_min.pdf,35
2021-05-06,regular,20210506_cal_min.pdf,13:00,17:37,14,13,"Aaron Starr, Michael Li, Claudine Asbagh, Jenny Delumo, Stephanie Cisneros, Kate Conner, Jeff Horn, David Winslow, Corey Teague – Zoning Administrator, Rich Hillis – Plan ning D irect or, Jonas P. Ionin – Commission Secretary","Tanner, Chan, Diamond, Fung, Imperial, Moore, Koppel",https://sfplanning.s3.amazonaws.com/commissions/cpcpackets/20210506_cal_min.pdf,90
2021-05-20,regular,20210520_cal_min.pdf,13:00,14:52,10,8,"Claire Feeney, Aaron Starr, Jeff Horn, David Winslow, Rich Hillis – Planning Director, Jonas P. Ionin – Commission Secretary","Tanner, Chan, Diamond, Fung, Imperial, Moore, Koppel",https://sfplanning.s3.amazonaws.com/commissions/cpcpackets/20210520_cal_min.pdf,36
2021-05-27,regular,20210527_cal_min.pdf,13:00,17:36,13,10,"Aaron Starr, David Winslow, Sharon Young, Michael Christensen, Rich Sucre, Rich Hillis – Planning Director, Jonas P. Ionin – Commission Secretary","Koppel, Moore, Chan, Diamond, Fung, Imperial, Tanner",https://sfplanning.s3.amazonaws.com/commissions/cpcpackets/20210527_cal_min.pdf,93
2021-06-03,regular,20210603_cal_min.pdf,13:00,17:59,12,10,"Veronica Flores, Dario Jones, Aaron Starr, Lisa Fisher, Luiz Barata, Kevin Guy, Claire Feeney, Michael Christensen, Alex Westhoff, Rich Sucre, Kate Conner, Rich Hillis – Planning Director, Jonas P. Ionin – Commission Secretary","Tanner, Chan, Diamond, Fung, Imperial, Moore, Koppel",https://sfplanning.s3.amazonaws.com/commissions/cpcpackets/20210603_cal_min.pdf,93
2021-06-10,regular,20210610_cal_min.pdf,13:00,17:32,16,14,"Aaron Starr, Kate Conner, Claudia Flores, Miriam Chion, Bridget Hicks, Ryan Ba lba , Michael Christensen, David Winslow, Rich Hillis – Planning Director, Jonas P. Ionin – Commission Secretary","Tanner, Diamond, Fung, Imperial, Moore, Koppel",https://sfplanning.s3.amazonaws.com/commissions/cpcpackets/20210610_cal_min.pdf,96
2021-06-17,regular,20210617_cal_min.pdf,13:00,15:42,18,13,"Liz Watty, Xinyu Liang, Matt Dito, Jonas P. Ionin – Commission Secretary","Tanner, Diamond, Fung, Imperial, Moore",https://sfplanning.s3.amazonaws.com/commissions/cpcpackets/20210617_cal_min.pdf,22
2021-06-24,regular,20210624_cal_min.pdf,13:00,16:26,23,18,"Carly Grob, Jenny Delumo, Chelsea Fordham, Sharon Young, Corey Teague – Zoning Administrator, Rich Hillis – Planning Director, Jonas P. Ionin – Commission Secretary","Tanner, Diamond, Fung, Imperial, Moore, Koppel",https://sfplanning.s3.amazonaws.com/commissions/cpcpackets/20210624_cal_min.pdf,71
2021-07-08,regular,20210708_cal_min.pdf,13:00,14:19,15,12,"Claire Feeney, Scott Sanchez, Kate Conner, Corey Teague – Zoning Administrator, Rich Hillis – Planning Director, Jonas P. Ionin – Commission Secretary","Tanner, Diamond, Fung, Imperial, Moore",https://sfplanning.s3.amazonaws.com/commissions/cpcpackets/20210708_cal_min.pdf,13
2021-07-22,regular,20210722_cal_min.pdf,13:00,19:12,23,20,"Aaron Starr, Jeremy Shaw, Joshua Switzky, Audrey Merlone, Claudine Asbagh, Liz Watty, Charles Enchill, Jonathan Vimr, Rich Sucre, Claire Feeney, Jeff Horn, Scott Sanchez – Deputy Zoning Administrator, Rich Hillis – Planning Director, Jonas P. Ionin – Commission Secretary","Tanner, Diamond, Fung, Imperial, Moore, Koppel",https://sfplanning.s3.amazonaws.com/commissions/cpcpackets/20210722_cal_min.pdf,135
2021-07-29,regular,20210729_cal_min.pdf,13:00,17:17,17,16,"Aaron Starr, Elton Wu, Jenny Delumo, Nicholas Foster, Allison Vanderslice, Kate Conner, Xinyu Liang, Christopher May, Kevin Guy, Richard Sucre, David Winslow, Rich Hillis – Planning Director, Jonas P. Ionin – Commission Secretary","Tanner, Diamond, Fung, Imperial, Moore, Koppel",https://sfplanning.s3.amazonaws.com/commissions/cpcpackets/20210729_cal_min.pdf,271
2021-07-29,special,20210729_RecParkJnthrg_min.pdf,10:00,12:24,8,8,"Alana Callagy, Nicholas Foster, Corey Teague – Zoning Administrator, Rich Hillis – Planning Director, Jonas P. Ionin – Commission Secretary","Diamond, Fung, Imperial, Koppel, Moore, Tanner",https://sfplanning.s3.amazonaws.com/commissions/cpcpackets/20210729_RecParkJnthrg_min.pdf,271
2021-08-26,regular,20210826_cal_min.pdf,13:00,14:59,14,13,"Veronica Flores, Aaron Starr, Jennifer McKellar, Debra Dwyer, Jeff Horn, Corey Teague – Zoning Administrator, Rich Hillis – Planning Director, Jonas P. Ionin – Commission Secretary","Tanner, Diamond, Fung, Imperial, Koppel",https://sfplanning.s3.amazonaws.com/commissions/cpcpackets/20210826_cal_min.pdf,18
2021-09-02,regular,20210902_cal_min.pdf,13:00,17:04,18,16,"Veronica Flores, Natalia Kwiatkowska, Alex Westhoff, Kalyani Agnihotri, Chris May, Linda Ajello-Hoagland, Jeff Horn, Jeffrey Speirs, Jonathan Vimr, Corey Teague – Zoning Administrator, Rich Hillis – Planning Director, Jonas P. Ionin – Commission Secretary","Tanner, Diamond, Fung, Imperial, Moore, Koppel",https://sfplanning.s3.amazonaws.com/commissions/cpcpackets/20210902_cal_min.pdf,60
2021-09-09,regular,20210909_cal_min.pdf,13:00,18:32,24,22,"Aaron Starr, Veronica Flores, Natalia Kwiatkowska, Megan Calpin, Xinyu Liang, Wade Wietgrefe, Rich Sucre, Ryan Balba, Linda Ajello Hoagland, Jeff Horn, Corey Teague – Zoning Administrator, Rich Hillis – Planning Director, Jonas P. Ionin – Commission Secretary","Tanner, Diamond, Fung, Imperial, Moore, Koppel",https://sfplanning.s3.amazonaws.com/commissions/cpcpackets/20210909_cal_min.pdf,168
2021-09-23,regular,20210923_cal_min.pdf,13:00,17:49,20,17,"Aaron Starr, Rich Sucre, Chris May, Audrey Merlone, Claire Feeney, David Winslow, Ella Samonsky, Michael Christensen, Kalyani Agnihotri, Scott Sanchez – Acting Zoning Administrator, Rich Hillis – Planning Director, Laura Lynch – Acting Commission Secretary","Tanner, Diamond, Fung, Imperial, Moore, Koppel",https://sfplanning.s3.amazonaws.com/commissions/cpcpackets/20210923_cal_min.pdf,38
2021-09-30,regular,20210930_cal_min.pdf,13:00,16:42,22,16,"Aaron Starr, Joy Navarrete, Ella Samonsky, Claudine Asbagh, Linda Ajello-Hoagland, Chris May, Kalyani Agnihotri, Corey Teague – Zoning Administrator, Rich Hillis – Planning Director, Jonas P. Ionin – Commission Secretary","Tanner, Diamond, Fung, Imperial, Moore, Koppel",https://sfplanning.s3.amazonaws.com/commissions/cpcpackets/20210930_cal_min.pdf,119
2021-10-07,regular,20211007_cal_min.pdf,13:00,16:20,10,9,"Aaron Starr, Audrey Merlone, AnMarie Rodgers, Lisa Chen, Celina Chan, Tam Tran, Doug Johnson, Michael Christensen, Corey Teague – Zoning Administrator, Rich Hillis – Planning Director, Jonas P. Ionin – Commission Secretary","Tanner, Diamond, Fung, Imperial, Moore, Koppel",https://sfplanning.s3.amazonaws.com/commissions/cpcpackets/20211007_cal_min.pdf,33
2021-10-14,regular,20211014_cal_min.pdf,13:00,19:43,25,23,"Aaron Starr, Audrey Merlone, Veronica Flores, Carly Grob, Kimia Haddadan, Mary Woods, Alex Westhoff, Jeff Horn, Laura Ajello, Cathleen Campbell, David Winslow, Corey Teague – Zoning Administrator, Rich Hillis – Planning Director, Jonas P. Ionin – Commission Secretary, Laura Lynch – Acting Commission Secretary","Tanner, Diamond, Fung, Imperial, Moore, Koppel",https://sfplanning.s3.amazonaws.com/commissions/cpcpackets/20211014_cal_min.pdf,106
2021-10-21,regular,20211021_cal_min.pdf,13:00,18:15,16,15,"Aaron Starr, Doug Johnson, Anna Harvey, Jeremy Shaw, Sheila Nickolopoulos, Kate Conner, Monica Giacomucci, Linda Ajello-Hoagland, Ella Samonsky, Ryan Balba, David Winslow, Corey Teague – Zoning Administrator, Rich Hillis – Planning Director, Jonas P. Ionin – Commission Secretary","Tanner, Diamond, Fung, Imperial, Moore, Koppel",https://sfplanning.s3.amazonaws.com/commissions/cpcpackets/20211021_cal_min.pdf,79
2021-10-28,regular,20211028_cal_min.pdf,13:00,15:04,15,12,"Aaron Starr, Chris May, Sharon Young, Kalyani Agnihotri, David Winslow, Corey Teague – Zoning Administrator, Rich Hillis – Planning Director, Jonas P. Ionin – Commission Secretary","Tanner, Fung, Imperial, Moore, Koppel",https://sfplanning.s3.amazonaws.com/commissions/cpcpackets/20211028_cal_min.pdf,24
2021-11-04,regular,20211104_cal_min.pdf,13:00,16:30,19,17,"Aaron Starr, AnMarie Rodgers, Rich Sucre, Ella Samonsky, Claudine Asbagh, Chris May, David Winslow, Corey Teague – Zoning Administrator, Rich Hillis – Planning Director, Jonas P. Ionin – Commission Secretary","Chan, Diamond, Fung, Imperial, Tanner, Moore, Koppel",https://sfplanning.s3.amazonaws.com/commissions/cpcpackets/20211104_cal_min.pdf,54
2021-11-18,regular,20211118_cal_min.pdf,13:00,21:12,26,21,"Aaron Starr, Audrey Merlone, Mat Snyder, Jenny Delumo, Kimberly Durandet, Xinyu Liang, Kevin Guy, Claudine Asbagh, Jeff Horn, Kalyani Agnihotri, Laura Ajello, David Winslow, Scott Sanchez, Corey Teague – Zoning Administrator, Rich Hillis – Planning Director, Jonas P. Ionin – Commission Secretary","Chan, Diamond, Fung, Imperial, Tanner, Moore, Koppel",https://sfplanning.s3.amazonaws.com/commissions/cpcpackets/20211118_cal_min.pdf,245
2021-12-02,regular,20211202_cal_min.pdf,13:00,15:28,14,11,"Aaron Starr, Bridget Hicks, Matt Dito, Kate Conner, Laura Ajello, Rich Hillis – Planning Director, Jonas P. Ionin – Commission Secretary","Chan, Diamond, Fung, Imperial, Tanner, Moore, Koppel",https://sfplanning.s3.amazonaws.com/commissions/cpcpackets/20211202_cal_min.pdf,30
2021-12-09,regular,20211209_cal_min.pdf,13:00,18:34,20,15,"Aaron Starr, Veronica Flores, Linda Ajello-Hoagland, Jeff Horn, Nicholas Foster, Carly Grob, Michael Christensen, David Winslow, Corey Teague – Zoning Administrator, Rich Hillis – Planning Director, Jonas P. Ionin – Commission Secretary","Chan, Diamond, Fung, Imperial, Tanner, Moore, Koppel",https://commissions.sfplanning.org/cpcpackets/20211209_cal_min.pdf,64
2021-12-16,regular,20211216_cal_min.pdf,13:00,17:33,17,16,"Aaron Starr, Audrey Merlone, AnMarie Rodgers, Lisa Fisher, Danielle Ngo, Nick Foster, Claudine Asbagh, Gabriela Pantoja, Claire Feeney, Corey Teague – Zoning Administrator, Rich Hillis – Planning Director, Jonas P. Ionin – Commission Secretary","Chan, Diamond, Fung, Imperial, Moore, Koppel",https://commissions.sfplanning.org/cpcpackets/20211216_cal_min.pdf,84
2022-01-06,regular,20220106_cal_min.pdf,13:00,14:50,9,7,"Aaron Starr, Julie Moore, Corey Teague – Zoning Administrator, David Winslow, Rich Hillis – Planning Director, Jonas P. Ionin – Commission Secretary","Chan, Diamond, Fung, Imperial, Tanner, Moore, Koppel",https://commissions.sfplanning.org/cpcpackets/20220106_cal_min.pdf,19
2022-01-13,regular,20220113_cal_min.pdf,13:00,13:50,11,8,"Audrey Merlone, Megan Calpin, Laura Ajello, Rich Hillis – Planning Director, Jonas P. Ionin – Commission Secretary","Chan, Diamond, Fung, Imperial, Tanner, Moore, Koppel",https://commissions.sfplanning.org/cpcpackets/20220113_cal_min.pdf,12
2022-01-20,regular,20220120_cal_min.pdf,13:00,14:45,8,7,"Sylvia Jimenez, Katy Campbell, David Winslow, Rich Hillis – Planning Director, Jonas P. Ionin – Commission Secretary","Chan, Diamond, Fung, Imperial, Tanner, Moore, Koppel",https://commissions.sfplanning.org/cpcpackets/20220120_cal_min.pdf,30
2022-01-27,regular,20220127_cal_min.pdf,13:00,18:25,11,10,"Deborah Landis, Megan Calpin, Miriam Chion, AnMarie Rodgers, Kimia Haddadan, Shelley Caltagirone, Bridget Hicks, Trent Greenan, Kate Conner, David Winslow, Liz Watty - Director of Current Planning, Rich Hillis – Planning Director, Jonas P. Ionin – Commission Secretary","Chan, Diamond, Fung, Imperial, Koppel, Moore, Tanner",https://commissions.sfplanning.org/cpcpackets/20220127_cal_min.pdf,82
2022-02-03,regular,20220203_cal_min.pdf,13:00,15:38,12,10,"Aaron Starr, Veronica Flores, Gabriela Pantoja, Luiz Barata, Rich Hillis – Planning Director, Jonas P. Ionin – Commission Secretary","Chan, Diamond, Fung, Imperial, Koppel, Moore, Tanner",https://commissions.sfplanning.org/cpcpackets/20220203_cal_min.pdf,68
2022-02-10,regular,20220210_cal_min.pdf,13:00,20:25,23,19,"Aaron Starr, Deborah Landis, Nick Foster, Carly Grob, Veronica Flores, Audrey Merlone, Matt Dito, Linda Ajello Hoagland, Ryan Balba, David Winslow, Liz Watty - Director of Current Planning, Rich Hillis – Planning Director, Jonas P. Ionin – Commission Secretary","Diamond, Fung, Imperial, Koppel, Moore, Tanner",https://commissions.sfplanning.org/cpcpackets/20220210_cal_min.pdf,203
2022-02-24,regular,20220224_cal_min.pdf,13:00,15:13,19,15,"Aaron Starr, Linda Ajello-Hoagland, Gabriela Pantoja, Kalyani Agnihotri, David Winslow, Liz Watty –Director of Current Planning, Jonas P. Ionin – Commission Secretary","Diamond, Fung, Imperial, Koppel, Moore, Tanner",https://commissions.sfplanning.org/cpcpackets/20220224_cal_min.pdf,46
2022-03-03,regular,20220303_cal_min.pdf,13:00,14:35,15,9,"Aaron Starr, Michael Christensen, David Winslow, Liz Watty - Director of Current Planning, Rich Hillis - Planning Director, Jonas P. Ionin – Commission Secretary","Diamond, Fung, Imperial, Koppel, Moore, Tanner",https://commissions.sfplanning.org/cpcpackets/20220303_cal_min.pdf,18
2022-03-24,regular,20220324_cal_min.pdf,13:00,18:51,25,17,"Aaron Starr, Jeremy Shaw, Sherie George, Alex Westhoff, Don Lewis, Kevin Guy, Matt Dito, David Winslow, Corey Teague – Zoning Administrator, Liz Watty – Director of Current Planning, Rich Hillis – Planning Director, Jonas P. Ionin – Commission Secretary","Diamond, Fung, Imperial, Koppel, Moore, Tanner",https://commissions.sfplanning.org/cpcpackets/20220324_cal_min.pdf,88
2022-03-31,regular,20220331_cal_min.pdf,13:00,14:48,16,11,"Julie Moore, Gretel Gunther, Rich Sucre – Deputy Director of Current Planning, Rich Hillis – Planning Director, Jonas P. Ionin – Commission Secretary","Diamond, Fung, Imperial, Koppel, Moore, Tanner",https://commissions.sfplanning.org/cpcpackets/20220331_cal_min.pdf,21
2022-04-07,regular,20220407_cal._min.pdf,13:00,17:24,20,12,"Aaron Starr, Kimia Haddadan, Miriam Chion, Maia Small, James Pappas, Audrey Merlone, David Winslow, Corey Teague – Zoning Administrator, Liz Watty – Director of Current Planning, Rich Hillis – Planning Director, Jonas P. Ionin – Commission Secretary","Ruiz, Diamond, Fung, Imperial, Koppel, Moore, Tanner",https://commissions.sfplanning.org/cpcpackets/20220407_cal._min.pdf,54
2022-04-14,regular,20220414_cal_min.pdf,13:00,15:15,18,13,"Aaron Starr, Gabriela Pantoja, Jeff Horn, Rich Sucre – Deputy Director of Current Planning, Liz Watty – Director of Current Planning, Jonas P. Ionin – Commission Secretary","Ruiz, Diamond, Fung, Imperial, Koppel, Tanner",https://commissions.sfplanning.org/cpcpackets/20220414_cal_min.pdf,32
2022-04-21,regular,20220421_cal_min.pdf,13:00,17:56,16,11,"Aaron Starr, Robin Abad, Kimberley Durandet, Jeff Horn, Kalyani Agnihotri, Laura Ajello, David Winslow, Corey Teague – Zoning Administrator, Liz Watty – Director of Current Planning, Rich Hillis – Planning Director, Jonas P. Ionin – Commission Secretary","Tanner, Moore, Diamond, Fung, Imperial, Koppel, Ruiz",https://commissions.sfplanning.org/cpcpackets/20220421_cal_min.pdf,49
2022-04-28,regular,20220428_cal_min.pdf,13:00,17:15,16,12,"Audrey Merlone, Trent Greenan, James Pappas, Joshua Switzky, Claire Feeney, Charles Enchill, Kate Conner, Laura Ajello, Michael Christensen, David Winslow, Rich Sucre – Deputy Director of Current Planning, Rich Hillis - Planning Director, Jonas P. Ionin – Commission Secretary","Ruiz, Diamond, Fung, Imperial, Koppel, Moore, Tanner",https://commissions.sfplanning.org/cpcpackets/20220428_cal_min.pdf,93
2022-05-12,regular,20220512_cal_min.pdf,13:00,15:50,17,12,"Aaron Starr, Doug Johnson, Kalyani Agnihotri, David Winslow, Corey Tea gue – Zoning Administrator, Rich Hillis – Planning Director, Rich Sucre – Acting Commission Secretary","Tanner, Moore, Diamond, Fung, Imperial, Koppel, Ruiz",https://commissions.sfplanning.org/cpcpackets/20220512_cal_min.pdf,27
2022-05-19,regular,20220519_cal_min.pdf,13:00,13:45,12,9,"Gabriela Pantoja, David Winslow, Rich Hillis – Planning Director, Rich Sucre – Acting Commission Secretary","Tanner, Moore, Diamond, Fung, Imperial, Koppel, Ruiz",https://commissions.sfplanning.org/cpcpackets/20220519_cal_min.pdf,18
2022-05-26,regular,20220526_cal_min.pdf,13:00,15:06,12,8,"Aaron Starr, Audrey Merlone, David Winslow, Rich Hillis – Planning Director, Jonas P. Ionin – Commission Secretary","Tanner, Moore, Diamond, Fung, Imperial, Koppel, Ruiz",https://commissions.sfplanning.org/cpcpackets/20220526_cal_min.pdf,14
2022-06-09,regular,20220609_cal_min.pdf,13:00,16:56,11,8,"Aaron Starr, Monica Giacomucci, Matt Dito, Da vid Wi nslow, Rich Sucre, Trent Greenan, Lisa Gibson, Liz White, Chris Kern, Liz Watty – Director of C urrent Pl ann ing, Corey Tea gue – Zoning Administrator, Rich Hillis – Planning Director, Jonas P. Ionin – Commission Secretary","Tanner, Moore, Diamond, Fung, Imperial, Koppel, Ruiz",https://commissions.sfplanning.org/cpcpackets/20220609_cal_min.pdf,56
2022-06-16,regular,20220616_cal_min.pdf,13:00,16:02,23,13,"Lisa Gibson, Aaron Starr, Claire Feeney, Ella Samonsky, Xinyu Li ang , R ich S ucre, Corey Teague – Zoning Administrator, Rich Hillis – Pla nni ng Director , Jon as P. Ion in – Commis sion Secretary","Tanner, Moore, Diamond, Fung, Imperial, Koppel, Ruiz",https://commissions.sfplanning.org/cpcpackets/20220616_cal_min.pdf,37
2022-06-23,regular,20220623_cal_min.pdf,13:00,16:19,18,13,"Aaron Starr, Joshua Switzky, Devyani Jain, Marcelle Boudreaux, Frances McMillen, Maggie Smith, Melanie Bishop, Elena Moore, Alessandro Hall, Mat Snyder, Liz Watty – Director of Current Planning, Tina Tam – Deputy Zoning Administrator, Rich Hillis – Planning Director, Jonas P. Ionin – Commission Secretary","Tanner, Diamond, Fung, Imperial, Koppel, Ruiz",https://commissions.sfplanning.org/cpcpackets/20220623_cal_min.pdf,34
2022-06-30,regular,20220630_cal_min.pdf,13:00,17:24,18,11,"Aaron Starr, AnMarie Rodgers, Tam Tran, Wade Wietgrefe, Nick Foster, Rachel Schuett, David Winslow, Corey Teague – Zoning Administrator, Liz Watty – Director of Current Planning, Rich Hillis – Planning Director, Laura Lynch – Acting Commission Secretary","Tanner, Moore, Diamond, Fung, Imperial, Koppel, Ruiz",https://commissions.sfplanning.org/cpcpackets/20220630_cal_min.pdf,46
2022-07-14,regular,20220714_cal_min.pdf,13:00,17:15,24,17,"Aaron Starr, Doug Johnson, Nick Foster, Rachel Schuett, Kalyani Agnihotri, Kevin Guy, David Winslow, Rich Sucre – Acting Zoning Administrator, Rich Hillis – Planning Director, Jonas P. Ionin – Commission Secretary","Tanner, Moore, Diamond, Fung, Imperial, Koppel, Ruiz",https://commision.sfplanning.org/cpcpackets/20220714_cal_min.pdf,47
2022-07-21,regular,20220721_cal_min.pdf,13:00,15:32,10,7,"Aaron Starr, Audrey Merlone, Veronica Flores, Danielle Ngo, AnMarie Rodgers, Rich Sucre – Acting Zoning Administrator, Rich Hillis – Planning Director, Jonas P. Ionin – Commission Secretary","Tanner, Moore, Diamond, Fung, Imperial, Koppel, Ruiz",https://commissions.sfplanning.org/cpcpackets/20220721_cal_min.pdf,25
2022-07-28,regular,20220728_cal_min.pdf,13:00,17:52,20,17,"Aaron Starr, Joshua Switzky, Monica Giacomucci, Claire Feeney, Jeff Horn, David Winslow, Corey Teague - Zoning Administrator, Richard Sucre - Deputy Director of Current Planning, Liz Watty - Director of Current Planning, Jonas P. Ionin – Commission Secretary","Tanner, Moore, Diamond, Imperial, Koppel, Ruiz",https://commissions.sfplanning.org/cpcpackets/20220728_cal_min.pdf,90
2022-08-25,regular,20220825_cal_min.pdf,13:00,18:00,16,14,"Veronica Flores, Michael Li, Laura Ajello, Chris Wendt, David Winslow, Corey Teague – Zoning Administrator, Rich Sucre – Deputy Director of Current Planning, Rich Hillis – Planning Director, Jonas P. Ionin – Commission Secretary","Moore, Diamond, Imperial, Koppel, Ruiz",https://citypln-m-extnl.sfgov.org/Commissions/Agenda_or_Minutes/20220825_cal_min.pdf,58
2022-09-08,regular,20220908_cal_min.pdf,13:00,14:35,12,11,"Veronica Flores, Christopher May, David Winslow, Elizabeth Watty – Director of Current Planning, Rich Hillis – Planning Director, Jonas P. Ionin – Commission Secretary","Moore, Diamond, Imperial, Koppel, Ruiz",https://citypln-m-extnl.sfgov.org/Commissions/Agenda_or_Minutes/20220908_cal_min.pdf,21
2022-09-15,regular,20220915_cal_min.pdf,13:00,18:13,23,18,"Audrey Merlone, Alex Westhoff, Rebecca Salgado, Jeff Horn, Nick Foster, Liz Watty – Director of Current Planning, Rich Hillis – Planning Director, Jonas P. Ionin – Commission Secretary","Moore, Diamond, Imperial, Koppel, Ruiz",https://citypln-m-extnl.sfgov.org/Commissions/Agenda_or_Minutes/20220915_cal_min.pdf,94
2022-09-29,regular,20220929_cal_min.pdf,13:00,19:01,12,9,"Aaron Starr, Miriam Chion, Shelley Caltagirone, AnMarie Rodgers, Dan ielle Ng o, Monica Giacomucci, Michael Christensen, Trent Greenan, Liz Watty – Director of Curren t Plan ning , R ich Hillis – Planning Director, Jonas P. Ionin – Commission Secretary","Moore, Braun, Diamond, Imperial, Koppel, Ruiz, Tanner",https://citypln-m-extnl.sfgov.org/Commissions/Agenda_or_Minutes/20220929_cal_min.pdf,83
2022-10-06,regular,20221006_cal_min.pdf,13:00,14:46,17,14,"Aaron Starr, Jon Vimr, Michael Li, Tanya Sheyner, Liz Watty – Director of Current Planning, Rich Hillis – Planning Director, Jonas P. Ionin – Commission Secretary","Moore, Braun, Diamond, Imperial, Koppel, Ruiz, Tanner",https://citypln-m-extnl.sfgov.org/Commissions/Agenda_or_Minutes/20221006_cal_min.pdf,18
2022-10-13,regular,20221013_cal_min.pdf,13:00,17:25,19,16,"Carla De Mesa, Miriam Chion, Gabriela Pantoja, Jeff Horn, Allison Vanderslice, Devyani Jain, Dan Sider, Christopher May, Corey Teague – Zoning Administrator, David Winslow, Liz Watty – Director of Current Planning, Rich Hillis – Planning Director, Jonas P. Ionin – Commission Secretary","Tanner, Moore, Braun, Diamond, Imperial, Koppel, Ruiz",https://citypln-m-extnl.sfgov.org/Commissions/Agenda_or_Minutes/20221013_cal_min.pdf,71
2022-10-20,regular,20221020_cal_min.pdf,13:00,16:40,8,8,"Aaron Starr, Jenny Miriam Chion, Andi Nelson, Nick Foster, Liz Watty – Director of Current Planning, Rich Hillis – Planning Director, Jonas P. Ionin – Commission Secretary","Tanner, Braun, Diamond, Imperial, Koppel, Ruiz",https://citypln-m-extnl.sfgov.org/Commissions/Agenda_or_Minutes/20221020_cal_min.pdf,58
2022-11-03,regular,20221103_cal_min.pdf,13:00,17:22,13,11,"Maia Small, James Pappas, Reanna Tong, Shelley Caltagirone, Joshua Switzky, Xinyu Liang, Michelle Taylor, David Winslow, Liz Watty – Director of Current Planning, Rich Hillis – Planning Director, Jonas P. Ionin – Commission Secretary","Tanner, Braun, Diamond, Imperial, Koppel, Ruiz",https://citypln-m-extnl.sfgov.org/Commissions/Agenda_or_Minutes/20221103_cal_min.pdf,59
2022-11-10,regular,20221110_cal_min.pdf,13:00,19:02,19,16,"Jenny Delumo, AnMarie Rodgers, Wade Wietgrefe, Lily Langlois, Michael Li, Mary Woods, Rebecca Salgado, David Winslow, Corey Teague – Zoning Administrator, Liz Watty – Director of Current Planning, Rich Hillis – Planning Director, Jonas P. Ionin – Commission Secretary","Tanner, Moore, Braun, Diamond, Imperial, Koppel, Ruiz",https://citypln-m-extnl.sfgov.org/Commissions/Agenda_or_Minutes/20221110_cal_min.pdf,123
2022-11-17,regular,20221117_cal_min.pdf,13:00,18:19,20,17,"Aaron Starr, Shelley Caltagirone, Malena Leon-Farrera, James Pappas, Alana Callagy, Lisa Gibson, Wade Wietgrefe, Allison Vanderslice, Debra Dwyer, Maia Small, Liz White, Miriam Chion, Patrick Race, Xinyu Liang, David Winslow, Corey Teague – Zoning Administrator, Liz Watty – Director of Current Planning, Rich Hillis – Planning Director, Jonas P. Ionin – Commission Secretary","Tanner, Moore, Braun, Diamond, Imperial, Koppel, Ruiz",https://citypln-m-extnl.sfgov.org/Commissions/Agenda_or_Minutes/20221117_cal_min.pdf,113
2022-12-01,regular,20221201_cal_min.pdf,13:00,15:26,15,13,"Aaron Starr, Veronica Flores, Mat Snyder, Claudine Asbag h, Kev in Guy, Ka lya ni Agnihotri, Corey Teague – Zoning Administrator, Liz Watty – Director of Current Plan ning, Rich H illis – Planning Director, Jonas P. Ionin – Commission Secretary","Tanner, Moore, Braun, Diamond, Imperial, Koppel",https://citypln-m-extnl.sfgov.org/Commissions/Agenda_or_Minutes/20221201_cal_min.pdf,40
2022-12-08,regular,20221208_cal_min.pdf,13:00,17:38,13,11,"Aaron Starr, Audrey Merlone, Miriam Chion, Jenny Delumo, David Winslow, Corey Teague – Zoning Administrator, Rich Sucre – Deputy Director of Current Planning, Rich Hi llis – Pl ann ing Director, Jonas P. Ionin – Commission Secretary","Tanner, Moore, Braun, Diamond, Imperial, Koppel",https://citypln-m-extnl.sfgov.org/Commissions/Agenda_or_Minutes/20221208_cal_min.pdf,48
2022-12-15,regular,20221215_cal_min.pdf,13:00,17:18,11,9,"Aaron Starr, Alex Westhoff, James Pappas, Malena Leon-Farerra, Joshua S witzky, Miriam Chion, Corey Teague – Zoning Administrator, Rich Hillis – Pl ann ing Di rect or, Jonas P. Io nin – Commission Secretary","Tanner, Moore, Braun, Diamond, Imperial, Koppel, Ruiz",https://citypln-m-extnl.sfgov.org/Commissions/Agenda_or_Minutes/20221215_cal_min.pdf,100
2023-01-05,regular,20230105_cal_min.pdf,13:00,15:15,14,11,"Lisa Chen, Danielle Ngo, Alex Westhoff, David Win slow, Rich Hil lis – Pla nnin g Director, Jonas P. Ionin – Commission Secretary","Tanner, Moore, Braun, Koppel, Ruiz",https://citypln-m-extnl.sfgov.org/Commissions/Agenda_or_Minutes/20230105_cal_min.pdf,20
2023-01-12,regular,20230112_cal_min.pdf,13:00,17:11,14,9,"Aaron Starr, Julie Moore, Rebecca Salgado, Jeff Horn, Monica Giacomucci, Da vid Winslow, Liz Watty – Director of Current Planning , Rich Hill is – Pla nnin g Director, Jona s P. Ionin – Commission Secretary","Tanner, Moore, Braun, Diamond, Imperial, Koppel, Ruiz",https://citypln-m-extnl.sfgov.org/Commissions/Agenda_or_Minutes/20230112_cal_min.pdf,40
2023-01-19,regular,20230119_cal_min.pdf,13:00,18:11,14,13,"Kelly Wong, Audrey Merlone, David Winslow, Mathew Chandler, Nick Foster, Corey Teague – Zoning Administrator, Liz Watty – Director of Current Planning, Rich Hillis – Pla nnin g Director, Jonas P. Ionin – Commission Secretary","Tanner, Moore, Braun, Diamond, Imperial, Koppel, Ruiz",https://citypln-m-extnl.sfgov.org/Commissions/Agenda_or_Minutes/20230119_cal_min.pdf,47
2023-01-26,regular,20230126_cal_min.pdf,13:00,18:30,13,11,"Aaron Starr, Deborah Landis, AnMarie Rodgers, Miriam Chion, Lisa Chen, Danielle Ngo, Amnon Ben-Pazi, Jeff Horn, Xinyu Liang, David Winslow, Liz Watty – Director of Current Planning, Rich Hillis – Planning Director, Jonas P. Ionin – Commission Secretary","Tanner, Moore, Braun, Diamond, Imperial, Koppel, Ruiz",https://citypln-m-extnl.sfgov.org/Commissions/Agenda_or_Minutes/20230126_cal_min.pdf,75
2023-02-02,regular,20230202_cal_min.pdf,13:00,17:12,12,10,"Dan Sider, Branden Gunn, Charles Enchill, Christy Alexander, Matthew Ch andler , Tina Tam – Acting Zoning Administrator, Liz Watty – Director of Current Planning, Rich Hill is – Pla nnin g Director, Jonas P. Ionin – Commission Secretary","Tanner, Moore, Braun, Diamond, Imperial, Koppel, Ruiz",https://citypln-m-extnl.sfgov.org/Commissions/Agenda_or_Minutes/20230202_cal_min.pdf,75
2023-02-09,regular,20230209_cal_min.pdf,13:00,15:16,11,9,"Aaron Starr, Deborah Landis, Florentina Craciun, Liz Watty – Direct or of Curren t Planning, Rich Hillis – Planning Director, Jonas P. Ionin – Commission Secretary","Tanner, Moore, Braun, Diamond, Imperial, Koppel, Ruiz",https://citypln-m-extnl.sfgov.org/Commissions/Agenda_or_Minutes/20230209_cal_min.pdf,28
2023-02-16,regular,20230216_cal_min.pdf,13:00,17:41,16,12,"Aaron Starr, Veronica Flores, Ryan Balba, David Winslow, Kimberley Durandet, Liz Watty – Director of Current Planning, Rich Hillis – Planning Director, Jonas P. Ionin – Commission Secretary","Tanner, Moore, Braun, Diamond, Imperial, Koppel, Ruiz",https://citypln-m-extnl.sfgov.org/Commissions/Agenda_or_Minutes/20230216_cal_min.pdf,51
2023-02-23,regular,20230223_cal_min.pdf,13:00,16:47,14,13,"AnMarie Rodgers, Lily Langlois, Maggie Laush, Vincent Page, Elizabeth Gordon- Jonckheer, David Winslow, Corey Teague – Zoning Administrator, Liz Watty – Director of Current Planning, Jonas P. Ionin – Commission Secretary","Tanner, Moore, Braun, Diamond, Imperial, Koppel, Ruiz",https://citypln-m-extnl.sfgov.org/Commissions/Agenda_or_Minutes/20230223_cal_min.pdf,44
2023-03-02,regular,20230302_cal_min.pdf,13:00,16:10,19,17,"Aaron Starr, AnMarie Rodgers, Danielle Ngo, Amnon Ben-Pazi, Alex Westhoff, Ella Samonsky, Ryan Balba, David Winslow, Liz Watty – Director of Current Planning, Rich Hillis – Planning Director, Jonas P. Ionin – Commission Secretary","Tanner, Moore, Braun, Diamond, Imperial, Koppel",https://citypln-m-extnl.sfgov.org/Commissions/Agenda_or_Minutes/20230302_cal_min.pdf,30
2023-03-09,regular,20230309_cal_min.pdf,13:00,19:34,17,13,"Aaron Starr, Dakota Spycher, Mat Snyder, Vincent Page, Nick Foster, David Winslow, Liz Watty – Director of Current Planning, Jonas P. Ionin – Commission Secretary","Tanner, Moore, Braun, Diamond, Imperial",https://citypln-m-extnl.sfgov.org/Commissions/Agenda_or_Minutes/20230309_cal_min.pdf,142
2023-03-16,regular,20230316_cal_min.pdf,13:00,15:11,18,13,"Joshua Switzky, Aaron Starr, Kimberley Durandet, Sherie George, Joy Navarrete, Lauren Bihl, Lisa Gibson, Laura Ajello, Kalyani Agnihotri, David Winslow, Liz Watty – Director of Current Planning, Rich Hillis – Planning Director, Jonas P. Ionin – Commission Secretary","Tanner, Moore, Braun, Diamond, Imperial, Koppel",https://citypln-m-extnl.sfgov.org/Commissions/Agenda_or_Minutes/20230316_cal_min.pdf,25
2023-03-23,regular,20230323_cal_min.pdf,13:00,15:43,17,13,"Aaron Starr, Mathew Chandler, Carly Grob, Tolu Atoyebi, Gabriela Pantoja, David Winslow, Richard Sucre – Deputy Director of Current Planning, Jonas P. Ionin – Commission Secretary","Tanner, Moore, Braun, Diamond, Imperial, Koppel",https://citypln-m-extnl.sfgov.org/Commissions/Agenda_or_Minutes/20230323_cal_min.pdf,24
2023-03-30,regular,20230330_cal_min.pdf,13:00,16:43,25,24,"Mat Snyder, Joseph Sacchi, Rogelio Baeza, Matt Dito, Christy Alexander, Nick Foster, David Winslow, Liz Watty – Director of Current Planning, Rich Hillis – Planning Director, Jonas P. Ionin – Commission Secretary","Tanner, Moore, Braun, Diamond, Imperial, Koppel",https://citypln-m-extnl.sfgov.org/Commissions/Agenda_or_Minutes/20230330_cal_min.pdf,131
2023-04-20,regular,20230420_cal_min.pdf,13:00,18:31,18,16,"Aaron Starr, Mat Snyder, Lily Langlois, Christopher May, Lisa Gibson, Jeff Horn, Nick Foster, Trent Greenan, Liz Watty – Director of Current Planning, Rich Hillis – Planning Director, Laura Lynch – Acting Commission Secretary","Tanner, Moore, Braun, Diamond, Imperial, Koppel",https://citypln-m-extnl.sfgov.org/Commissions/Agenda_or_Minutes/20230420_cal_min.pdf,176
2023-04-27,regular,20230427_cal_min.pdf,13:00,16:45,13,10,"Aaron Starr, AnMarie Rodgers, Julia Sabory, Lisa Chen, James Pappas, Miriam Chion, Ryan Balba, David Winslow, Liz Watty – Director of Current Planning, Rich Hillis – Planning Director, Laura Lynch – Acting Commission Secretary","Tanner, Moore, Braun, Diamond, Imperial, Koppel",https://citypln-m-extnl.sfgov.org/Commissions/Agenda_or_Minutes/20230427_cal_min.pdf,45
2023-05-04,regular,20230504_cal_min.pdf,13:00,17:58,18,15,"Aaron Starr, Maggie Laush, Veronica Flores, Audrey Merlone, Lily Langlois, Ryan Balba, Gabriela Pantoja, AnMarie Rodgers, Carly Grob, Corey Teague – Zoning Administrator, Liz Watty – Director of Current Planning, Jonas P. Ionin – Commission Secretary","Tanner, Moore, Braun, Diamond, Imperial, Koppel",https://citypln-m-extnl.sfgov.org/Commissions/Agenda_or_Minutes/20230504_cal_min.pdf,121
2023-05-11,special,20230511_jntbic_cal_min.pdf,13:00,15:35,1,1,"Michael Christensen- Permit Center, Liz Watty – Director of Current Planning, Jonas P. Ionin – Commission Secretary","Tanner, Moore, Braun, Diamond, Imperial, Koppel",https://citypln-m-extnl.sfgov.org/Commissions/Agenda_or_Minutes/20230511_jntbic_cal_min.pdf,34
2023-05-11,special,20230511_jnthealth_cal_min.pdf,10:00,11:59,2,1,"Elizabeth Purl, Liz Watty – Director of Current Planning, Jonas P. Ionin – Commission Secretary","Tanner, Moore, Braun, Diamond, Imperial, Koppel",https://citypln-m-extnl.sfgov.org/Commissions/Agenda_or_Minutes/20230511_jnthealth_cal_min.pdf,34
2023-05-25,regular,20230525_cal_min.pdf,13:00,14:15,8,7,"Aaron Starr, Vincent Page, Gretel Gunther, Jeff Horn, Allison Vanderslice, Dan Sider, Liz Watty – Director of Current Planning, Rich Hillis – Planning Director, Jonas P. Ionin – Commission Secretary","Tanner, Moore, Braun, Diamond, Imperial, Koppel",https://citypln-m-extnl.sfgov.org/Commissions/Agenda_or_Minutes/20230525_cal_min.pdf,15
2023-06-01,regular,20230601_cal_min.pdf,13:00,17:00,14,11,"Veronica Flores, Aaron Starr, Tania Sheyner, Matt Dito, Corey Teague – Zoning Administrator, Liz Watty – Director of Current Planning, Rich Hillis – Planning Director, Jonas P. Ionin – Commission Secretary","Tanner, Moore, Braun, Diamond, Imperial, Koppel",https://citypln-m-extnl.sfgov.org/Commissions/Agenda_or_Minutes/20230601_cal_min.pdf,51
2023-06-15,special,20230615_jnthpc_cal_min.pdf,11:00,18:43,22,18,"Audrey Merlone, Alex Westhoff, Kelly Wong, Veronica Flores, Rich Hillis – Planning Director, Liz Watty – Director of Current Planning, Jonas P. Ionin – Commission Secretary","Tanner, Moore, Braun, Diamond, Imperial, Koppel",https://citypln-m-extnl.sfgov.org/Commissions/Agenda_or_Minutes/20230615_jnthpc_cal_min.pdf,469
2023-06-29,regular,20230629_cal_min.pdf,13:00,20:53,24,19,"Aaron Starr, Matt Dito, Monica Giacomucci, Xinyu Liang, Claire Feeney, Chris May, David Winslow, Corey Teague – Zoning Administrator, Rich Hillis – Planning Director, Liz Watty – Director of Current Planning, Jonas P. Ionin – Commission Secretary","Tanner, Moore, Braun, Diamond, Imperial, Koppel",https://citypln-m-extnl.sfgov.org/Commissions/Agenda_or_Minutes/20230629_cal_min.pdf,134
2023-07-13,regular,20230713_cal_min.pdf,13:00,17:12,21,17,"Dan Sider, Lily Langlois, Kate Conner, Carly Grob, Jeff Horn, Dakota Spycher, David Winslow, Rich Hillis – Planning Director, Liz Watty – Director of Current Planning, Jonas P. Ionin – Commission Secretary","Tanner, Braun, Diamond, Imperial, Koppel, Ruiz",https://citypln-m-extnl.sfgov.org/Commissions/Agenda_or_Minutes/20230713_cal_min.pdf,59
2023-07-20,regular,20230720_cal_min.pdf,12:00,14:56,18,16,"Aaron Starr, Audrey Merlone, Miriam Chion, Julia Sabory, Christy Alexander, Jeff Horn, Claire Feeney, Alex Westhoff, Rich Hillis – Planning Director, Liz Watty – Director of Current Planning, Jonas P. Ionin – Commission Secretary","Tanner, Braun, Diamond, Imperial, Koppel, Ruiz",https://citypln-m-extnl.sfgov.org/Commissions/Agenda_or_Minutes/20230720_cal_min.pdf,30
2023-07-27,regular,20230727_cal_min.pdf,12:00,15:38,19,18,"Lisa Chen, Joshua Switzky, Kalyani Agnihotri, Gabriela Pantoja, Monica Giacomucci, Trent Greenan, Richard Sucre - Deputy Director of Current Planning, Laura Lynch – Acting Commission Secretary","Tanner, Braun, Diamond, Imperial, Koppel, Ruiz",https://citypln-m-extnl.sfgov.org/Commissions/Agenda_or_Minutes/20230727_cal_min.pdf,102
2023-09-07,regular,20230907_cpc_min.pdf,13:00,18:05,20,14,"Aaron Starr, Ryan Balba, Dakota Spycher, Veronica Flores, Lisa Gibson, Kate Conner, Corey Teague – Zoning Administrator, Rich Hillis – Planning Director, Liz Watty – Director Of Current Planning, Jonas P. Ionin – Commission Secretary","TANNER, MOORE, BRAUN, DIAMOND, IMPERIAL, KOPPEL, RUIZ",https://citypln-m-extnl.sfgov.org/Commissions/Agenda_or_Minutes/20230907_cpc_min.pdf,53
2023-09-14,regular,20230914_cpc_min.pdf,13:00,15:41,21,13,"Aaron Starr, Mat Snyder, Patrick Race, Lily Langlois, Florentina Craciun, Rich Hillis – Planning Director, Liz Watty – Director Of Current Planning, Jonas P. Ionin – Commission Secretary","TANNER, MOORE, BRAUN, DIAMOND, IMPERIAL, KOPPEL, RUIZ",https://citypln-m-extnl.sfgov.org/Commissions/Agenda_or_Minutes/20230914_cpc_min.pdf,41
2023-09-28,regular,20230928_cpc_min.pdf,13:00,16:58,26,19,"Aaron Starr, Veronica Flores, Natalia Fossi, Julie Moore, Danielle Ngo, Ashley Lindsay, Kalyani Agnihotri, Sharon Young, David Winslow, Liz Watty – Director of Current Planning, Rich Hillis – Planning Director, Jonas P. Ionin – Commission Secretary","TANNER, MOORE, BRAUN, DIAMOND, IMPERIAL, KOPPEL, RUIZ",https://citypln-m-extnl.sfgov.org/Commissions/Agenda_or_Minutes/20230928_cpc_min.pdf,57
2023-10-19,regular,20231019_cpc_min.pdf,12:00,13:58,31,25,"Aaron Starr, Katie Lei, Mat Snyder, Liz Watty – Director of Current Planning, Rich Hillis – Planning Director, Jonas P. Ionin – Commission Secretary","MOORE, BRAUN, IMPERIAL, KOPPEL, RUIZ",https://citypln-m-extnl.sfgov.org/Commissions/Agenda_or_Minutes/20231019_cpc_min.pdf,16
2023-10-26,regular,20231026_cpc_min.pdf,12:00,17:15,27,20,"Aaron Starr, Veronica Flores, Audrey Merlone, Trent Greenan, Dakota Spycher, Christy Alexander, Kalyani Agnihotri, Ella Samonsky, Carly Grob, Corey Teague – Zoning Administrator, Richard Sucre – Deputy Director of Current Planning, Rich Hillis – Planning Director, Jonas P. Ionin – Commission Secretary","TANNER, MOORE, BRAUN, DIAMOND, IMPERIAL, KOPPEL",https://citypln-m-extnl.sfgov.org/Commissions/Agenda_or_Minutes/20231026_cpc_min.pdf,80
2023-11-02,regular,20231102_cpc_min.pdf,12:00,16:04,30,21,"Aaron Starr, Gabriela Pantoja, Jeffrey Horn, Gretel Gunther, Sharon Young, Natalia Fossi, Michelle Taylor, David Winslow, Corey Teague – Zoning Administrator, Rich Hillis – Planning Director, Richard Sucre– Deputy Director Of Current Planning, Jonas P. Ionin – Commission Secretary","TANNER, MOORE, BRAUN, DIAMOND, IMPERIAL, KOPPEL, RUIZ",https://citypln-m-extnl.sfgov.org/Commissions/Agenda_or_Minutes/20231102_cpc_min.pdf,86
2023-11-09,regular,20231109_cpc_min.pdf,12:00,17:20,20,14,"Veronica Flores, Lily Langlois, Allison Albericci, Alex Westhoff, Sylvia Jimenez, Jonathan Vimr, Michelle Taylor, David Winslow, Corey Teague – Zoning Administrator, Rich Hillis – Planning Director, Richard Sucre– Deputy Director Of Current Planning, Jonas P. Ionin – Commission Secretary","TANNER, MOORE, BRAUN, DIAMOND, IMPERIAL, KOPPEL, RUIZ",https://citypln-m-extnl.sfgov.org/Commissions/Agenda_or_Minutes/20231109_cpc_min.pdf,93
2023-11-16,regular,20231116_cpc_min.pdf,10:00,12:07,21,14,"Aaron Starr, Jenny Delumo, Kimberly Durandet, Gabriela Pantoja, Corey Teague – Zoning Administrator, Rich Hillis – Planning Director, Elizabeth Watty –Director of Current Planning, Jonas P. Ionin – Commission Secretary","TANNER, MOORE, BRAUN, DIAMOND, IMPERIAL, KOPPEL, RUIZ",https://citypln-m-extnl.sfgov.org/Commissions/Agenda_or_Minutes/20231116_cpc_min.pdf,25
2023-11-30,regular,20231130_cpc_min.pdf,12:00,16:11,24,18,"Aaron Starr, Veronica Flores, Lisa Chen, Trent Greenan, Joshua Switzky, Dan Sider, Kelly Wong, Mathew Chandler, David Winslow, Corey Teague – Zoning Administrator, Elizabeth Watty – Director of Current Planning, Rich Hillis – Planning Director, Jonas P. Ionin – Commission Secretary","TANNER, BRAUN, RUIZ, DIAMOND, IMPERIAL, KOPPEL",https://citypln-m-extnl.sfgov.org/Commissions/Agenda_or_Minutes/20231130_cpc_min.pdf,38
2023-12-07,regular,20231207_cpc_min.pdf,12:00,17:09,21,15,"Aaron Starr, Michelle Taylor, Kate Conner, Dan Sider, Patrick Race, Kalyani Agnihotri, Laura Ajello, David Winslow, Rich Hillis – Planning Director, Elizabeth Watty –Director of Current Planning, Jonas P. Ionin – Commission Secretary","TANNER, MOORE, BRAUN, DIAMOND, IMPERIAL, KOPPEL, RUIZ",https://citypln-m-extnl.sfgov.org/Commissions/Agenda_or_Minutes/20231207_cpc_min.pdf,70
2023-12-14,regular,20231214_cpc_min.pdf,12:00,17:31,27,20,"Aaron Starr, Audrey Merlone, Monica Giacomucci, Dan Sider, Kate Conner, Claire Feeney, Nicholas Foster, David Winslow, Corey Teague – Zoning Administrator, Elizabeth Watty – Director of Current Planning, Rich Hillis – Planning Director, Jonas P. Ionin – Commission Secretary","TANNER, MOORE, BRAUN, DIAMOND, IMPERIAL, KOPPEL, RUIZ",https://citypln-m-extnl.sfgov.org/Commissions/Agenda_or_Minutes/20231214_cpc_min.pdf,102
2023-12-14,special,20231214_RecParkjnthrng_min.pdf,10:02,11:28,5,4,"Claire Feeney, Elizabeth Watty – Director of Current Planning, Rich Hillis – Planning Director, Jonas P. Ionin – Commission Secretary","Tanner, Moore, Braun, Diamond, Imperial, Koppel, Ruiz",https://citypln-m-extnl.sfgov.org/Commissions/Agenda_or_Minutes/20231214_RecParkjnthrng_min.pdf,102
2024-01-11,regular,20240111_cpc_min.pdf,12:00,13:58,22,15,"Aaron Starr, Joseph Sacchi, Jennifer McKellar, Gabriela Pantoja, Liz White, Chelsea Fordham, Corey Teague, Zoning Administrator, Elizabeth Watty – Director of Current Planning, Rich Hillis – Planning Director, Jonas P. Ionin – Commission Secretary","TANNER, MOORE, BRAUN, DIAMOND, IMPERIAL, KOPPEL, RUIZ",https://citypln-m-extnl.sfgov.org/Commissions/Agenda_or_Minutes/20240111_cpc_min.pdf,59
2024-01-18,regular,20240118_cpc_min.pdf,12:00,14:52,20,13,"Aaron Starr, Audrey Merlone, Veronica Flores, Monica Giacomucci, Claire Feeney, Corey Teague, Zoning Administrator, David Winslow, Elizabeth Watty – Director of Current Planning, Rich Hillis – Planning Director, Jonas P. Ionin – Commission Secretary","TANNER, MOORE, BRAUN, DIAMOND, IMPERIAL, KOPPEL, RUIZ",https://citypln-m-extnl.sfgov.org/Commissions/Agenda_or_Minutes/20240118_cpc_min.pdf,29
2024-01-25,regular,20240125_cpc_min.pdf,12:00,14:34,23,17,"Aaron Starr, Kurt Botn, Katie Lei, Gabriela Pantoja, Maggie Laush, Ella Samonsky, Elizabeth Watty – Director of Current Planning, Rich Hillis – Planning Director, Jonas P. Ionin – Commission Secretary","Moore, Braun, Imperial, Koppel, Ruiz",https://citypln-m-extnl.sfgov.org/Commissions/Agenda_or_Minutes/20240125_cpc_min.pdf,46
2024-02-01,regular,20240201_cpc_min.pdf,12:00,18:15,26,17,"Aaron Starr, Audrey Merlone, Veronica Flores, Lisa Chen, Josh Switzky, Rachel Schuett, Jeff Horn, Gabriela Pantoja, Matt Dito, Laura Ajello, Corey Teague - Zoning Administrator, Trent Greenan, Elizabeth Watty – Director of Current Planning, Rich Hillis – Planning Director, Jonas P. Ionin – Commission Secretary","DIAMOND, MOORE, BRAUN, IMPERIAL, KOPPEL, RUIZ",https://citypln-m-extnl.sfgov.org/Commissions/Agenda_or_Minutes/20240201_cpc_min.pdf,94
2024-02-08,regular,20240208_cpc_min.pdf,12:00,16:23,15,10,"Aaron Starr, Audrey Merlone, Kimia Haddadan, Veronica Flores, Tam Tran, Katie Lei, Jeff Horn, Matt Dito, David Winslow, Corey Teague – Zoning Administrator, Elizabeth Watty – Director of Current Planning, Rich Hillis – Planning Director, Jonas P. Ionin – Commission Secretary","Diamond, Moore, Braun, Imperial, Koppel, Ruiz",https://citypln-m-extnl.sfgov.org/Commissions/Agenda_or_Minutes/20240208_cpc_min.pdf,45
2024-02-15,regular,20240215_cpc_min.pdf,12:00,13:11,14,8,"Audrey Merlone, Elizabeth Mau, David Winslow, Elizabeth Watty – Director of Current Planning, Rich Hillis – Planning Director, Jonas P. Ionin – Commission Secretary","DIAMOND, MOORE, BRAUN, IMPERIAL, KOPPEL",https://citypln-m-extnl.sfgov.org/Commissions/Agenda_or_Minutes/20240215_cpc_min.pdf,19
2024-02-22,regular,20240222_cpc_min.pdf,12:00,15:29,20,12,"Rebecca Salgado, Veronica Flores, Aaron Starr, Alex Westhoff, Dakota Spycher, Michelle Taylor, David Winslow, Corey Teague – Zoning Administrator, Richard Sucre – Deputy Director of Current Planning, Jonas P. Ionin – Commission Secretary","DIAMOND, MOORE, BRAUN, IMPERIAL, KOPPEL",https://citypln-m-extnl.sfgov.org/Commissions/Agenda_or_Minutes/20240222_cpc_min.pdf,56
2024-02-29,regular,20240229_cpc_min.pdf,12:00,15:18,23,16,"Aaron Starr, Matt Dito, Corey Teague – Zoning Administrator, Richard Sucre – Deputy Director of Current Planning, Rich Hillis – Planning Director, Jonas P. Ionin – Commission Secretary","DIAMOND, MOORE, BRAUN, IMPERIAL, KOPPEL, RUIZ",https://citypln-m-extnl.sfgov.org/Commissions/Agenda_or_Minutes/20240229_cpc_min.pdf,30
2024-03-07,regular,20240307_cpc_min.pdf,12:00,13:44,19,12,"Aaron Starr, Tolu Atoyebi, David Winslow, Corey Teague – Zoning Administrator, Elizabeth Watty – Director of Current Planning, Jonas P. Ionin – Commission Secretary","DIAMOND, MOORE, BRAUN, IMPERIAL, KOPPEL",https://citypln-m-extnl.sfgov.org/Commissions/Agenda_or_Minutes/20240307_cpc_min.pdf,42
2024-03-14,regular,20240314_cpc_min.pdf,12:00,14:02,16,10,"Veronica Flores, Danielle Ngo, David Winslow, Corey Teague – Zoning Administrator, Rich Hillis – Planning Director, Jonas P. Ionin – Commission Secretary","DIAMOND, MOORE, BRAUN, IMPERIAL, KOPPEL, WILLIAMS",https://citypln-m-extnl.sfgov.org/Commissions/Agenda_or_Minutes/20240314_cpc_min.pdf,17
2024-03-21,regular,20240321_cpc_min.pdf,12:00,12:39,16,11,"Aaron Starr, Jeff Horn, Corey Teague – Zoning Administrator, Elizabeth Watty – Director of Current Planning, Jonas P. Ionin – Commission Secretary","DIAMOND, MOORE, BRAUN, IMPERIAL, KOPPEL, WILLIAMS",https://citypln-m-extnl.sfgov.org/Commissions/Agenda_or_Minutes/20240321_cpc_min.pdf,6
2024-04-04,regular,20240404_cpc_min.pdf,12:00,16:46,22,16,"Aaron Starr, Jessica Look, Kalyani Agnihotri, Elizabeth Purl, Charles Enchill, David Winslow, Corey Teague – Zoning Administrator, Elizabeth Watty – Director of Current Planning, Rich Hillis – Planning Director, Jonas P. Ionin – Commission Secretary","DIAMOND, MOORE, BRAUN, IMPERIAL, KOPPEL, WILLIAMS",https://citypln-m-extnl.sfgov.org/Commissions/Agenda_or_Minutes/20240404_cpc_min.pdf,102
2024-04-11,regular,20240411_cpc_min.pdf,12:00,13:22,13,6,"Michelle Taylor, Kalyani Agnihotri, Elizabeth Watty – Director of Current Planning, Jonas P. Ionin – Commission Secretary","DIAMOND, MOORE, BRAUN, IMPERIAL, KOPPEL, WILLIAMS",https://citypln-m-extnl.sfgov.org/Commissions/Agenda_or_Minutes/20240411_cpc_min.pdf,14
2024-04-25,regular,20240425_cpc_min.pdf,12:00,14:53,30,24,"Aaron Starr, Mat Snyder, Gretel Gunther, David Winslow, Corey Teague – Zoning Administrator, Elizabeth Watty – Director of Current Planning, Rich Hillis – Planning Director, Jonas P. Ionin – Commission Secretary","DIAMOND, MOORE, BRAUN, IMPERIAL, KOPPEL, WILLIAMS",https://citypln-m-extnl.sfgov.org/Commissions/Agenda_or_Minutes/20240425_cpc_min.pdf,19
2024-05-02,regular,20240502_cpc_min.pdf,12:00,14:53,18,11,"Veronica Flores, Gabriela Pantoja, Dan Sider, David Winslow, Laura Ajello, Matthew Chandler, Ella Samonsky, Corey Teague – Zoning Administrator, Richard Sucre – Deputy Director of Current Planning, Rich Hillis – Planning Director, Jonas P. Ionin – Commission Secretary","DIAMOND, MOORE, BRAUN, IMPERIAL, KOPPEL, WILLIAMS",https://citypln-m-extnl.sfgov.org/Commissions/Agenda_or_Minutes/20240502_cpc_min.pdf,41
2024-05-09,regular,20240509_cpc_min.pdf,12:00,15:44,27,21,"Audrey Merlone, Lizzie Mau, David Winslow, Patrick Race, Josh Pollak, Kei Zushi, Rachael Tanner, Rich Sucre – Deputy Director of Current Planning, Rich Hillis – Planning Director, Jonas P. Ionin – Commission Secretary","DIAMOND, MOORE, BRAUN, IMPERIAL, KOPPEL, SO, WILLIAMS",https://citypln-m-extnl.sfgov.org/Commissions/Agenda_or_Minutes/20240509_cpc_min.pdf,41
2024-05-23,regular,20240523_closed_min.pdf,12:00,13:04,1,1,"Maggie Laush, Elizabeth Watty –Director of Current Planning, Rich Hillis – Planning Director, Jonas P. Ionin – Commission Secretary","DIAMOND, MOORE, BRAUN, IMPERIAL, SO, WILLIAMS",https://citypln-m-extnl.sfgov.org/Commissions/Agenda_or_Minutes/20240523_closed_min.pdf,53
2024-05-23,regular,20240523_cpc_min.pdf,12:30,18:31,22,14,"Veronica Flores, Audrey Merlone, Kate Conner, Maggie Laush, Elizabeth Mau, Matt Dito, Elizabeth Watty – Director of Current Planning, Rich Hillis – Planning Director, Jonas P. Ionin – Commission Secretary","DIAMOND, MOORE, BRAUN, IMPERIAL, SO, WILLIAMS",https://citypln-m-extnl.sfgov.org/Commissions/Agenda_or_Minutes/20240523_cpc_min.pdf,53
2024-06-06,regular,20240606_cpc_min.pdf,12:00,16:40,19,12,"Aaron Starr, Tina Tam, Richard Sucre, Rachael Tanner, Lisa Chen, Trent Greenan, Joshua Switzky, Elizabeth Watty – Director of Current Planning, Rich Hillis – Planning Director, Jonas P. Ionin – Commission Secretary","DIAMOND, MOORE, IMPERIAL, KOPPEL, SO, WILLIAMS",https://citypln-m-extnl.sfgov.org/Commissions/Agenda_or_Minutes/20240606_cpc_min.pdf,44
2024-06-13,regular,20240613_cpc_min.pdf,12:00,16:04,20,12,"Aaron Starr, Ella Samonsky, Charles Enchill, Gabriela Pantoja, Elizabeth Watty – Director of Current Planning, Jonas P. Ionin – Commission Secretary","DIAMOND, MOORE, BRAUN, IMPERIAL, KOPPEL, SO, WILLIAMS",https://citypln-m-extnl.sfgov.org/Commissions/Agenda_or_Minutes/20240613_cpc_min.pdf,65
2024-06-20,regular,20240620_cpc_min.pdf,12:00,14:13,23,16,"Audrey Merlone, Monica Giacomucci, Elizabeth Mau, Corey Teague – Zoning Administrator, Elizabeth Watty – Director of Current Planning, Rich Hillis – Planning Director, Jonas P. Ionin – Commission Secretary","DIAMOND, MOORE, BRAUN, IMPERIAL, KOPPEL, WILLIAMS",https://citypln-m-extnl.sfgov.org/Commissions/Agenda_or_Minutes/20240620_cpc_min.pdf,27
2024-07-18,regular,20240718_cpc_min.pdf,12:00,13:37,22,16,"Audrey Merlone, Dan Sider, Kalyani Agnihotri, John Dacey, Corey Teague – Zoning Administrator, Elizabeth Watty – Director of Current Planning, Jonas P. Ionin – Commission Secretary","DIAMOND, MOORE, BRAUN, IMPERIAL, SO, WILLIAMS",https://citypln-m-extnl.sfgov.org/Commissions/Agenda_or_Minutes/20240718_cpc_min.pdf,14
2024-07-25,regular,20240725_cpc_min.pdf,12:00,16:44,14,7,"Ada Tan, Kate Conner, Andrew Perry, Allison Albericci, Rebecca Salgado, Elizabeth Watty – Director of Current Planning, Jonas P. Ionin – Commission Secretary","MOORE, BRAUN, IMPERIAL, SO, WILLIAMS",https://citypln-m-extnl.sfgov.org/Commissions/Agenda_or_Minutes/20240725_cpc_min.pdf,47
2024-08-01,regular,20240801_cpc_min.pdf,12:00,14:54,21,14,"Aaron Starr, Audrey Merlone, Veronica Flores, Joshua Switzky, Maggie Laush, Elizabeth Watty – Director of Current Planning, Jonas P. Ionin – Commission Secretary","DIAMOND, MOORE, BRAUN, IMPERIAL, MCGARRY, SO, WILLIAMS",https://citypln-m-extnl.sfgov.org/Commissions/Agenda_or_Minutes/20240801_cpc_min.pdf,25
2024-09-12,regular,20240912_cpc_min.pdf,12:00,16:15,24,16,"Mathew Snyder, Rachael Tanner, Elizabeth Watty – Director of Current Planning, Rich Hillis – Planning Director, Jonas P. Ionin – Commission Secretary","MOORE, BRAUN, CAMPBELL, IMPERIAL, MCGARRY, SO, WILLIAMS",https://citypln-m-extnl.sfgov.org/Commissions/Agenda_or_Minutes/20240912_cpc_min.pdf,90
2024-09-19,regular,20240919_cpc_min.pdf,12:00,16:29,24,16,"Aaron Starr, Veronica Flores, Rebecca Salgado, John Dacey, Joseph Sacchi, Edgar Oropeza, Corey Teague - Zoning Administrator, Elizabeth Watty – Director of Current Planning, Rich Hillis – Planning Director, Jonas P. Ionin – Commission Secretary","MOORE, BRAUN, CAMPBELL, IMPERIAL, MCGARRY, SO, WILLIAMS",https://citypln-m-extnl.sfgov.org/Commissions/Agenda_or_Minutes/20240919_cpc_min.pdf,65
2024-09-26,regular,20240926_cpc_min.pdf,12:00,16:32,17,9,"Aaron Starr, Danielle Ngo, Megan Calpin, Dakota Spycher, David Winslow, Rachael Tanner, Elizabeth Watty – Director of Current Planning, Rich Hillis – Planning Director, Jonas P. Ionin – Commission Secretary","SO, MOORE, BRAUN, CAMPBELL, IMPERIAL, MCGARRY, WILLIAMS",https://citypln-m-extnl.sfgov.org/Commissions/Agenda_or_Minutes/20240926_cpc_min.pdf,38
2024-10-10,regular,20241010_cpc_min.pdf,12:00,16:08,17,10,"Aaron Starr, Veronica Flores, Rogelio Baeza, Kalyani Agnihotri, Ella Samonsky, Rich Hillis – Planning Director, Jonas P. Ionin – Commission Secretary","SO, MOORE, CAMPBELL, IMPERIAL, MCGARRY, WILLIAMS",https://citypln-m-extnl.sfgov.org/Commissions/Agenda_or_Minutes/20241010_cpc_min.pdf,30
2024-10-17,regular,20241017_cpc_min.pdf,12:00,20:19,25,16,"Aaron Starr, Jeff Horn, Vincent Page, Kurt Botn, Claudia Asbagh, Charles Enchill, David Winslow, Corey Teague – Zoning Administrator, Elizabeth Watty – Director of Current Planning, Rich Hillis – Planning Director, Jonas P. Ionin – Commission Secretary","SO, MOORE, BRAUN, CAMPBELL, MCGARRY, WILLIAMS",https://citypln-m-extnl.sfgov.org/Commissions/Agenda_or_Minutes/20241017_cpc_min.pdf,106
2024-10-24,regular,20241024_cpc_min.pdf,12:00,15:55,22,15,"Aaron Starr, Audrey Merlone, Heather Samuels, Vincent Page, Elizabeth Watty – Director of Current Planning, Rich Hillis – Planning Director, Jonas P. Ionin – Commission Secretary","SO, MOORE, CAMPBELL, BRAUN, MCGARRY, WILLIAMS",https://citypln-m-extnl.sfgov.org/Commissions/Agenda_or_Minutes/20241024_cpc_min.pdf,66
2024-11-07,regular,20241107_cpc_min.pdf,12:00,15:40,26,16,"Aaron Starr, Audrey Merlone, Joshua Switzky, Monica Giacomucci, Maggie Laush, Elizabeth Watty – Director of Current Planning, Rich Hillis – Planning Director, Jonas P. Ionin – Commission Secretary","SO, MOORE, CAMPBELL, BRAUN, IMPERIAL, MCGARRY, WILLIAMS",https://citypln-m-extnl.sfgov.org/Commissions/Agenda_or_Minutes/20241107_cpc_min.pdf,69
2024-11-14,regular,20241114_cpc_min.pdf,12:00,18:02,21,15,"Aaron Starr, Audrey Merlone, Reanna Tong, Trent Greenan, Kimia Haddadan, Jeff Horn, Monica Giacomucci, Miriam Chion – Director of Community Equity, Rachael Tanner – Director of Citywide Planning, Elizabeth Watty – Director of Current Planning, Rich Hillis – Planning Director, Jonas P. Ionin – Commission Secretary","SO, CAMPBELL, BRAUN, IMPERIAL, MCGARRY, WILLIAMS",https://citypln-m-extnl.sfgov.org/Commissions/Agenda_or_Minutes/20241114_cpc_min.pdf,70
2024-11-21,regular,20241121_cpc_min.pdf,12:00,12:50,20,12,"Aaron Starr, Ada Tan, Maggie Laush, Elizabeth Watty – Director of Current Planning, Rich Hillis – Planning Director, Jonas P. Ionin – Commission Secretary","SO, BRAUN, CAMPBELL, IMPERIAL, WILLIAMS",https://citypln-m-extnl.sfgov.org/Commissions/Agenda_or_Minutes/20241121_cpc_min.pdf,6
2024-12-05,regular,20241205_cpc_min.pdf,12:00,16:06,17,11,"Aaron Starr, Audrey Merlone, Veronica Flores, Oscar Grande, Malena Leon-Farrera, Monica Giacomucci, Gabriela Pantoja, Elizabeth Watty – Director of Current Planning, Rich Hillis – Planning Director, Jonas P. Ionin – Commission Secretary","SO, MOORE, CAMPBELL, BRAUN, IMPERIAL, WILLIAMS",https://citypln-m-extnl.sfgov.org/Commissions/Agenda_or_Minutes/20241205_cpc_min.pdf,61
2024-12-12,regular,20241212_cpc_min.pdf,12:00,15:50,22,16,"Aaron Starr, Michelle Langlie, Veronica Flores, Lily Langlois, Joseph Sacchi, Matt Dito, Corey Teague – Zoning Administrator, Elizabeth Watty – Director of Current Planning, Rich Hillis – Planning Director, Jonas P. Ionin – Commission Secretary","SO, MOORE, BRAUN, CAMPBELL, IMPERIAL, MCGARRY, WILLIAMS",https://citypln-m-extnl.sfgov.org/Commissions/Agenda_or_Minutes/20241212_cpc_min.pdf,34
2025-01-09,regular,20250109_cpc_min.pdf,12:00,15:00,21,14,"Audrey Merlone, Allison Albericci, Gabriela Pantoja, David Winslow, Rachael Tanner – Director of Citywide Planning, Elizabeth Watty – Director of Current Planning, Rich Hillis – Planning Director, Jonas P. Ionin – Commission Secretary","SO, MOORE, BRAUN, CAMPBELL, IMPERIAL, MCGARRY, WILLIAMS",https://citypln-m-extnl.sfgov.org/Commissions/Agenda_or_Minutes/20250109_cpc_min.pdf,31
2025-01-16,regular,20250116_cpc_min.pdf,12:00,16:28,15,9,"Aaron Starr, Carla De Mesa, Lisa Gibson, Richard Sucre, David Winslow, Miriam Chion – Director of Community Equity, Rachael Tanner – Director of Citywide Planning, Elizabeth Watty – Director of Current Planning, Rich Hillis – Planning Director, Jonas P. Ionin – Commission Secretary","SO, MOORE, BRAUN, CAMPBELL, IMPERIAL, MCGARRY, WILLIAMS",https://citypln-m-extnl.sfgov.org/Commissions/Agenda_or_Minutes/20250116_cpc_min.pdf,28
2025-01-23,regular,20250123_cpc_min.pdf,12:00,18:11,20,15,"Deborah Landis, Lisa Chen, Malena Leon-Farrera, Monica Giacomucci, Michelle Taylor, Rachael Tanner – Director of Citywide Planning, Corey Teague – Zoning Administrator, Elizabeth Watty – Director of Current Planning, Rich Hillis – Planning Director, Jonas P. Ionin – Commission Secretary","SO, MOORE, BRAUN, CAMPBELL, IMPERIAL, MCGARRY",https://citypln-m-extnl.sfgov.org/Commissions/Agenda_or_Minutes/20250123_cpc_min.pdf,72
2025-02-06,regular,20250206_cpc_min.pdf,14:00,21:21,20,14,"Aaron Starr, Veronica Flores, Mathew Chandler, David Winslow, Kate Conner, Ella Samonsky, Corey Teague – Zoning Administrator, Rich Hillis – Planning Director, Richard Sucre – Acting Commission Secretary","SO, MOORE, BRAUN, CAMPBELL, IMPERIAL, MCGARRY, WILLIAMS",https://citypln-m-extnl.sfgov.org/Commissions/Agenda_or_Minutes/20250206_cpc_min.pdf,121
2025-02-13,regular,20250213_cpc_min.pdf,12:00,15:12,15,9,"Audrey Merlone, Thomas DiSanto, Kurt Botn, Claudine Asbagh, Kalyani Agnihotri, Elizabeth Watty – Director of Current Planning, Rich Hillis – Planning Director, Jonas P. Ionin – Commission Secretary","SO, MOORE, BRAUN, CAMPBELL, MCGARRY, WILLIAMS",https://citypln-m-extnl.sfgov.org/Commissions/Agenda_or_Minutes/20250213_cpc_min.pdf,44
2025-02-27,regular,20250227_cpc_min.pdf,12:00,17:06,27,19,"Aaron Starr, Gretel Gunther, Michelle Taylor, Lisa Chen, Malena Leon-Farrera, Kate Conner, Rachael Tanner - Director of Citywide Planning, Elizabeth Watty – Director of Current Planning, Rich Hillis – Planning Director, Jonas P. Ionin - Commission Secretary","SO, MOORE, BRAUN, CAMPBELL, IMPERIAL, MCGARRY, WILLIAMS",https://citypln-m-extnl.sfgov.org/Commissions/Agenda_or_Minutes/20250227_cpc_min.pdf,75
2025-03-06,regular,20250306_closed_min.pdf,11:00,11:45,1,1,"Aaron Starr, Elizabeth Watty – Director of Current Planning, Rich Hillis – Planning Director, Jonas P. Ionin – Commission Secretary","SO, MOORE, BRAUN, CAMPBELL, IMPERIAL, MCGARRY, WILLIAMS",https://citypln-m-extnl.sfgov.org/Commissions/Agenda_or_Minutes/20250306_closed_min.pdf,20
2025-03-06,regular,20250306_cpc_min.pdf,12:00,14:48,18,12,"Aaron Starr, Audrey Merlone, Mat Snyder, Jeff Horn, Gabriela Pantoja, Corey Teague – Zoning Administrator, Elizabeth Watty – Director of Current Planning, Rich Hillis – Planning Director, Jonas P. Ionin - Commission Secretary","SO, MOORE, BRAUN, CAMPBELL, IMPERIAL, MCGARRY, WILLIAMS",https://citypln-m-extnl.sfgov.org/Commissions/Agenda_or_Minutes/20250306_cpc_min.pdf,20
2025-03-13,regular,20250313_cpc_min.pdf,12:00,13:19,12,6,"Aaron Starr, Gabriela Pantoja, Jeff Horn, Rich Hillis – Planning Director, Jonas P. Ionin - Commission Secretary","SO, MOORE, BRAUN, CAMPBELL, IMPERIAL, MCGARRY, WILLIAMS",https://citypln-m-extnl.sfgov.org/Commissions/Agenda_or_Minutes/20250313_cpc_min.pdf,9
2025-03-20,regular,20250320_cpc_min.pdf,12:00,17:54,18,11,"Aaron Starr, Mary Woods, Sylvia Jimenez, Veronica Flores, Reanna Tong, Rebecca Salgado, Vincent Page, Carly Grob, Corey Teague – Zoning Administrator, Rachael Tanner – Director of Citywide Planning, Richard Sucre – Deputy Director of Current Planning, Elizabeth Watty – Director of Current Planning, Rich Hillis – Planning Director, Jonas P. Ionin - Commission Secretary","SO, MOORE, BRAUN, CAMPBELL, IMPERIAL, MCGARRY, WILLIAMS",https://citypln-m-extnl.sfgov.org/Commissions/Agenda_or_Minutes/20250320_cpc_min.pdf,105
2025-03-27,regular,20250327_cpc_min.pdf,12:00,14:50,18,12,"Aaron Starr, Patrick Race, Rebecca Salgado, Michelle Taylor, Corey Teague – Zoning Administrator, Richard Sucre – Deputy Director of Current Planning, Rich Hillis – Planning Director, Jonas P. Ionin - Commission Secretary","SO, MOORE, BRAUN, CAMPBELL, IMPERIAL, WILLIAMS",https://citypln-m-extnl.sfgov.org/Commissions/Agenda_or_Minutes/20250327_cpc_min.pdf,25
2025-04-03,regular,20250403_cpc_min.pdf,12:00,15:20,22,15,"Joseph Sacchi, Tina Tam, Audrey Merlone, Rebecca Salgado, Kate Conner, David Winslow, Elizabeth Watty – Director of Current Planning, Rich Hillis – Planning Director, Jonas P. Ionin - Commission Secretary","SO, MOORE, BRAUN, CAMPBELL, IMPERIAL, MCGARRY, WILLIAMS",https://citypln-m-extnl.sfgov.org/Commissions/Agenda_or_Minutes/20250403_cpc_min.pdf,20
2025-04-10,regular,20250410_cpc_min.pdf,12:00,19:24,19,13,"Aaron Starr, Audrey Merlone, Claire Feeney, Lisa Chen, Joshua Switzky, Rachael Tanner – Director of Citywide Planning, Elizabeth Watty –Director of Current Planning, Rich Hillis – Planning Director, Jonas P. Ionin - Commission Secretary","SO, MOORE, BRAUN, CAMPBELL, IMPERIAL, MCGARRY, WILLIAMS",https://citypln-m-extnl.sfgov.org/Commissions/Agenda_or_Minutes/20250410_cpc_min.pdf,129
2025-04-17,regular,20250417_cpc_min.pdf,12:00,18:35,14,7,"Aaron Starr, Veronica Flores, Julie Moore, Joy Navarrete, Lisa Gibson, Lisa Chen, David Winslow, Rachael Tanner – Director of Citywide Planning, Elizabeth Watty – Director of Current Planning, Rich Hillis – Planning Director, Jonas P. Ionin - Commission Secretary","MOORE, BRAUN, CAMPBELL, IMPERIAL, MCGARRY, WILLIAMS",https://citypln-m-extnl.sfgov.org/Commissions/Agenda_or_Minutes/20250417_cpc_min.pdf,131
2025-04-17,special,20250417_jnthpc_cal_min.pdf,10:00,13:29,6,4,"Megan Calpin, Jeff Horn, Charles Enchill, Elizabeth Gordon-Jonckheer, Elizabeth Watty – Director of Current Planning, Jonas P. Ionin - Commission Secretary","MOORE, BRAUN, CAMPBELL, IMPERIAL, MCGARRY, WILLIAMS",https://citypln-m-extnl.sfgov.org/Commissions/Agenda_or_Minutes/20250417_jnthpc_cal_min.pdf,131
2025-05-01,regular,20250501_cpc_min.pdf,12:00,18:42,21,14,"Aaron Starr, Ryan Shum, Chelsea Fordham, Lisa Gibson, Jonathan Vimr, Jeff Horn, Ella Samonsky, Corey Teague – Zoning Administrator, Elizabeth Watty – Director of Current Planning, Jonas P. Ionin - Commission Secretary","SO, MOORE, BRAUN, CAMPBELL, IMPERIAL, MCGARRY, WILLIAMS",https://citypln-m-extnl.sfgov.org/Commissions/Agenda_or_Minutes/20250501_cpc_min.pdf,87
2025-05-08,regular,20250508_cpc_min.pdf,12:00,13:23,17,11,"Aaron Starr, Gabriella Pantoja, Trent Greenan, Corey Teague – Zoning Administrator, Elizabeth Watty – Director of Current Planning, Rich Hillis – Planning Director, Jonas P. Ionin - Commission Secretary","SO, MOORE, BRAUN, CAMPBELL, IMPERIAL, MCGARRY, WILLIAMS",https://citypln-m-extnl.sfgov.org/Commissions/Agenda_or_Minutes/20250508_cpc_min.pdf,19
2025-05-15,regular,20250515_cpc_min.pdf,12:00,15:28,17,10,"Audrey Merlone, Ella Samonsky, Jonathan Vimr, Maggie Laush, Elizabeth Watty – Director of Current Planning, Rich Hillis – Planning Director, Jonas P. Ionin - Commission Secretary","SO, MOORE, BRAUN, CAMPBELL, IMPERIAL, MCGARRY, WILLIAMS",https://citypln-m-extnl.sfgov.org/Commissions/Agenda_or_Minutes/20250515_cpc_min.pdf,89
2025-05-15,special,20250515_jnt_health_cal_min.pdf,11:00,11:57,3,1,"Tina Tam, Elizabeth Watty – Director of Current Planning, Jonas P. Ionin - Commission Secretary","SO, MOORE, BRAUN, CAMPBELL, IMPERIAL, MCGARRY",https://citypln-m-extnl.sfgov.org/Commissions/Agenda_or_Minutes/20250515_jnt_health_cal_min.pdf,89
2025-05-22,regular,20250522_cpc_min.pdf,12:00,12:57,23,16,"Aaron Starr, Ken Zushi, Ella Samonsky, Rich Hillis – Planning Director, Jonas P. Ionin - Commission Secretary","MOORE, BRAUN, IMPERIAL, MCGARRY, WILLIAMS",https://citypln-m-extnl.sfgov.org/Commissions/Agenda_or_Minutes/20250522_cpc_min.pdf,21
2025-06-05,regular,20250605_closed_min.pdf,10:30,12:07,1,1,"Elizabeth Watty – Director of Current Planning, Jonas P. Ionin – Commission Secretary","SO, MOORE, BRAUN, CAMPBELL, IMPERIAL, MCGARRY",https://citypln-m-extnl.sfgov.org/Commissions/Agenda_or_Minutes/20250605_closed_min.pdf,79
2025-06-05,regular,20250605_cpc_min.pdf,12:00,15:58,26,19,"Aaron Starr, Mat Snyder, Vincent Page, Elizabeth Gordon-Jonckheer, Trent Greenan, Corey Teague – Zoning Administrator, Elizabeth Watty – Director of Current Planning, Rich Hillis – Planning Director, Jonas P. Ionin - Commission Secretary","SO, MOORE, BRAUN, CAMPBELL, IMPERIAL, MCGARRY, WILLIAMS",https://citypln-m-extnl.sfgov.org/Commissions/Agenda_or_Minutes/20250605_cpc_min.pdf,79
2025-06-12,regular,20250612_cpc_min.pdf,12:00,15:35,14,8,"Aaron Starr, Carla De Mesa, Mathew Snyder, Vincent Page, Lisa Gibson, Rachael Tanner – Citywide Director, Elizabeth Watty – Director of Current Planning, Rich Hillis – Planning Director, Jonas P. Ionin - Commission Secretary","MOORE, BRAUN, CAMPBELL, IMPERIAL, MCGARRY, WILLIAMS",https://citypln-m-extnl.sfgov.org/Commissions/Agenda_or_Minutes/20250612_cpc_min.pdf,46
2025-06-26,regular,20250626_cpc_min.pdf,12:00,18:58,40,33,"Aaron Starr, Audrey Merlone, Dan Sider, Oscar Hernandez-Gomez, Lisa Chen, Esmeralda Jardines, Joshua Switzky, Rachael Tanner – Director of Citywide Planning, Corey Teague – Zoning Administrator, Elizabeth Watty – Director of Current Planning, Rich Hillis – Planning Director, Jonas P. Ionin – Commission Secretary","SO, MOORE, BRAUN, CAMPBELL, IMPERIAL, WILLIAMS",https://citypln-m-extnl.sfgov.org/Commissions/Agenda_or_Minutes/20250626_cpc_min.pdf,234
2025-07-10,regular,20250710_cpc_min.pdf,12:00,14:35,20,13,"Aaron Starr, Dakota Spycher, Maggie Dong, Michelle Taylor, Maggie Laush, Oropeza, Corey Teague – Zoning Administrator, Elizabeth Watty – Director of Current Planning, Rich Hillis – Planning Director, Jonas P. Ionin – Commission Secretary","SO, MOORE, BRAUN, CAMPBELL, IMPERIAL, MCGARRY, WILLIAMS",https://citypln-m-extnl.sfgov.org/Commissions/Agenda_or_Minutes/20250710_cpc_min.pdf,36
2025-07-17,regular,20250717_cpc_min.pdf,12:00,17:53,15,8,"Aaron Starr, Audrey Merlone, Jeff Horn, Lisa Chen, James Pappas, David Hernandez Garcia, Dylan Hamilton, Josh Switzky, Rachael Tanner – Director of Citywide Planning, Elizabeth Watty – Director of Current Planning, Jonas P. Ionin – Commission Secretary","SO, MOORE, BRAUN, CAMPBELL, IMPERIAL, MCGARRY, WILLIAMS",https://citypln-m-extnl.sfgov.org/Commissions/Agenda_or_Minutes/20250717_cpc_min.pdf,221
2025-07-17,special,20250717_cpc_jnt_RecPark_min.pdf,10:00,12:39,13,11,"Dylan Hamilton, Sherie George, Richard Sucre – Deputy Director of Current Planning, Elizabeth Watty – Director of Current Planning, Jonas P. Ionin - Commission Secretary","SO, MOORE, BRAUN, CAMPBELL, IMPERIAL, MCGARRY,",https://citypln-m-extnl.sfgov.org/Commissions/Agenda_or_Minutes/20250717_cpc_jnt_RecPark_min.pdf,221
2025-07-24,regular,20250724_cpc_min.pdf,12:00,15:57,20,13,"Aaron Starr, Lily Langlois, Mary Woods, Rachael Tanner – Director of Citywide Planning, Elizabeth Watty – Director of Current Planning, Sarah Dennis Phillips– Planning Director, Jonas P. Ionin – Commission Secretary","SO, MOORE, BRAUN, CAMPBELL, IMPERIAL, MCGARRY, WILLIAMS",https://citypln-m-extnl.sfgov.org/Commissions/Agenda_or_Minutes/20250724_cpc_min.pdf,29
2025-09-11,regular,20250911_cpc_min.pdf,12:00,22:10,25,19,"Jonathan Vimr, Lisa Chen, James Pappas, David Hernandez Garcia, Dylan Hamilton, Joshua Switzky, Rich Sucre – Deputy Director of Current Planning, Corey Teague – Zoning Administrator, Rachael Tanner – Director of Citywide Planning, Elizabeth Watty – Director of Current Planning, Sarah Dennis Phillips – Planning Director, Jonas P. Ionin – Commission Secretary","SO, MOORE, BRAUN, CAMPBELL, IMPERIAL, MCGARRY, WILLIAMS",https://citypln-m-extnl.sfgov.org/Commissions/Agenda_or_Minutes/20250911_cpc_min.pdf,548
2025-09-18,regular,20250918_cpc_min.pdf,12:00,13:10,19,12,"Aaron Starr, Lisa Gluckstein, Edgar Oropeza, Lizzy Mau, Elizabeth Watty – Director of Current Planning, Sarah Dennis Phillips– Planning Director, Jonas P. Ionin – Commission Secretary","SO, MOORE, BRAUN, IMPERIAL, MCGARRY, WILLIAMS",https://citypln-m-extnl.sfgov.org/Commissions/Agenda_or_Minutes/20250918_cpc_min.pdf,12
2025-09-25,regular,20250925_cpc_min.pdf,12:00,20:15,24,18,"Veronica Flores, Heather Samuels, John Dacey, Sylvia Jimenez, Elizabeth White, Corey Teague – Zoning Administrator, Elizabeth Watty – Director of Current Planning, Sarah Dennis Phillips – Planning Director, Jonas P. Ionin – Commission Secretary","SO, MOORE, BRAUN, CAMPBELL, IMPERIAL, MCGARRY, WILLIAMS",https://citypln-m-extnl.sfgov.org/Commissions/Agenda_or_Minutes/20250925_cpc_min.pdf,196
2025-10-02,regular,20251002_cpc_min.pdf,12:00,17:10,21,15,"Veronica Flores, Trent Greenan, Michelle Langlie, Natalia Fossi, Elizabeth Watty – Director of Current Planning, Jonas P. Ionin – Commission Secretary","SO, MOORE, BRAUN, CAMPBELL, IMPERIAL, MCGARRY, WILLIAMS",https://citypln-m-extnl.sfgov.org/Commissions/Agenda_or_Minutes/20251002_cpc_min.pdf,69
2025-10-09,regular,20251009_cpc_min.pdf,12:00,14:22,16,10,"Aaron Starr, Veronica Flores, Laura Ajello, Rich Sucre – Deputy Director of Current Planning, Sarah Dennis Phillips – Planning Director, Jonas P. Ionin – Commission Secretary","SO, MOORE, BRAUN, CAMPBELL, IMPERIAL, MCGARRY",https://citypln-m-extnl.sfgov.org/Commissions/Agenda_or_Minutes/20251009_cpc_min.pdf,22
2025-10-16,regular,20251016_cpc_min.pdf,12:00,14:21,16,10,"Rebecca Salgado, Lisa Gluckstein, David Winslow, Corey Teague – Zoning Administrator, Elizabeth Watty – Director of Current Planning, Sarah Dennis Phillips – Planning Director, Jonas P. Ionin – Commission Secretary","SO, MOORE, BRAUN, CAMPBELL, IMPERIAL, MCGARRY",https://citypln-m-extnl.sfgov.org/Commissions/Agenda_or_Minutes/20251016_cpc_min.pdf,24
2025-10-23,regular,20251023_cpc_min.pdf,12:00,15:22,22,15,"Aaron Starr, Michelle Taylor, Lisa Gluckstein, Veronica Flores, Elizabeth Gordon-Jonckheer, Pilar LaValley, Rebecca Salgado, Corey Teague – Zoning Administrator, Elizabeth Watty – Director of Current Planning, Sarah Dennis Phillips – Planning Director, Jonas P. Ionin – Commission Secretary","SO, MOORE, BRAUN, CAMPBELL, IMPERIAL, MCGARRY, WILLIAMS",https://citypln-m-extnl.sfgov.org/Commissions/Agenda_or_Minutes/20251023_cpc_min.pdf,26
2025-11-06,regular,20251106_cpc_min.pdf,12:00,15:41,17,10,"Aaron Starr, Malena Leon-Farrera, Elizabeth White, Chelsea Fordham, Lisa Gibson, Heather Samuels, Rachael Tanner – Director of Citywide Planning, Elizabeth Watty – Director of Current Planning, Sarah Dennis Phillips – Planning Director, Jonas P. Ionin – Commission Secretary","SO, MOORE, BRAUN, CAMPBELL, IMPERIAL, MCGARRY, WILLIAMS",https://citypln-m-extnl.sfgov.org/Commissions/Agenda_or_Minutes/20251106_cpc_min.pdf,36
2025-11-13,regular,20251113_cpc_min.pdf,12:00,14:26,15,8,"Matthew Chandler, Michelle Langlie, Aaron Starr, David Winslow, Corey Teague – Zoning Administrator, Elizabeth Watty – Director of Current Planning, Sarah Dennis Phillips – Planning Director, Jonas P. Ionin – Commission Secretary","SO, MOORE, BRAUN, CAMPBELL, IMPERIAL, MCGARRY",https://citypln-m-extnl.sfgov.org/Commissions/Agenda_or_Minutes/20251113_cpc_min.pdf,33
2025-11-20,regular,20251120_cpc_min.pdf,12:00,14:26,12,6,"Aaron Starr, Kei Zushi, Elizabeth Mau, Lisa Chen, Rachael Tanner – Director of Citywide Planning, Richard Sucre – Deputy Director of Current Planning, Sarah Dennis Phillips – Planning Director, Jonas P. Ionin – Commission Secretary","SO, MOORE, BRAUN, CAMPBELL, IMPERIAL, MCGARRY",https://citypln-m-extnl.sfgov.org/Commissions/Agenda_or_Minutes/20251120_cpc_min.pdf,17
2025-12-11,regular,20251211_cpc_min.pdf,12:00,12:23,11,5,"Aaron Starr, Sarah Dennis Phillips – Planning Director, Jonas P. Ionin – Commission Secretary","SO, MOORE, BRAUN, CAMPBELL, MCGARRY, WILLIAMS",https://citypln-m-extnl.sfgov.org/Commissions/Agenda_or_Minutes/20251211_cpc_min.pdf,2
2025-12-18,regular,20251218_cpc_min.pdf,12:00,15:58,14,8,"Aaron Starr, Wesley Wong, Ada Tan, Dakota Spycher, Corey Teague – Zoning administrator, Rich Sucre – Deputy Director of Current Planning, Sarah Dennis Phillips – Planning Director, Jonas P. Ionin – Commission Secretary","SO, MOORE, BRAUN, IMPERIAL, MCGARRY, WILLIAMS",https://citypln-m-extnl.sfgov.org/Commissions/Agenda_or_Minutes/20251218_cpc_min.pdf,35
2026-01-15,regular,20260115_cpc_min.pdf,12:00,15:30,18,11,"Audrey Merlone, Charles Enchill, Veronica Flores, Maggie Dong, David Winslow, Corey Teague – Zoning Administration, Elizabeth Watty – Director of Current Planning, Sarah Dennis Phillips – Planning Director, Jonas P. Ionin – Commission Secretary","SO, MOORE, BRAUN, CAMPBELL, IMPERIAL, MCGARRY, WILLIAMS",https://citypln-m-extnl.sfgov.org/Commissions/Agenda_or_Minutes/20260115_cpc_min.pdf,34
2026-01-22,regular,20260122_cpc_min.pdf,12:00,13:42,14,8,"Audrey Merlone, Deborah Landis, Lisa Gibson, Claudia Flores, Veronica Flores, Corey Teague – Zoning Administrator, Elizabeth Watty – Director of Current Planning, Sarah Dennis Phillips – Planning Director, Jonas P. Ionin – Commission Secretary","SO, MOORE, BRAUN, CAMPBELL, IMPERIAL, MCGARRY, WILLIAMS",https://citypln-m-extnl.sfgov.org/Commissions/Agenda_or_Minutes/20260122_cpc_min.pdf,13
2026-01-29,regular,20260129_cpc_min.pdf,12:00,14:41,18,11,"Audrey Merlone, John Dacey, Kurt Botn, Maggie Dong, Claudine Asbagh, David Winslow, Elizabeth Gordon-Jonkheer, Corey Teague – Zoning Administration, Rich Sucre – Deputy Director of Current Planning, Sarah Dennis Phillips – Planning Director, Jonas P. Ionin – Commission Secretary","SO, MOORE, BRAUN, CAMPBELL, IMPERIAL, MCGARRY",https://citypln-m-extnl.sfgov.org/Commissions/Agenda_or_Minutes/20260129_cpc_min.pdf,44
2026-02-12,regular,20260212_cpc_min.pdf,12:00,17:33,19,12,"Audrey Merlone, Deborah Landis, Bianca Chiu, Megan Calpin, Lisa Gibson, Dakota Spycher, Carly Grob, Christy Alexander, David Winslow, Corey Teague – Zoning Administration, Elizabeth Watty – Director of Current Planning, Sarah Dennis Phillips – Planning Director, Jonas P. Ionin – Commission Secretary","CAMPBELL, MOORE, BRAUN, IMPERIAL, MCGARRY, SO, WILLIAMS",https://citypln-m-extnl.sfgov.org/Commissions/Agenda_or_Minutes/20260212_cpc_min.pdf,55
2026-02-26,regular,20260226_cpc_min.pdf,12:00,13:58,16,9,"Audrey Merlone, Carly Grob, Jeremy Shaw, Danielle Ngo, Sarah Richardson, Trent Greenan, Rachael Tanner – Director of Citywide Planning, Elizabeth Watty - Director of Current Planning, Jonas P. Ionin – Commission Secretary","CAMPBELL, BRAUN, IMPERIAL, MCGARRY, SO, WILLIAMS",https://citypln-m-extnl.sfgov.org/Commissions/Agenda_or_Minutes/20260226_cpc_min.pdf,16
2026-03-12,regular,20260312_cpc_min.pdf,12:00,14:53,14,8,"Audrey Merlone, Lisa Gluckstein, Dakota Spycher, Elizabeth Watty - Director of Current Planning, Sarah Dennis Phillips – Planning Director, Jonas P. Ionin – Commission Secretary","CAMPBELL, BRAUN, IMPERIAL, MCGARRY, SO, WILLIAMS",https://citypln-m-extnl.sfgov.org/Commissions/Agenda_or_Minutes/20260312_cpc_min.pdf,19
2026-03-19,regular,20260319_cpc_min.pdf,12:00,14:45,21,10,"Veronica Flores, Sarah Richardson, Joshua Switzky, Joseph Sacchi, David Winslow, Corey Teague – Zoning Administrator, Rachael Tanner – Director of Citywide Planning, Elizabeth Watty – Director of Current Planning, Sarah Dennis Phillips – Planning Director, Jonas P. Ionin – Commission Secretary","CAMPBELL, MOORE, BRAUN, IMPERIAL, SO, WILLIAMS",https://citypln-m-extnl.sfgov.org/Commissions/Agenda_or_Minutes/20260319_cpc_min.pdf,26
2026-03-26,regular,20260326_cpc_min.pdf,12:00,13:40,15,8,"Veronica Flores, Timothy Johnston, Laura Ajello, David Winslow, Kate Conner, Lisa Gibson, Sarah Dennis Phillips – Planning Director, Jonas P. Ionin – Commission Secretary","CAMPBELL, MOORE, BRAUN, IMPERIAL, MCGARRY, SO, WILLIAMS",https://citypln-m-extnl.sfgov.org/Commissions/Agenda_or_Minutes/20260326_cpc_min.pdf,19
