variant,canonical,status,source,dist,ratio,n_variant,n_canonical
Robert Weller,Robert Weaver,applied,author_lookup,,,,
Bruce Coleman,Bruce Colman,applied,author_lookup,,,,
Jake McGoldrich,Jake McGoldrick,applied,author_lookup,,,,
Marc Duffett,Mark Duffett,applied,author_lookup,,,,
Chris Verplanck,Chris VerPlanck,applied,author_lookup,,,,
Dick Millett,Dick Millet,applied,author_lookup,,,,
Jim Ruben,Jim Reuben,applied,author_lookup,,,,
Joe Porcora,Joe Porcoro,applied,author_lookup,,,,
Buck Bugot,Buck Bagot,applied,author_lookup,,,,
Elsie Tonelli,Elsie Tanelli,applied,author_lookup,,,,
Carl Marlin,Carol Martin,applied,author_lookup,,,,
Heroshi Fakuda,Hiroshi Fukuda,applied,author_lookup,,,,
Joan Woods,Jan Wood,applied,author_lookup,,,,
David Stenberg,David Sternberg,applied,author_lookup,,,,
Grace Kop,Grace Kan,applied,author_lookup,,,,
Kin Jackson,Kim Jackson,applied,author_lookup,,,,
Ron Kaufman,Jon Kaufman,applied,author_lookup,,,,
Cas Smith,Cass Smith,applied,author_lookup,,,,
Mae Burton,Mac Burton,applied,author_lookup,,,,
Joe Cassidy,Leo Cassidy,applied,author_lookup,,,,
Jude West,Judy West,applied,author_lookup,,,,
Bob Meyers,Bob Mayers,applied,author_lookup,,,,
Steven Williams,Steve Williams,applied,author_lookup,,,,
Jeff Wong,Jeff Woo,applied,author_lookup,,,,
David Gillman,David Gellman,applied,author_lookup,,,,
Geary Gee,Gary Gee,applied,author_lookup,,,,
Jerry Crowley,Gerry Crowley,applied,author_lookup,,,,
Winchell Hayward,Winchel Hayward,applied,author_lookup,,,,
Tony Pantelioni,Tony Panteleoni,applied,author_lookup,,,,
Cynthia Schroder,Cynthia Schroeder,applied,author_lookup,,,,
Patricia Howden,Patricia Houden,applied,author_lookup,,,,
David Meyers,David Mayer,applied,author_lookup,,,,
Don Sullivan,Dan Sullivan,applied,author_lookup,,,,
Rob Anderson,Bob Anderson,applied,author_lookup,,,,
Lloyd Schoegel,Lloyd Schloegel,applied,author_lookup,,,,
Ed Williams,Ema Williams,applied,author_lookup,,,,
Rae Doyle,Ray Doyle,applied,author_lookup,,,,
Kate Stacey,Kate Stacy,applied,author_lookup,,,,
Lucia Bogatai,Lucia Bogatay,applied,author_lookup,,,,
Mark Reiser,Mark Ryser,applied,author_lookup,,,,
Cynthia Maruccci,Cynthia Marcucci,applied,author_lookup,,,,
Michael Hellquist,Michael Helquist,applied,author_lookup,,,,
Jack Baer,Jack Bair,applied,author_lookup,,,,
Mark Gleason,Mary Gleason,applied,author_lookup,,,,
Rick Moriano,Rick Mariano,applied,author_lookup,,,,
Mary Anne Miller,Mary Ann Miller,applied,author_lookup,,,,
Hans Baldorff,Hans Baldoff,applied,author_lookup,,,,
Sondra Ardito,Sandra Ardito,applied,author_lookup,,,,
John Fall,John Doll,applied,author_lookup,,,,
David Lei,David Low,applied,author_lookup,,,,
Courtney Dankroger,Courtney Damkroger,applied,author_lookup,,,,
Sidney Lam,Sydney Lam,applied,author_lookup,,,,
Bob Myers,Bob Mayers,applied,author_lookup,,,,
Steve Cox,Steve Fox,applied,author_lookup,,,,
Tim Cullen,Tim Collen,applied,author_lookup,,,,
George Sang,George Sun,applied,author_lookup,,,,
Jonathan Youte,Jonathan Youtt,applied,author_lookup,,,,
Jim Rueben,Jim Reuben,applied,author_lookup,,,,
Joan Wood,Jan Wood,applied,author_lookup,,,,
Chris Ver Planck,Chris VerPlanck,applied,author_lookup,,,,
Fred Ross,Ted Ross,applied,author_lookup,,,,
Phillip Whitehead,Philip Whitehead,applied,author_lookup,,,,
Gerry Klein,Jerry Klein,applied,author_lookup,,,,
Eric Quezada,Eric Quesada,applied,author_lookup,,,,
Brian Miles,Brian Liles,applied,author_lookup,,,,
Lloyd Schloegal,Lloyd Schloegel,applied,author_lookup,,,,
Chris Harney,Chris Harvey,applied,author_lookup,,,,
Christine Linenbach,Christine Linnenbach,applied,author_lookup,,,,
Lloyd Schlaegel,Lloyd Schloegel,applied,author_lookup,,,,
Bill Dreypolcher,Bill Drypolcher,applied,author_lookup,,,,
Mac Burton,Mack Burton,applied,author_lookup,,,,
GeeGee Platt,Gee Gee Platt,applied,author_lookup,,,,
Tom Mayer,Tom Hayes,applied,author_lookup,,,,
Melvin Washington,Delvin Washington,applied,author_lookup,,,,
Mary Lam,Mary Tam,applied,author_lookup,,,,
Steve Vettell,Steve Vettel,applied,author_lookup,,,,
Ahmad Mohazed,Amad Mohazed,applied,author_lookup,,,,
Jim Rubin,Jim Reuben,applied,author_lookup,,,,
Tim Kelly,Tim Kelley,applied,author_lookup,,,,
Jim Chappel,Jim Chappell,applied,author_lookup,,,,
Arnie Selander,Ernie Selander,applied,author_lookup,,,,
Chris Ver,Chris Vera,applied,author_lookup,,,,
Marc Christensen,Mark Christensen,applied,author_lookup,,,,
Garret Frakes,Garrett Frakes,applied,author_lookup,,,,
Joan Holdeny,Joan Holden,applied,author_lookup,,,,
Robin Moor,Robin Mohr,applied,author_lookup,,,,
Steven Cornwell,Steven Cornell,applied,author_lookup,,,,
Wayne Justman,Wayne Justmann,applied,author_lookup,,,,
Dave Bishop,Dave Bisho,applied,author_lookup,,,,
Allan Lowe,Allan Low,applied,author_lookup,,,,
Steve William,Steve Williams,applied,author_lookup,,,,
Steve Corier,Steve Courier,applied,author_lookup,,,,
Leah Shadam,Leah Shahum,applied,author_lookup,,,,
Keith Sagers,Keith Saggers,applied,author_lookup,,,,
Judith Hoyam,Judith Hoyem,applied,author_lookup,,,,
Sal Wong,Ray Wong,applied,author_lookup,,,,
Lincoln Lou,Lincoln Lue,applied,author_lookup,,,,
Doug Engman,Doug Engmann,applied,author_lookup,,,,
Charles Blozies,Charles Bloszies,applied,author_lookup,,,,
Norman Rolf,Norman Rolfe,applied,author_lookup,,,,
Dave Osgoode,Dave Osgood,applied,author_lookup,,,,
Greg Hansen,Greg Hanson,applied,author_lookup,,,,
Bob Baun,Bob Baum,applied,author_lookup,,,,
Ryan Chu,Ryan Mau,applied,author_lookup,,,,
Alice Barkly,Alice Barkley,applied,author_lookup,,,,
Ross Leon,Ross Levy,applied,author_lookup,,,,
Tracy Hues,Tracy Hughes,applied,author_lookup,,,,
Steve Swasson,Steve Swanson,applied,author_lookup,,,,
John McNolte,John McNulty,applied,author_lookup,,,,
Steve Nichelson,Steve Nicholson,applied,author_lookup,,,,
Kelly Cullen,Kelly Cullan,applied,author_lookup,,,,
Jim Chapel,Jim Chappell,applied,author_lookup,,,,
Ken Maylee,Ken Maley,applied,author_lookup,,,,
Garret Jenkins,Garrett Jenkins,applied,author_lookup,,,,
Marshall Garland,Marsha Garland,applied,author_lookup,,,,
Joe O?Donahue,JoeÊOÕdonoghue,applied,author_lookup,,,,
Calvin Welsh,Calvin Welch,applied,author_lookup,,,,
Lee Molton,Lee Moulton,applied,author_lookup,,,,
Mathew Brennan,Matthew Brennan,applied,author_lookup,,,,
Ted Lowenberg,Ted Loewenberg,applied,author_lookup,,,,
Chris May,Chris Meany,applied,author_lookup,,,,
Andy Forest,Andy Forrest,applied,author_lookup,,,,
Erick Quesada,Eric Quesada,applied,author_lookup,,,,
Amy Netches,Amy Neches,applied,author_lookup,,,,
Richard Meade,Richard Mead,applied,author_lookup,,,,
Patricia Voughey,Patricia Vaughey,applied,author_lookup,,,,
Kevin Huye,Kevin Huey,applied,author_lookup,,,,
Anastasia Yovanopolous,Anastasia Yovanopoulos,applied,author_lookup,,,,
Joan Holding,Joan Holden,applied,author_lookup,,,,
Edward Weiner,Edward Wiener,applied,author_lookup,,,,
Tarrence Allen,Terrence Allen,applied,author_lookup,,,,
Cynthia Servednick,Cynthia Servetnick,applied,author_lookup,,,,
Walter Kaplan,Walter Caplan,applied,author_lookup,,,,
Chris Lowe,Chris Cole,applied,author_lookup,,,,
Robin Levit,Robin Levitt,applied,author_lookup,,,,
Jane Seagal,Jane Segal,applied,author_lookup,,,,
Bob Nelson,Tom Nelson,applied,author_lookup,,,,
Stanley Miraoka,Stanley Muraoka,applied,author_lookup,,,,
Alice Carrey,Alice Carey,applied,author_lookup,,,,
Michael Levit,Michael Levin,applied,author_lookup,,,,
Bill Barns,Bill Barnes,applied,author_lookup,,,,
Ken Cleavland,Ken Cleaveland,applied,author_lookup,,,,
Michael Davis,Michael Davos,applied,author_lookup,,,,
Ann Ronce,Anne Ronce,applied,author_lookup,,,,
Frank Notu,Frank Noto,applied,author_lookup,,,,
Louis Butler,Lewis Butler,applied,author_lookup,,,,
Linda Kiouda,Linda Klouda,applied,author_lookup,,,,
Denise Ledbetter,Denise Leadbetter,applied,author_lookup,,,,
Erik Quesada,Eric Quesada,applied,author_lookup,,,,
Chris Zelig,Chris Selig,applied,author_lookup,,,,
Michael Burk,Michael Burke,applied,author_lookup,,,,
Catherine Bizel,Catherine Etzel,applied,author_lookup,,,,
Gus Morad,Gus Murad,applied,author_lookup,,,,
Dennis Richard,Dennis Richards,applied,author_lookup,,,,
Jannine Przyblyski,Jeannene Przyblyski,applied,author_lookup,,,,
Richard McRree,Richard McRee,applied,author_lookup,,,,
Robert Walter,Robert Walters,applied,author_lookup,,,,
Richard Pirner,Richard Worner,applied,author_lookup,,,,
Lea Shaham,Leah Shahum,applied,author_lookup,,,,
Erica Sevens,Erica Severns,applied,author_lookup,,,,
Bob Wilson,Don Wilson,applied,author_lookup,,,,
John Twichell,Jon Twichell,applied,author_lookup,,,,
John Dugan,John Duggan,applied,author_lookup,,,,
Doris Vincent,Dorris Vincent,applied,author_lookup,,,,
Jaime Rossi,Jaime Ross,applied,author_lookup,,,,
Hiroshi Fokuda,Hiroshi Fukuda,applied,author_lookup,,,,
Matt Murphy,Bart Murphy,applied,author_lookup,,,,
Anthony Saccu,Anthony Sacco,applied,author_lookup,,,,
Jenney Estes,Jenny Estes,applied,author_lookup,,,,
Robin Chang,Robin Chiang,applied,author_lookup,,,,
Rick Harp,Rick Karp,applied,author_lookup,,,,
David Meckle,David Meckel,applied,author_lookup,,,,
Toby Levi,Toby Levy,applied,author_lookup,,,,
Alfredo Jordan,Alfred Jordan,applied,author_lookup,,,,
Michael Tomas,Michael Thomas,applied,author_lookup,,,,
Bernard Chodan,Bernard Choden,applied,author_lookup,,,,
Bob Plathold,Bob Planthold,applied,author_lookup,,,,
Reginal Blosser,Regina Blosser,applied,author_lookup,,,,
Duck Nim,Duc Nim,applied,author_lookup,,,,
Marilyn Dunman,Marilyn Duran,applied,author_lookup,,,,
Wendy Tram,Wendy Tran,applied,author_lookup,,,,
Lincoln Lew,Lincoln Lue,applied,author_lookup,,,,
Joe O'Connell,John O'Connell,applied,author_lookup,,,,
Tracey Hughes,Tracy Hughes,applied,author_lookup,,,,
Jeffrey Lievobitz,Jeffrey Lievovitz,applied,author_lookup,,,,
Pinky Cushner,Pinky Kushner,applied,author_lookup,,,,
Stephen Antenaris,Stephen Antenaros,applied,author_lookup,,,,
John Lie,John Lee,applied,author_lookup,,,,
Anthony G. Sacco,Anthony Sacco,applied,author_lookup,,,,
John Hood,John Wood,applied,author_lookup,,,,
Denis Carlin,Dennis Carlin,applied,author_lookup,,,,
Steven Chu,Steven Shum,applied,author_lookup,,,,
Johnson Chin,Johnson Chow,applied,author_lookup,,,,
Steve Drack,Steve Black,applied,author_lookup,,,,
David Trip,David Troup,applied,author_lookup,,,,
Kay Laming,Kay Lamming,applied,author_lookup,,,,
Loraine Kelley,Lorraine Kelley,applied,author_lookup,,,,
Jeanine Przyblyski,Jeannene Przyblyski,applied,author_lookup,,,,
Bob McDonald,Don McDonald,applied,author_lookup,,,,
Van Lee,Lin Lee,applied,author_lookup,,,,
Dan Kelley,Dan Keller,applied,author_lookup,,,,
Karen Rosen,Karen Rose,applied,author_lookup,,,,
Mark Macie,Mark Macy,applied,author_lookup,,,,
Tai Via,Tay Via,applied,author_lookup,,,,
Refina Davis,Regina Davis,applied,author_lookup,,,,
Amad Darizadeh,Amad Larizadeh,applied,author_lookup,,,,
Rob Burnmingham,Rob Burmingham,applied,author_lookup,,,,
Alice Barkely,Alice Barkley,applied,author_lookup,,,,
Shawn Goreman,Shawn Gorman,applied,author_lookup,,,,
Steven Rodgers,Steve Rodgers,applied,author_lookup,,,,
Ed Ju,Ed Jew,applied,author_lookup,,,,
Steve Kurlin,Steve Kuklin,applied,author_lookup,,,,
Charles Renatti,Charles Renati,applied,author_lookup,,,,
Terry Hill,Terry Mill,applied,author_lookup,,,,
Maria Leone,Maria Leon,applied,author_lookup,,,,
George Houser,George Hauser,applied,author_lookup,,,,
Michael Caan,Michael Lan,applied,author_lookup,,,,
Henry Karnelowicz,Henry Karnilowicz,applied,author_lookup,,,,
Hiroshi Zakuda,Hiroshi Fukuda,applied,author_lookup,,,,
Joel Jodowitz,Joel Yodowitz,applied,author_lookup,,,,
Tom Coin,Tom Horn,applied,author_lookup,,,,
Kelly Pepper,Kelley Pepper,applied,author_lookup,,,,
Geoffrey Heller,Jeffrey Heller,applied,author_lookup,,,,
Gabriel Netcaff,Gabriel Braden Metcalf,applied,author_lookup,,,,
Lisa Honey,Lisa Honig,applied,author_lookup,,,,
Robert Fender,Robert Pender,applied,author_lookup,,,,
Robert Bendell,Robert Bardell,applied,author_lookup,,,,
Jim Fay,Jim Key,applied,author_lookup,,,,
Otto Duffey,Otto Duffy,applied,author_lookup,,,,
Dan Williams,Don Williams,applied,author_lookup,,,,
Glen Wilson,Alan Wilson,applied,author_lookup,,,,
Grace Kieley,Grace Kiely,applied,author_lookup,,,,
Sean Keighren,Sean Keighran,applied,author_lookup,,,,
Charlie Shamus,Charlie Shamas,applied,author_lookup,,,,
Jennifer Fridenbach,Jennifer Friedenbach,applied,author_lookup,,,,
Mauricio Avilez,Mauricio Aviles,applied,author_lookup,,,,
Martha Kropt,Martha Kropf,applied,author_lookup,,,,
Stephen Currier,Steven Currier,applied,author_lookup,,,,
Tom Coler,Tim Colen,applied,author_lookup,,,,
Hiroshi Fakuda,Hiroshi Fukuda,applied,author_lookup,,,,
Bill Iraki,Bill Iracki,applied,author_lookup,,,,
Rene Pittin,Renee Pittin,applied,author_lookup,,,,
Bill Hammett,Bill Hammet,applied,author_lookup,,,,
Ron Chun,Roy Chan,applied,author_lookup,,,,
Stephens Johns,Stephen Johns,applied,author_lookup,,,,
Alex Verum,Alex Varum,applied,author_lookup,,,,
William Pashelinksy,William Pashelinsky,applied,author_lookup,,,,
Bill Canihan,Bill Cahan,applied,author_lookup,,,,
Cris Durazo,Chris Durazo,applied,author_lookup,,,,
Tom McDonaugh,Tom McDonough,applied,author_lookup,,,,
Robert Wales,Robert Walters,applied,author_lookup,,,,
Sean Gorman,Shawn Gorman,applied,author_lookup,,,,
Rose Hillson,Rose Wilson,applied,author_lookup,,,,
Erik Quezada,Eric Quesada,applied,author_lookup,,,,
Harold Bright,Harold Wright,applied,author_lookup,,,,
Thom McDonough,Tom McDonough,applied,author_lookup,,,,
Gustavo Leo,Gustavo Leao,applied,author_lookup,,,,
John Brum,John Lum,applied,author_lookup,,,,
Jason Cheng,Jason Chan,applied,author_lookup,,,,
Raymond Livera,Raymond Rivera,applied,author_lookup,,,,
Cris Cole,Chris Cole,applied,author_lookup,,,,
Mark Renny,Mark Rennie,applied,author_lookup,,,,
Maria Sousa,Maria Souza,applied,author_lookup,,,,
John McNolty,John McNulty,applied,author_lookup,,,,
Steve Saco,Steve Sacks,applied,author_lookup,,,,
Fran Rollo,Frank Rollo,applied,author_lookup,,,,
Joe Morales,Jose Morales,applied,author_lookup,,,,
Khris Gardner,Kris Gardner,applied,author_lookup,,,,
Richard Warner,Richard Worner,applied,author_lookup,,,,
Paulette Taggert,Paulett Taggart,applied,author_lookup,,,,
Bobby Carter,Bobbie Carter,applied,author_lookup,,,,
Eileen Bogan,Eileen Boken,applied,author_lookup,,,,
Greg Hilton,Greg Hylton,applied,author_lookup,,,,
Marie Gomez,Marga Gomez,applied,author_lookup,,,,
Carl Shannon,Carol Shannon,applied,author_lookup,,,,
Bobbi Carter,Bobbie Carter,applied,author_lookup,,,,
Dan Kingsly,Dan Kingsley,applied,author_lookup,,,,
Cris Ford,Chris Ford,applied,author_lookup,,,,
Leora Vestell,Leora Vestel,applied,author_lookup,,,,
Jennifer Bay,Jennifer Kan,applied,author_lookup,,,,
Tim McDonough,Tom McDonough,applied,author_lookup,,,,
Bob Starzel,Bob Starzell,applied,author_lookup,,,,
Raymond Gee,Raymond Lee,applied,author_lookup,,,,
Alex Varun,Alex Varum,applied,author_lookup,,,,
Alex Blanhard,Alex Blanchard,applied,author_lookup,,,,
Dan Kinsgley,Dan Kingsley,applied,author_lookup,,,,
Cheryl Brinkman,Sheryl Brinkman,applied,author_lookup,,,,
Bill Pashalinsky,Bill Pashelinsky,applied,author_lookup,,,,
Amanda Janes,Amanda Jones,applied,author_lookup,,,,
Ryan Dong,Ryan Young,applied,author_lookup,,,,
Jim Siagal,Jim Siegel,applied,author_lookup,,,,
Tes Welbern,Tes Welborn,applied,author_lookup,,,,
Susan Mun,Susan Ma,applied,author_lookup,,,,
Tim Sams,Gil Sams,applied,author_lookup,,,,
Phil Sams,Gil Sams,applied,author_lookup,,,,
Rob Kosten,Rob Kostow,applied,author_lookup,,,,
Cristian Ard,Christian Ard,applied,author_lookup,,,,
David Sternber,David Sternberg,applied,author_lookup,,,,
Kepa Askenazy,Kepa Askenasy,applied,author_lookup,,,,
Martha Fry,Marta Fry,applied,author_lookup,,,,
Terry Milmne,Terry Milne,applied,author_lookup,,,,
Carlos Martin,Carol Martin,applied,author_lookup,,,,
Catherine Petrin,Katherine Petrin,applied,author_lookup,,,,
Patrick Mahone,Patrick Malone,applied,author_lookup,,,,
Espinola Jackson,Espanola Jackson,applied,author_lookup,,,,
Devan Richardson,Deven Richardson,applied,author_lookup,,,,
Alice Berkley,Alice Barkley,applied,author_lookup,,,,
Jame Weil,Jane Weil,applied,author_lookup,,,,
John Sing,John King,applied,author_lookup,,,,
Jamie Ross,Jaime Ross,applied,author_lookup,,,,
Houssein Safa,Hussein Safa,applied,author_lookup,,,,
Stevan Guevara,Steban Guevara,applied,author_lookup,,,,
David Bob,David Low,applied,author_lookup,,,,
William Pashalinsky,William Pashelinsky,applied,author_lookup,,,,
Mark Renne,Mark Rennie,applied,author_lookup,,,,
John Stricklin,John Strickland,applied,author_lookup,,,,
Michael Noland,Michael Nyland,applied,author_lookup,,,,
Terrance Allan,Terrance Alan,applied,author_lookup,,,,
Jim Ryan,Jim Chan,applied,author_lookup,,,,
Warner Smals,Warner Smalls,applied,author_lookup,,,,
Bernie Chodin,Bernie Choden,applied,author_lookup,,,,
John Dow,John Doll,applied,author_lookup,,,,
Ed Tansen,Ed Tansev,applied,author_lookup,,,,
Kieran Bukley,Kieran Buckley,applied,author_lookup,,,,
Terrance Allen,Terrance Alan,applied,author_lookup,,,,
Earl Jogers,Earl Rogers,applied,author_lookup,,,,
Claire Pitcher,Claire Piltcher,applied,author_lookup,,,,
Christine Hansen,Christine Hanson,applied,author_lookup,,,,
Linda Klauda,Linda Klouda,applied,author_lookup,,,,
Rose Tai,Rose Tsai,applied,author_lookup,,,,
David Overdurf,David Overdorf,applied,author_lookup,,,,
Steven Johnston,Steve Johnston,applied,author_lookup,,,,
Lisa Chin,Lisa Chen,applied,author_lookup,,,,
Sean Keigran,Sean Kiegran,applied,author_lookup,,,,
Robert Bender,Robert Pender,applied,author_lookup,,,,
Ray Chang,Roy Chan,applied,author_lookup,,,,
Eileen Bocken,Eileen Boken,applied,author_lookup,,,,
Dennis Bud,Dennis Budd,applied,author_lookup,,,,
Kay Chang,Jay Chang,applied,author_lookup,,,,
Jeremy Nelsen,Jeremy Nelson,applied,author_lookup,,,,
Roger Halls,Roger Hall,applied,author_lookup,,,,
Matthew Brannan,Matthew Brennan,applied,author_lookup,,,,
Tony Kelley,Tony Kelly,applied,author_lookup,,,,
Bruce Wolfe,Bruce Cole,applied,author_lookup,,,,
Ken Raley,Ken Maley,applied,author_lookup,,,,
April Veneracion,April Wai Man Ng,applied,author_lookup,,,,
Bill Dodson,Bill Hudson,applied,author_lookup,,,,
James Nunnemacher,James Nunemacher,applied,author_lookup,,,,
Gerry Crawley,Gerry Crowley,applied,author_lookup,,,,
Reed Diment,Reed Bement,applied,author_lookup,,,,
Reed Deement,Reed Bement,applied,author_lookup,,,,
Ed Bidard,Ed Bedard,applied,author_lookup,,,,
Sara Whitt,Sara White,applied,author_lookup,,,,
Raymond Yee,Raymond Lee,applied,author_lookup,,,,
Charles Breninger,Charles Breidinger,applied,author_lookup,,,,
Tim Colin,Tim Colen,applied,author_lookup,,,,
Barbara Underberg,Barbara Underburg,applied,author_lookup,,,,
Jerry Milmne,Terry Milne,applied,author_lookup,,,,
Cris Gardner,Kris Gardner,applied,author_lookup,,,,
Bill Canahan,Bill Cahan,applied,author_lookup,,,,
Roberta Gavino,Roberta Gabino,applied,author_lookup,,,,
Kass Smith,Cass Smith,applied,author_lookup,,,,
Jill Manten,Jill Manton,applied,author_lookup,,,,
John Maniscalaco,John Maniscalco,applied,author_lookup,,,,
Richard Warmer,Richard Worner,applied,author_lookup,,,,
Lydia Eli,Lydia Ely,applied,author_lookup,,,,
Alice Barkeley,Alice Barkley,applied,author_lookup,,,,
Amad Mojazed,Amad Mohazed,applied,author_lookup,,,,
Mark Brannan,Mark Brennan,applied,author_lookup,,,,
Doug Kain,Doug Cain,applied,author_lookup,,,,
Alison Pool,Alison Poole,applied,author_lookup,,,,
Gregg Miller,Greg Miller,applied,author_lookup,,,,
Chis Durazo,Chris Durazo,applied,author_lookup,,,,
Katherine Woof,Katherine Wolf,applied,author_lookup,,,,
Mark Brandt,Mark Brand,applied,author_lookup,,,,
Mike Connel,Mike Connell,applied,author_lookup,,,,
Brad Wilmore,Brad Willmore,applied,author_lookup,,,,
Ron Lee,Lin Lee,applied,author_lookup,,,,
Jerry Agosta,Jerry Agusta,applied,author_lookup,,,,
Francisco De Costa,Francisco Da Costa,applied,author_lookup,,,,
Michael Stantan,Michael Stanton,applied,author_lookup,,,,
Terry Milmn,Terry Milne,applied,author_lookup,,,,
Charles Brenninger,Charles Breidinger,applied,author_lookup,,,,
Chuck Tomas,Chuck Thomas,applied,author_lookup,,,,
Martin Kurkwood,Martin Kirkwood,applied,author_lookup,,,,
Lydia Tam,Lydia Tan,applied,author_lookup,,,,
David Silvermann,David Silverman,applied,author_lookup,,,,
Anna Shemko,Anna Shimko,applied,author_lookup,,,,
Nann Roth,Nan Roth,applied,author_lookup,,,,
Doug McDonald,Don McDonald,applied,author_lookup,,,,
Joe Bass,Joe Boss,applied,author_lookup,,,,
Arthur Richie,Arthur Ritchie,applied,author_lookup,,,,
Ray Cole,Gary Cole,applied,author_lookup,,,,
Harry Collin,Larry Collins,applied,author_lookup,,,,
Larry Thomas,Harry Thomas,applied,author_lookup,,,,
Jeffrey Heuer,Jeffrey Heller,applied,author_lookup,,,,
Francisco de Costa,Francisco De Costa,applied,author_lookup,,,,
Ken Warner,Ken Werner,applied,author_lookup,,,,
John Chiapello,John Chiatello,applied,author_lookup,,,,
Calvin Welsch,Calvin Welch,applied,author_lookup,,,,
Bill Bundy,Bill Bondy,applied,author_lookup,,,,
Michael Yarny,Michael Yarne,applied,author_lookup,,,,
Antony Leones,Anthony Leones,applied,author_lookup,,,,
Sara Karlinsky,Sarah Karlinsky,applied,author_lookup,,,,
Jane Twan,Jane Chan,applied,author_lookup,,,,
Frank Sweiss,Frank Weiss,applied,author_lookup,,,,
Cynthia Servethick,Cynthia Servetnick,applied,author_lookup,,,,
Doug Cane,Doug Cain,applied,author_lookup,,,,
Marc Solomon,Mark Solomon,applied,author_lookup,,,,
Jonathan Ioutt,Jonathan Youtt,applied,author_lookup,,,,
Tom Roca,Tom Rocca,applied,author_lookup,,,,
Michael Khan,Michael Lan,applied,author_lookup,,,,
Marc Bruno,Mark Bruno,applied,author_lookup,,,,
Julie Leadbetter,Julie Ledbetter,applied,author_lookup,,,,
Douglass Tom,Douglas Tom,applied,author_lookup,,,,
Ahmad Larizadeth,Ahmad Larizadeh,applied,author_lookup,,,,
Michael Schoolnick,Michael Schoolnik,applied,author_lookup,,,,
Jerry Augusta,Jerry Agusta,applied,author_lookup,,,,
Randy Webster,Randi Webster,applied,author_lookup,,,,
Francisco DaCosta,Francisco Da Costa,applied,author_lookup,,,,
Jon Lau,John Lau,applied,author_lookup,,,,
Jamie Charry,Jamie Cherry,applied,author_lookup,,,,
Lincoln Lu,Lincoln Lue,applied,author_lookup,,,,
Andrew Maretos,Andrew Marefos,applied,author_lookup,,,,
Tim Cohen,Tim Colen,applied,author_lookup,,,,
Martin Kickwood,Martin Kirkwood,applied,author_lookup,,,,
Doug Chan,Doug Cain,applied,author_lookup,,,,
Tommy Eng,Tommy Tang,applied,author_lookup,,,,
Simon Quang,Simon Quan,applied,author_lookup,,,,
Jude Deckenback,Jude Deckenbach,applied,author_lookup,,,,
Dario Romero,Dairo Romero,applied,author_lookup,,,,
Joan wood,Jan Wood,applied,author_lookup,,,,
Sarah Karlisnky,Sarah Karlinsky,applied,author_lookup,,,,
Cynthia Serventnick,Cynthia Servetnick,applied,author_lookup,,,,
Jean O'Connell,John O'Connell,applied,author_lookup,,,,
Mike Garavaghia,Mike Garavaglia,applied,author_lookup,,,,
Susan Bryant,Susan Bryan,applied,author_lookup,,,,
Jim Salinas Jr,Jim Salinas Sr,applied,author_lookup,,,,
Michael Adhler,Michael Adler,applied,author_lookup,,,,
Michael Yarni,Michael Yarne,applied,author_lookup,,,,
Yick Wong,Dick Wong,applied,author_lookup,,,,
Dawn Trennett,Dawn Trennert,applied,author_lookup,,,,
Date Sofis,Kate Sofis,applied,author_lookup,,,,
Sandy Mak,Sandy Mack,applied,author_lookup,,,,
Tom Libby,Ron Libby,applied,author_lookup,,,,
Andrew Mane,Andrew Tang,applied,author_lookup,,,,
Anthony Raber,Anthony Faber,applied,author_lookup,,,,
Kevin Westlye,Kevin Westley,applied,author_lookup,,,,
Kathloen Dooley,Kathleen Dooley,applied,author_lookup,,,,
Steve Clark,Steve Black,applied,author_lookup,,,,
Willie Adams,Wylie Adams,applied,author_lookup,,,,
Michael Sihoolnik,Michael Schoolnik,applied,author_lookup,,,,
John Lougthran,John Loughran,applied,author_lookup,,,,
Joerte Murray,Doerte Murray,applied,author_lookup,,,,
Carol Glosenger,Carole Glosenger,applied,author_lookup,,,,
Vedica Purt,Vedica Puri,applied,author_lookup,,,,
Marcus Starkey,Marius Starkey,applied,author_lookup,,,,
Joe Cain,Joey Cain,applied,author_lookup,,,,
Ben Rodman,Ben Goldman,applied,author_lookup,,,,
Marc Daffett,Marc Duffett,applied,author_lookup,,,,
Stefano Casjolato,Stefano Cassolato,applied,author_lookup,,,,
Brooke Sampson,Brook Sampson,applied,author_lookup,,,,
Steven Swanson,Steve Swanson,applied,author_lookup,,,,
Dean Garson,Dean Larson,applied,author_lookup,,,,
Octavia plan,Octavia Plan,applied,author_lookup,,,,
Kathleen Dooly,Kathleen Dooley,applied,author_lookup,,,,
Tommy Hung,Tommy Tang,applied,author_lookup,,,,
Tom Hordon,Tom Horn,applied,author_lookup,,,,
Scott Winner,Scott Wiener,applied,author_lookup,,,,
Shaun Matlin,Shauna Matlin,applied,author_lookup,,,,
Pia Heapy,Pia Heaphy,applied,author_lookup,,,,
Johan Madoor,Johan Majoor,applied,author_lookup,,,,
Carol Barownson,Carol Brownson,applied,author_lookup,,,,
Raymond Smith,Raymon Smith,applied,author_lookup,,,,
Bevan Duffy,Bevan Dufty,applied,author_lookup,,,,
David Troupe,David Troup,applied,author_lookup,,,,
Judith Hoygm,Judith Hoyem,applied,author_lookup,,,,
Wei Liu,Wei Li,applied,author_lookup,,,,
Don Weaver,Dan Weaver,applied,author_lookup,,,,
Joe butler,Joe Butler,applied,author_lookup,,,,
Jezzie Collins,Jazzie Collins,applied,author_lookup,,,,
Marc Brandt,Mark Brand,applied,author_lookup,,,,
Michael O'Conner,Michael O'Connor,applied,author_lookup,,,,
Cheryl Shultz,Cheryl Schultz,applied,author_lookup,,,,
Steve Woo,Steve Fox,applied,author_lookup,,,,
Otto Duff,Otto Duffy,applied,author_lookup,,,,
Mea Curry,Lea Curry,applied,author_lookup,,,,
William Abnd,William Abend,applied,author_lookup,,,,
Michael Hammon,Michael Hamman,applied,author_lookup,,,,
Alice Clary,Alice Carey,applied,author_lookup,,,,
Sam Brown,Tom Brown,applied,author_lookup,,,,
Andrew Tabb,Andrew Tang,applied,author_lookup,,,,
Bran Goodwin,Brian Goodwin,applied,author_lookup,,,,
Kathleen Dootey,Kathleen Dooley,applied,author_lookup,,,,
Dan Geller,Dan Keller,applied,author_lookup,,,,
Brian Sheehy,Brian Shee,applied,author_lookup,,,,
Kevin Wade,Kevin Ware,applied,author_lookup,,,,
Rudy Asereion,Rudy Asercion,applied,author_lookup,,,,
Ron Lewis,Don Lewis,applied,author_lookup,,,,
Leo Cassady,Leo Cassidy,applied,author_lookup,,,,
Jim Moon,Jim Soos,applied,author_lookup,,,,
John Dem,John Lum,applied,author_lookup,,,,
Aldo Caccomo,Aldo Caccamo,applied,author_lookup,,,,
Elizabeth Pomeda,Elizabeth Pomada,applied,author_lookup,,,,
Debbi Lerman,Debbie Lerman,applied,author_lookup,,,,
Kil Young,Tim Young,applied,author_lookup,,,,
Lylie Adams,Wylie Adams,applied,author_lookup,,,,
Jace Levinton,Jace Levinson,applied,author_lookup,,,,
Leo chow,Leo Chow,applied,author_lookup,,,,
Judy Hoyam,Judy Hoyem,applied,author_lookup,,,,
Shelley Bradford-Bell,Shelley Bradford Bell,applied,author_lookup,,,,
Rick Hirsch,Rick Hirch,applied,author_lookup,,,,
Teresa Ouque,Teresa Duque,applied,author_lookup,,,,
Al Worman,Al Norman,applied,author_lookup,,,,
Jason Hendesson,Jason Henderson,applied,author_lookup,,,,
Tim colen,Tim Colen,applied,author_lookup,,,,
Manny flores,Manny Flores,applied,author_lookup,,,,
Skott Kuiper,Skot Kuiper,applied,author_lookup,,,,
Gregroy Ledbetter,Gregory Ledbetter,applied,author_lookup,,,,
Jim chon,Jim Chan,applied,author_lookup,,,,
Clay Foster,Jay Foster,applied,author_lookup,,,,
Johnson Chiu,Johnson Chow,applied,author_lookup,,,,
Manny Florez,Manny Flores,applied,author_lookup,,,,
Inga Horton,Inge Horton,applied,author_lookup,,,,
Mary Ann miller,Mary Ann Miller,applied,author_lookup,,,,
Bill Fuson,Bill Hudson,applied,author_lookup,,,,
Alice Cares,Alice Carey,applied,author_lookup,,,,
Kathleen Dooloy,Kathleen Dooley,applied,author_lookup,,,,
Greg Lean,Greg Lan,applied,author_lookup,,,,
Ramon Hernandes,Ramon Hernandez,applied,author_lookup,,,,
Skot Kulper,Skot Kuiper,applied,author_lookup,,,,
Frankllin Bowles,Franklin Bowles,applied,author_lookup,,,,
Elmore Patric,Elmore Patrick,applied,author_lookup,,,,
Sal Bloom,Saul Bloom,applied,author_lookup,,,,
Michael Hennesy,Michael Hennessy,applied,author_lookup,,,,
Joel Koppell,Joel Koppel,applied,author_lookup,,,,
David Elliot Lewis,David Elliott Lewis,applied,author_lookup,,,,
Azmeer Salley,Azmeer Salleh,applied,author_lookup,,,,
Tina Moyian,Tina Moylan,applied,author_lookup,,,,
Andrea Fong,Andrew Fung,applied,author_lookup,,,,
Kenneth Catterlia,Kenneth Catterlin,applied,author_lookup,,,,
May Kung,Mary Jung,applied,author_lookup,,,,
Wei Qi,Wei Li,applied,author_lookup,,,,
Henry Chen,Henry Chan,applied,author_lookup,,,,
Leon Chow,Leon Low,applied,author_lookup,,,,
Malayne Morran,Marlayne Morgan,applied,author_lookup,,,,
Jim Cook,Jim Soos,applied,author_lookup,,,,
Henry Kernilowicz,Henry Karnilowicz,applied,author_lookup,,,,
Richard Hankin,Richard Hanlin,applied,author_lookup,,,,
Mark Leach,Mark Welch,applied,author_lookup,,,,
Stepehn Adams,Stephen Adams,applied,author_lookup,,,,
Donal Sambucci,Donald Sambucci,applied,author_lookup,,,,
Willliam Pashelinsky,William Pashelinsky,applied,author_lookup,,,,
Stephen Berezin,Stepehn Berezin,applied,author_lookup,,,,
Michael Koehn,Michael Cohen,applied,author_lookup,,,,
Mark Salomon,Mark Solomon,applied,author_lookup,,,,
Michael Russom,Michael Russum,applied,author_lookup,,,,
Javier Florez,Javier Flores,applied,author_lookup,,,,
Thomas Modland,Thomas Madland,applied,author_lookup,,,,
Eddie Ann,Eddie Ong,applied,author_lookup,,,,
Mary Macy,Mark Macy,applied,author_lookup,,,,
Richard Lerner,Richard Worner,applied,author_lookup,,,,
Shaman Walton,Shamann Walton,applied,author_lookup,,,,
Rick Hirsh,Rick Hirch,applied,author_lookup,,,,
Gail Gilman,Gail Goldman,applied,author_lookup,,,,
Sue Vaughn,Sue Vaughan,applied,author_lookup,,,,
Kevin Sinclari,Kevin Sinclair,applied,author_lookup,,,,
Sam Williams,Ema Williams,applied,author_lookup,,,,
Bob Kostow,Rob Kostow,applied,author_lookup,,,,
Elaine Lago,Elaine Lugo,applied,author_lookup,,,,
Stefano Cassalato,Stefano Cassolato,applied,author_lookup,,,,
Elizabeth Shyperti,Elizabeth Shypertt,applied,author_lookup,,,,
Jonathan Schwarfman,Jonathan Scharfman,applied,author_lookup,,,,
Harlan Hoffman,Harland Hoffman,applied,author_lookup,,,,
Zahid Sardai,Zahid Sardar,applied,author_lookup,,,,
Robert Raics,Robert Raich,applied,author_lookup,,,,
Lorenzo Listanza,Lorenzo Listana,applied,author_lookup,,,,
Cathleen Courtney,Kathleen Courtney,applied,author_lookup,,,,
Scott Kniper,Scott Kiper,applied,author_lookup,,,,
Brook Simpson,Brook Sampson,applied,author_lookup,,,,
Gail Coleman,Gail Goldman,applied,author_lookup,,,,
Gail Gillman,Gail Goldman,applied,author_lookup,,,,
John Millar,John Mullan,applied,author_lookup,,,,
David Elliott-Lewis,David Elliott Lewis,applied,author_lookup,,,,
Robert Barcelli,Robert Bardell,applied,author_lookup,,,,
Lynne Stein,Lynn Stein,applied,author_lookup,,,,
Frederick Allardyee,Frederick Allardyce,applied,author_lookup,,,,
Christine Stout,Christina Stout,applied,author_lookup,,,,
Rod Minett,Rod Minott,applied,author_lookup,,,,
Robin Talmage,Robin Talmadge,applied,author_lookup,,,,
Rita Alvian,Rita Alviar,applied,author_lookup,,,,
Charles Belbin,Charles Belvin,applied,author_lookup,,,,
Chris Stakes,Chris Stokes,applied,author_lookup,,,,
Tobi Levi,Toby Levy,applied,author_lookup,,,,
Andrew Greg,Andrew Gregg,applied,author_lookup,,,,
Sara Karlisnky,Sara Karlinsky,applied,author_lookup,,,,
Scot Kuiper,Skot Kuiper,applied,author_lookup,,,,
Janet Myer,Janet Myers,applied,author_lookup,,,,
David Mostovay,David Mostovoy,applied,author_lookup,,,,
Skot Kuipen,Skot Kuiper,applied,author_lookup,,,,
Jack Rider,Jack Ryder,applied,author_lookup,,,,
Dawn Trenert,Dawn Trennert,applied,author_lookup,,,,
John Gaul,John Paul,applied,author_lookup,,,,
Stewart Norton,Stewart Morton,applied,author_lookup,,,,
Franti Cannata,Frank Cannata,applied,author_lookup,,,,
Dawn Trenner,Dawn Trennert,applied,author_lookup,,,,
Hanly Chan,Hanley Chan,applied,author_lookup,,,,
Brant McDonald,Brent McDonald,applied,author_lookup,,,,
Dan Kengsly,Dan Kingsley,applied,author_lookup,,,,
Emily Linn,Emily Lin,applied,author_lookup,,,,
Dee Dee Wordman,Dee Dee Workman,applied,author_lookup,,,,
Chris Fowley,Chris Foley,applied,author_lookup,,,,
John Kevin,John Melvin,applied,author_lookup,,,,
Jack Vognien,Jack Vognsen,applied,author_lookup,,,,
Sara Jalali,Sarah Jalali,applied,author_lookup,,,,
Ana Lazo,Anna Lazo,applied,author_lookup,,,,
Jim Warshall,Jim Warshell,applied,author_lookup,,,,
Carlin Welch,Calvin Welch,applied,author_lookup,,,,
Tom Ruadulavich,Tom Radulovich,applied,author_lookup,,,,
Kris Schulman,Chris Schulman,applied,author_lookup,,,,
Kelley Condon,Kelly Condon,applied,author_lookup,,,,
Jennifer Friederbach,Jennifer Friedenbach,applied,author_lookup,,,,
Sara Shortt,Sara Short,applied,author_lookup,,,,
Caroline Guilbert,Caroline Guibert,applied,author_lookup,,,,
Rubin Santiago,Ruben Santiago,applied,author_lookup,,,,
Francisco de Casta,Francisco de Costa,applied,author_lookup,,,,
Danny Cambell,Danny Campbell,applied,author_lookup,,,,
Miguel Carera,Miguel Carrera,applied,author_lookup,,,,
Jeanne Quack,Jeanne Quock,applied,author_lookup,,,,
Sara Short,Sarah Short,applied,author_lookup,,,,
Marlene Morgan,Marlayne Morgan,applied,author_lookup,,,,
Robert Bardelh,Robert Bardell,applied,author_lookup,,,,
Merlagne Morgan,Marlayne Morgan,applied,author_lookup,,,,
Rowen Jen,Rowena Jen,applied,author_lookup,,,,
Jim Worshell,Jim Warshell,applied,author_lookup,,,,
Kelley Pretzer,Kelly Pretzer,applied,author_lookup,,,,
Scott Keiper,Scott Kiper,applied,author_lookup,,,,
Tom Tempreno,Tom Temprano,applied,author_lookup,,,,
Daniel Bererrac,Daniel Bergerac,applied,author_lookup,,,,
Judith Hoyen,Judith Hoyem,applied,author_lookup,,,,
Jennifer Warbur,Jennifer Warburg,applied,author_lookup,,,,
Angus AWhyte,Angus Whyte,applied,author_lookup,,,,
Frederic West,Fredric West,applied,author_lookup,,,,
Barbar Russell,Barbara Russell,applied,author_lookup,,,,
Doug AWilkins,Doug Wilkins,applied,author_lookup,,,,
Tim Nelson,Tom Nelson,applied,author_lookup,,,,
Tim Collen,Tim Colen,applied,author_lookup,,,,
Bernie Chuden,Bernie Choden,applied,author_lookup,,,,
Michael Russem,Michael Russum,applied,author_lookup,,,,
Roland Solato,Roland Salvato,applied,author_lookup,,,,
David Merkel,David Meckel,applied,author_lookup,,,,
John Sadler,John Sanger,applied,author_lookup,,,,
Todd David,Todd Mavis,applied,author_lookup,,,,
Erik Brooks,Eric Brooks,applied,author_lookup,,,,
Roldan Salvato,Roland Salvato,applied,author_lookup,,,,
Scott Kuiper,Skot Kuiper,applied,author_lookup,,,,
Joe Harvey,Joe Garvey,applied,author_lookup,,,,
Jeff Haas,Jeff Hall,applied,author_lookup,,,,
Ferz Mirza,Feraz Mirza,applied,author_lookup,,,,
Chris Olson,Chris Olsen,applied,author_lookup,,,,
Charlie Shams,Charlie Shamas,applied,author_lookup,,,,
Nancy Gribbler,Nancy Gribler,applied,author_lookup,,,,
Jennifer Kay,Jennifer Kan,applied,author_lookup,,,,
Reed Minut,Reed Minuth,applied,author_lookup,,,,
Judith Noyem,Judith Hoyem,applied,author_lookup,,,,
Donna Logan,Donna Morgan,applied,author_lookup,,,,
Rose Low,Rose Lew,applied,author_lookup,,,,
Brian McDonald,Brian MacDonald,applied,author_lookup,,,,
Richard McCree,Richard McRee,applied,author_lookup,,,,
Susan Willey,Susan Miller,applied,author_lookup,,,,
Eric Honda,Erik Honda,applied,author_lookup,,,,
Jonathan Perlman,Jonathan Pearlman,applied,author_lookup,,,,
Patrick Balentino,Patrick Valentino,applied,author_lookup,,,,
Marlyne Morgan,Marlayne Morgan,applied,author_lookup,,,,
Mike Therault,Mike Theriault,applied,author_lookup,,,,
Dierk Demers,Dirk Demers,applied,author_lookup,,,,
Dianna Scott,Diana Scott,applied,author_lookup,,,,
Jeff Kramer,Jeff Marmer,applied,author_lookup,,,,
Richard Rockman,Richard Rothman,applied,author_lookup,,,,
Maria Samudio,Maria Zamudio,applied,author_lookup,,,,
Andrew Powers,Andres Powers,applied,author_lookup,,,,
Ahmad Mohazab,Ahmad Mohazeb,applied,author_lookup,,,,
Angelo Tickler,Angela Tickler,applied,author_lookup,,,,
Gustavo Serena,Gustavo Serina,applied,author_lookup,,,,
Deniss Richards,Dennis Richards,applied,author_lookup,,,,
Lorn Dittfield,Lorn Dittfeld,applied,author_lookup,,,,
Craig Hemberg,Craig Hamburg,applied,author_lookup,,,,
Mike Shell,Mike Sher,applied,author_lookup,,,,
Mary Elliza,Mari Eliza,applied,author_lookup,,,,
Stephanie Chan,Stephanie Chang,applied,author_lookup,,,,
Pat Turra,Pat Tura,applied,author_lookup,,,,
Krispin Hollings,Crispin Hollings,applied,author_lookup,,,,
Alan Beach Nelson,Alan BeachNelson,applied,author_lookup,,,,
Adam Rengel,Adam Ringel,applied,author_lookup,,,,
Mica Rengel,Mica Ringel,applied,author_lookup,,,,
Susan Frye,Susan Fry,applied,author_lookup,,,,
Henry Kanilowicz,Henry Karnilowicz,applied,author_lookup,,,,
Alex Long,Alex Wong,applied,author_lookup,,,,
Brian Bassinger,Brian Basinger,applied,author_lookup,,,,
Jeremy Schawb,Jeremy Shaw,applied,author_lookup,,,,
Nancy Dody,Nancy Doty,applied,author_lookup,,,,
Chris Schuman,Chris Schulman,applied,author_lookup,,,,
Robert Edmunds,Robert Edmonds,applied,author_lookup,,,,
Chris Schullman,Chris Schulman,applied,author_lookup,,,,
Jose Garcia,Josh Garcia,applied,author_lookup,,,,
Steve Shanks,Steve Sacks,applied,author_lookup,,,,
Patrice Fabrini,Patrice Fambrini,applied,author_lookup,,,,
Dan Trennert,Dawn Trennert,applied,author_lookup,,,,
Jon Lum,John Lum,applied,author_lookup,,,,
Patricia Loveluck,Patricia Lovelock,applied,author_lookup,,,,
Kevin carrol,Kevin Carroll,applied,author_lookup,,,,
Steven Russo,Steven Buss,applied,author_lookup,,,,
Paullete Taggart,Paulett Taggart,applied,author_lookup,,,,
Steve Waz,Steve Lau,applied,author_lookup,,,,
Anne Hedges,Ann Hedges,applied,author_lookup,,,,
Ben Coleman,Ben Goldman,applied,author_lookup,,,,
Pamela Mendelsen,Pamela Mendelson,applied,author_lookup,,,,
Dan Libertson,Dan Liberthson,applied,author_lookup,,,,
Tom Ross,Ted Ross,applied,author_lookup,,,,
John Bartas,John Bardis,applied,author_lookup,,,,
Alex Schroder,Alex Schroeder,applied,author_lookup,,,,
Rick Millittello,Rick Millittelo,applied,author_lookup,,,,
Kevin Carrol,Kevin Carroll,applied,author_lookup,,,,
Paulette Tagart,Paulett Taggart,applied,author_lookup,,,,
Ian Burchel,Ian Burchell,applied,author_lookup,,,,
Tom Chanlder,Tom Chandler,applied,author_lookup,,,,
Chris Schafer,Chris Schaffer,applied,author_lookup,,,,
Chirs Schafer,Chris Schaffer,applied,author_lookup,,,,
Kathy Smith,Cathy Smith,applied,author_lookup,,,,
John Martinelli,Jon Martinelli,applied,author_lookup,,,,
Jeremy Shaub,Jeremy Shaw,applied,author_lookup,,,,
Dawn Saunders,Dan Saunders,applied,author_lookup,,,,
John Ugdike,John Updike,applied,author_lookup,,,,
Jesse Herzod,Jesse Herzog,applied,author_lookup,,,,
Sonja Trouss,Sonja Trauss,applied,author_lookup,,,,
Bryan Webster,Brian Webster,applied,author_lookup,,,,
Jonathan Sharfman,Jonathan Scharfman,applied,author_lookup,,,,
Jay Cheng,Jay Chang,applied,author_lookup,,,,
Jim Worshel,Jim Warshell,applied,author_lookup,,,,
Wendy Mog,Wendy Mogg,applied,author_lookup,,,,
Pamela Menelson,Pamela Mendelson,applied,author_lookup,,,,
Robert Bordel,Robert Bardell,applied,author_lookup,,,,
Ty Bush,Ty Bash,applied,author_lookup,,,,
Jen Low,Leon Low,applied,author_lookup,,,,
Oscar Isles,Oscar Islas,applied,author_lookup,,,,
Denise Dorry,Denise Dorey,applied,author_lookup,,,,
Emily Less,Emily Lee,applied,author_lookup,,,,
Glenn Rescaldo,Glenn Rescalvo,applied,author_lookup,,,,
Rudy Corpus,Rudy Corpuz,applied,author_lookup,,,,
Scott Embladge,Scott Emblidge,applied,author_lookup,,,,
Jim Marshal,Jim Marshall,applied,author_lookup,,,,
Catherine Edsel,Catherine Etzel,applied,author_lookup,,,,
Stewart Morten,Stewart Morton,applied,author_lookup,,,,
Rob Pool,Rob Poole,applied,author_lookup,,,,
Rose Hilson,Rose Wilson,applied,author_lookup,,,,
Joe Coppel,Joel Koppel,applied,author_lookup,,,,
Aaron Miller,Baron Miller,applied,author_lookup,,,,
Joel Coppel,Joel Koppel,applied,author_lookup,,,,
John O'Connel,John O'Connell,applied,author_lookup,,,,
Dawn Treunert,Dawn Trennert,applied,author_lookup,,,,
Craig Hamberg,Craig Hamburg,applied,author_lookup,,,,
Elloy Martinez,Eloy Martinez,applied,author_lookup,,,,
Dawn Trenuert,Dawn Trennert,applied,author_lookup,,,,
Alice Koahatsu,Alice Kowahatsu,applied,author_lookup,,,,
John Stoll,John Doll,applied,author_lookup,,,,
Sean Kiegron,Sean Kiegran,applied,author_lookup,,,,
Kadir Seth,Kabir Seth,applied,author_lookup,,,,
Keith Freeman,Keith Freedman,applied,author_lookup,,,,
Susan Tibon,Susan Tibbon,applied,author_lookup,,,,
Jeff Wood,Jeff Woo,applied,author_lookup,,,,
John Bartus,John Bardis,applied,author_lookup,,,,
Sharilyn Adams,Sherilyn Adams,applied,author_lookup,,,,
Bruno Kantner,Bruno Kanter,applied,author_lookup,,,,
Chris Durken,Chris Durkin,applied,author_lookup,,,,
Shiela Schroeder,Sheila Schroeder,applied,author_lookup,,,,
Jane Wild,Jane Weil,applied,author_lookup,,,,
Tom Tunney,Tom Tunny,applied,author_lookup,,,,
David Canon,David Cannon,applied,author_lookup,,,,
Rich Goldman,Rick Goldman,applied,author_lookup,,,,
Dirk Aguillar,Dirk Aguilar,applied,author_lookup,,,,
Marianne Dresner,Maryanne Dresner,applied,author_lookup,,,,
Joseph Smoot,Joseph Smooke,applied,author_lookup,,,,
Michael Aldritch,Michael Aldrich,applied,author_lookup,,,,
Sara Schrader,Sarah Schrader,applied,author_lookup,,,,
Owen Kennerlly,Owen Kennerly,applied,author_lookup,,,,
Jesse Bloutt,Jesse Blout,applied,author_lookup,,,,
Todd Ruko,Todd Rufo,applied,author_lookup,,,,
Sean Ingalls,Sean Engalls,applied,author_lookup,,,,
Allison Heath,Alison Heath,applied,author_lookup,,,,
Dan Frattan,Dan Frattin,applied,author_lookup,,,,
Lewis Buttler,Lewis Butler,applied,author_lookup,,,,
Jaram Altman,Joram Altman,applied,author_lookup,,,,
Kirk Aguilar,Dirk Aguilar,applied,author_lookup,,,,
Adam Tarakovsky,Adam Tartakovsky,applied,author_lookup,,,,
Joselyn Kane,Jocelyn Kane,applied,author_lookup,,,,
Julian Ball,Julien Ball,applied,author_lookup,,,,
Iris Bigglowitz,Iris Biblowitz,applied,author_lookup,,,,
Christine Olague,Christina Olague,applied,author_lookup,,,,
Jake Shimano,Jake Shemano,applied,author_lookup,,,,
John Schwork,John Schwerk,applied,author_lookup,,,,
Lester Zeigman,Lester Zeidman,applied,author_lookup,,,,
Phillip Anosovich,Philip Anasovich,applied,author_lookup,,,,
Lorraine Fetty,Lorraine Petty,applied,author_lookup,,,,
Henry Karmlowicz,Henry Karnilowicz,applied,author_lookup,,,,
Brad Terrel,Brad Terrell,applied,author_lookup,,,,
Jason Tran,Jason Chan,applied,author_lookup,,,,
Mike Pitter,Mike Pittler,applied,author_lookup,,,,
Andres Power,Andres Powers,applied,author_lookup,,,,
Dina Long,Lina Hong,applied,author_lookup,,,,
Sydney Ma,Sydney Lam,applied,author_lookup,,,,
Wendy Lie,Wendy Lee,applied,author_lookup,,,,
Mimi Young,Tim Young,applied,author_lookup,,,,
Alan Love,Alan Lowe,applied,author_lookup,,,,
Curtis Bradfor,Curtis Bradford,applied,author_lookup,,,,
Will Millar,Will Millard,applied,author_lookup,,,,
Marie Eliza,Mari Eliza,applied,author_lookup,,,,
Catherine Pettrin,Katherine Petrin,applied,author_lookup,,,,
Mike Bulher,Mike Buhler,applied,author_lookup,,,,
Joe Koppel,Joel Koppel,applied,author_lookup,,,,
Steven Shula,Steven Shum,applied,author_lookup,,,,
Robert Hernandez,Roberto Hernandez,applied,author_lookup,,,,
Dido Romero,Dairo Romero,applied,author_lookup,,,,
Danny Yaegar,Danny Yadegar,applied,author_lookup,,,,
Teresa Imperial,Theresa Imperial,applied,author_lookup,,,,
Jane While,Jane Weil,applied,author_lookup,,,,
Tom Redulavich,Tom Radulovich,applied,author_lookup,,,,
Kate Hartely,Kate Hartley,applied,author_lookup,,,,
Moi Ng,Moy Ng,applied,author_lookup,,,,
Marei Soranson,Marie Sorenson,applied,author_lookup,,,,
Jeff Hooper,Jeff Horner,applied,author_lookup,,,,
Lane Stein,Lynn Stein,applied,author_lookup,,,,
Jeanne Scott,Jeanie Scott,applied,author_lookup,,,,
Stephanie Cahina,Stephanie Cajina,applied,author_lookup,,,,
Melina Sarjapur,Melinda Sarjapur,applied,author_lookup,,,,
Shelby Johnsons,Shelby Johnson,applied,author_lookup,,,,
Brandan Hallinan,Brendan Hallinan,applied,author_lookup,,,,
Donald Dussoff,Donald Dusseff,applied,author_lookup,,,,
Lena Emery,Lena Emmery,applied,author_lookup,,,,
Tracy Rosenburg,Tracy Rosenberg,applied,author_lookup,,,,
Kate Gibson,Kate Wilson,applied,author_lookup,,,,
Mary Sorenson,Marie Sorenson,applied,author_lookup,,,,
Rich Gerhardter,Rick Gerharter,applied,author_lookup,,,,
Margo Gomez,Marga Gomez,applied,author_lookup,,,,
Angelica Cobante,Angelica Cobande,applied,author_lookup,,,,
Teiro Romero,Dairo Romero,applied,author_lookup,,,,
Mat Regan,Matt Regan,applied,author_lookup,,,,
Judy Barbono,Judy Barbonio,applied,author_lookup,,,,
John Schwarck,John Schwerck,applied,author_lookup,,,,
Carlos Durandt,Carlos Duran,applied,author_lookup,,,,
Dany Yadezar,Danny Yadegar,applied,author_lookup,,,,
Chris Sparks,Chris Parks,applied,author_lookup,,,,
Kelley Melendez,Kelly Melendez,applied,author_lookup,,,,
Mary Eliza,Mari Eliza,applied,author_lookup,,,,
Donald Dusseff,Donald Dousseff,applied,author_lookup,,,,
Asha Safai,Ahsha Safai,applied,author_lookup,,,,
Donald Douseff,Donald Dousseff,applied,author_lookup,,,,
Dian Ruiz,Diane Ruiz,applied,author_lookup,,,,
Serena Calhoun,Serina Calhoun,applied,author_lookup,,,,
Melinda Sarjapor,Melinda Sarjapur,applied,author_lookup,,,,
Donna Dorian,Donna Morgan,applied,author_lookup,,,,
Daniel Bergerack,Daniel Bergerac,applied,author_lookup,,,,
Jim Angelos,Jim Angelus,applied,author_lookup,,,,
Gil Kelley,Tim Kelley,applied,author_lookup,,,,
Kristy Wang,Kristy Wong,applied,author_lookup,,,,
Reb Poole,Rob Poole,applied,author_lookup,,,,
Matt Snyder,Marc Snyder,applied,author_lookup,,,,
Tom Schmidt,Ron Schmidt,applied,author_lookup,,,,
Spike Kahn,Spike Khan,applied,author_lookup,,,,
Von Lewis,Don Lewis,applied,author_lookup,,,,
Michael Nulte,Michael Nulty,applied,author_lookup,,,,
Marie Sorensen,Marie Sorenson,applied,author_lookup,,,,
Maya Small,Maia Small,applied,author_lookup,,,,
Bernie Coden,Bernie Choden,applied,author_lookup,,,,
Theresa Flandrick,Theresa Flandrich,applied,author_lookup,,,,
Jim Segal,Jim Siegel,applied,author_lookup,,,,
Rafael Solori,Rafael Solari,applied,author_lookup,,,,
Jonathan Bouato,Jonathan Bonato,applied,author_lookup,,,,
Jeff Horn,Jeff Horner,applied,author_lookup,,,,
Tom Tuney,Tom Tunny,applied,author_lookup,,,,
David Toup,David Troup,applied,author_lookup,,,,
Mason Kriby,Mason Kirby,applied,author_lookup,,,,
Tim Jones,Tom Jones,applied,author_lookup,,,,
Fernando Martis,Fernando Marti,applied,author_lookup,,,,
Penelope Clarke,Penelope Clark,applied,author_lookup,,,,
Kate Connor,Kate Conner,applied,author_lookup,,,,
Jude Deckenbock,Jude Deckenbach,applied,author_lookup,,,,
Ali Kirby,Alex Kirby,applied,author_lookup,,,,
Wade Weitgrefe,Wade Wietgrefe,applied,author_lookup,,,,
Tilly Chan,Tilly Chang,applied,author_lookup,,,,
Ed Riskin,Ed Reiskin,applied,author_lookup,,,,
Andy Thornly,Andy Thornley,applied,author_lookup,,,,
John Schwark,John Schwerk,applied,author_lookup,,,,
Chris Bradford,Curtis Bradford,applied,author_lookup,,,,
Sydney Day,Sydney Lam,applied,author_lookup,,,,
Steve Chung,Steve Chen,applied,author_lookup,,,,
Linda Raemy,Linda Ramey,applied,author_lookup,,,,
Claude Everheart,Claude Everhart,applied,author_lookup,,,,
Mark Babsen,Mark Babson,applied,author_lookup,,,,
Sean Kiegram,Sean Kiegran,applied,author_lookup,,,,
Tairo Romero,Dairo Romero,applied,author_lookup,,,,
Bill Holtsman,Bill Holtzman,applied,author_lookup,,,,
Charles Olsen,Charles Olson,applied,author_lookup,,,,
Bill Chin,Bill Cahan,applied,author_lookup,,,,
Misha Livas,Misha Olivas,applied,author_lookup,,,,
Gail Vaugh,Gail Baugh,applied,author_lookup,,,,
Jim Workshell,Jim Warshell,applied,author_lookup,,,,
Jude Dekenbach,Jude Deckenbach,applied,author_lookup,,,,
Lilia Chow,Lillian Chow,applied,author_lookup,,,,
Michael Therault,Michael Theriault,applied,author_lookup,,,,
John Spangler,John Sanger,applied,author_lookup,,,,
Deepa Verma,Deepa Varma,applied,author_lookup,,,,
Tommy Arecola Mecca,Tommy Avecola Mecca,applied,author_lookup,,,,
Mark Harris,Mary Harris,applied,author_lookup,,,,
Maria Sorenson,Marie Sorenson,applied,author_lookup,,,,
Alex Landsberg,Alex Lansberg,applied,author_lookup,,,,
Frank Canada,Frank Cannata,applied,author_lookup,,,,
Stephen Hornell,Stephen Cornell,applied,author_lookup,,,,
Anmarie Rodgers,AnMarie Rodgers,applied,author_lookup,,,,
David Quimby,David Quinby,applied,author_lookup,,,,
Mark Burbo,Mark Bruno,applied,author_lookup,,,,
Tammy Blackstone,Cammy Blackstone,applied,author_lookup,,,,
Sonja Trans,Sonja Traus,applied,author_lookup,,,,
Kate Harley,Kate Hartley,applied,author_lookup,,,,
Gayle Baugh,Gail Baugh,applied,author_lookup,,,,
Aaron Staff,Aaron David Starr,applied,author_lookup,,,,
Patricia Kernan,Patricia Kerman,applied,author_lookup,,,,
Frank Fung,Frank Hung,applied,author_lookup,,,,
Kevin Guy,Kevin Huey,applied,author_lookup,,,,
Norman Cho,Norma Cho,applied,author_lookup,,,,
Mark Macey,Mark Macy,applied,author_lookup,,,,
Jeremy Polluck,Jeremy Pollack,applied,author_lookup,,,,
Kris Schaffer,Chris Schaffer,applied,author_lookup,,,,
Pat Delgato,Pat Delgado,applied,author_lookup,,,,
Cris Schulman,Chris Schulman,applied,author_lookup,,,,
Tom McEllroy,Tom McElroy,applied,author_lookup,,,,
Wade Wietgreffe,Wade Wietgrefe,applied,author_lookup,,,,
Ed Riesken,Ed Reiskin,applied,author_lookup,,,,
Tom Radoulovich,Tom Radulovich,applied,author_lookup,,,,
Cragi Webber,Craig Weber,applied,author_lookup,,,,
Amie Fryman,Annie Fryman,applied,author_lookup,,,,
Jessie Henry,Jesse Henry,applied,author_lookup,,,,
Susan Tiben,Susan Tibbon,applied,author_lookup,,,,
Gina Carriaga,Gina Cariaga,applied,author_lookup,,,,
Delvin Washinton,Delvin Washington,applied,author_lookup,,,,
Sean Kiegrau,Sean Kiegran,applied,author_lookup,,,,
Ann Brask,Anne Brask,applied,author_lookup,,,,
Rosi Levy,Ross Levy,applied,author_lookup,,,,
Zaned Gresham,Zane Gresham,applied,author_lookup,,,,
Allan Tse,Alan Tse,applied,author_lookup,,,,
David Meckell,David Meckel,applied,author_lookup,,,,
Carlos Durand,Carlos Duran,applied,author_lookup,,,,
Theo Mller,Theo Miller,applied,author_lookup,,,,
Leigh Lutensky,Leigh Lutenski,applied,author_lookup,,,,
Andrew Sunn,Andrew Fung,applied,author_lookup,,,,
Marlaine Morgan,Marlayne Morgan,applied,author_lookup,,,,
Ally Kirby,Alex Kirby,applied,author_lookup,,,,
Tom Funey,Tom Tuney,applied,author_lookup,,,,
Richard Sucre,Rich Sucre,applied,author_lookup,,,,
Tom GIlberti,Tom Gilberti,applied,author_lookup,,,,
Devin Richardson,Deven Richardson,applied,author_lookup,,,,
Heather Philips,Heather Phillips,applied,author_lookup,,,,
Steven Tess,Steven Buss,applied,author_lookup,,,,
Atom McElroy,Tom McElroy,applied,author_lookup,,,,
Melina Hue,Melinda Hue,applied,author_lookup,,,,
Tom Timprano,Tom Temprano,applied,author_lookup,,,,
Shira Bhakta,Chirag Bhakta,applied,author_lookup,,,,
Erin Arguello,Erik Arguello,applied,author_lookup,,,,
Jesse Fernandez,Jessie Fernandez,applied,author_lookup,,,,
Ella Samosnky,Ella Samonsky,applied,author_lookup,,,,
Brenden Hallinan,Brendan Hallinan,applied,author_lookup,,,,
Elizabeth Johnckeer,Elizabeth Gordon Jonckheer,applied,author_lookup,,,,
Stan Tang,Stan Teng,applied,author_lookup,,,,
Mark Weltz,Mark Welch,applied,author_lookup,,,,
Sema Adina,Seema Adina,applied,author_lookup,,,,
Sean Smith,Stan Smith,applied,author_lookup,,,,
Fernando Mattis,Fernando Martis,applied,author_lookup,,,,
Correy Smith,Corey Smith,applied,author_lookup,,,,
Scott Feney,Scott Feeney,applied,author_lookup,,,,
Tuija Catallano,Tuija Catalano,applied,author_lookup,,,,
Tom Rudolovich,Tom Radulovich,applied,author_lookup,,,,
Diana Ponce De Leon,Diana Ponce de Leon,applied,author_lookup,,,,
Miguel Gustos,Miguel Bustos,applied,author_lookup,,,,
Jue Dekenbach,Jude Deckenbach,applied,author_lookup,,,,
Stephen Antenaros,Stephen Antonaros,applied,author_lookup,,,,
Chris Kern,Chris Vera,applied,author_lookup,,,,
Phil Ginsberg,Phil Ginsburg,applied,author_lookup,,,,
Liza Fromer,Lisa Fromer,applied,author_lookup,,,,
Anatasia Yovanopoulos,Anastasia Yovanopoulos,applied,author_lookup,,,,
Jim Zhao,Jim Chan,applied,author_lookup,,,,
Sean Kiegrand,Sean Kiegran,applied,author_lookup,,,,
Jason Bintliff,Jacob Bintliff,applied,author_lookup,,,,
Loraine Petty,Lorraine Petty,applied,author_lookup,,,,
Joseph Smooth,Joseph Smooke,applied,author_lookup,,,,
Marilyn Durand,Marilyn Duran,applied,author_lookup,,,,
Renae Curran,Renee Curran,applied,author_lookup,,,,
Michael Busk,Michael Buck,applied,author_lookup,,,,
Henry Karnikowcz,Henry Karnilowicz,applied,author_lookup,,,,
Michael Bush,Michael Buck,applied,author_lookup,,,,
Loro Lederman,Lori Liederman,applied,author_lookup,,,,
Linda Hoagland,Linda Ajello Hoagland,applied,author_lookup,,,,
William Pashlinsky,William Pashelinsky,applied,author_lookup,,,,
Lee Hepnar,Lee Hepner,applied,author_lookup,,,,
Sam Ray,Sam Lau,applied,author_lookup,,,,
Chloe Angles,Chloe Angelis,applied,author_lookup,,,,
Terry Dickerhoff,Terri Dickerhoff,applied,author_lookup,,,,
Josh Wolf,Josh Wolfe,applied,author_lookup,,,,
Katherin Petrin,Katherine Petrin,applied,author_lookup,,,,
Sean Kiegrin,Sean Kiegran,applied,author_lookup,,,,
Will Henderson,Gill Henderson,applied,author_lookup,,,,
Lilly Langlois,Lily Langlois,applied,author_lookup,,,,
Amanda Mones,Amanda Jones,applied,author_lookup,,,,
Kathy Rizowski,Kathy Wizowski,applied,author_lookup,,,,
Bill Pashelinky,Bill Pashelinsky,applied,author_lookup,,,,
Kathy Lipscum,Kathy Lipscomb,applied,author_lookup,,,,
Teresa Flandrick,Theresa Flandrich,applied,author_lookup,,,,
Tes Welbourn,Tes Welborn,applied,author_lookup,,,,
Ted Olson,Ted Olsen,applied,author_lookup,,,,
Tes Welbourne,Tess Welbourne,applied,author_lookup,,,,
Ian Burchill,Ian Burchell,applied,author_lookup,,,,
Stephen Antonarus,Stephen Antonaros,applied,author_lookup,,,,
George Yun,George Sun,applied,author_lookup,,,,
Adrian Seemy,Adrian Simi,applied,author_lookup,,,,
Jim Wasshell,Jim Warshell,applied,author_lookup,,,,
David Loe,David Low,applied,author_lookup,,,,
Alice Rodgers,Alice Rogers,applied,author_lookup,,,,
Scott Feeny,Scott Feeney,applied,author_lookup,,,,
Connor Johnston,Conner Johnston,applied,author_lookup,,,,
Angelica Covande,Angelica Cobande,applied,author_lookup,,,,
Alex Landsburg,Alex Lansburg,applied,author_lookup,,,,
Richard Shreve,Richard Shrieve,applied,author_lookup,,,,
George Sin,George Sun,applied,author_lookup,,,,
Daniel Bergourac,Daniel Bergerac,applied,author_lookup,,,,
Marcell Boudreaux,Marcelle Boudreaux,applied,author_lookup,,,,
Mitchel Benjamin,Mitchell Benjamin,applied,author_lookup,,,,
Mark Loger,Mark Loper,applied,author_lookup,,,,
Steve Crew,Steve Chen,applied,author_lookup,,,,
Chris Tars,Chris Parks,applied,author_lookup,,,,
Bill Hemmenger,Bill Hemenger,applied,author_lookup,,,,
Eileen Vokin,Eileen Boken,applied,author_lookup,,,,
Angelo Roy,Angela Roe,applied,author_lookup,,,,
Ken Trey,Ken Tray,applied,author_lookup,,,,
Roberta Wall,Roberta Wahl,applied,author_lookup,,,,
Patricia Feldman,Patricia Heldman,applied,author_lookup,,,,
Rose Haw,Rose Lew,applied,author_lookup,,,,
Carlos Bolcanegra,Carlos Bocanegra,applied,author_lookup,,,,
David Weisglass,David Weissglass,applied,author_lookup,,,,
Joseph Reese,Joseph Reiss,applied,author_lookup,,,,
Richard Wong,Richard Fong,applied,author_lookup,,,,
Kelly Melindez,Kelly Melendez,applied,author_lookup,,,,
Stephanie Peak,Stephanie Peek,applied,author_lookup,,,,
Jennifer Feeber,Jennifer Fieber,applied,author_lookup,,,,
Chis Martin,Chris Martin,applied,author_lookup,,,,
Karen Payson,Karin Payson,applied,author_lookup,,,,
Alex Lansburg,Alex Lansberg,applied,author_lookup,,,,
Michael Yorne,Michael Yarne,applied,author_lookup,,,,
Richard Frisbee,Richard Frisbie,applied,author_lookup,,,,
John Croso,John Corso,applied,author_lookup,,,,
Bob Bown,Bob Bowen,applied,author_lookup,,,,
Mike Buehler,Mike Buhler,applied,author_lookup,,,,
Iris Bibllovitz,Iris Biblowitz,applied,author_lookup,,,,
Jeffery Heller,Jeffrey Heller,applied,author_lookup,,,,
David Crowler,David Prowler,applied,author_lookup,,,,
Marie Sorrenson,Marie Sorenson,applied,author_lookup,,,,
Joram Aldman,Joram Altman,applied,author_lookup,,,,
Chris Gardner,Kris Gardner,applied,author_lookup,,,,
Mish Olivar,Misha Olivas,applied,author_lookup,,,,
Gina Coreaga,Gina Cariaga,applied,author_lookup,,,,
Anastacia Yovanopoulous,Anastasia Yovanopoulos,applied,author_lookup,,,,
Jennifer Fever,Jennifer Fieber,applied,author_lookup,,,,
Lisa Frommer,Lisa Fromer,applied,author_lookup,,,,
Steven Boss,Steven Buss,applied,author_lookup,,,,
Miska Olivas,Misha Olivas,applied,author_lookup,,,,
Kay Martin,Ray Martin,applied,author_lookup,,,,
Stan Child,Star Child,applied,author_lookup,,,,
Kathrin Petrin,Katherine Petrin,applied,author_lookup,,,,
Linda Ajello,Linda Ajello Hoagland,applied,author_lookup,,,,
Deepa Herma,Deepa Varma,applied,author_lookup,,,,
Daniel Fratton,Daniel Frattin,applied,author_lookup,,,,
Russel Maureen,Russell Maureen,applied,author_lookup,,,,
Ian Fergossi,Ian Fregosi,applied,author_lookup,,,,
Amy Chen,Amy Chan,applied,author_lookup,,,,
John Manascalvo,John Maniscalco,applied,author_lookup,,,,
Charles Saulter,Charles Salter,applied,author_lookup,,,,
Damian Contreras,Davian Contreras,applied,author_lookup,,,,
Dorothy Kelley,Dorothy Kelly,applied,author_lookup,,,,
Steve Oku,Steve Lau,applied,author_lookup,,,,
Chloe Angeles,Chloe Angelis,applied,author_lookup,,,,
John Enos,John Ennis,applied,author_lookup,,,,
Timothy Reyft,Timothy Reyff,applied,author_lookup,,,,
Eloise Patton,Ellouise Patton,applied,author_lookup,,,,
Jim Renken,Jim Reuben,applied,author_lookup,,,,
Mark Topitcher,Mark Topetcher,applied,author_lookup,,,,
Doug Slaw,Doug Shaw,applied,author_lookup,,,,
Eilleen Tillman,Eileen Tillman,applied,author_lookup,,,,
Timothy Rife,Timothy Rose,applied,author_lookup,,,,
Lev Wiesbach,Lev Weisbach,applied,author_lookup,,,,
Chloe Angelus,Chloe Angelis,applied,author_lookup,,,,
Will Mollard,Will Millard,applied,author_lookup,,,,
Nico Nagle,Nico Nagel,applied,author_lookup,,,,
Mat Snyder,Marc Snyder,applied,author_lookup,,,,
Courtney Posh,Courtney Pash,applied,author_lookup,,,,
Daniel Bergorac,Daniel Bergerac,applied,author_lookup,,,,
Robin Abad,Robin Abad Ocubillo,applied,author_lookup,,,,
Kate Sofia,Kate Sofis,applied,author_lookup,,,,
Dell Seymour,Del Seymour,applied,author_lookup,,,,
Joy Navarrette,Joy Navarrete,applied,author_lookup,,,,
Sheryl Brady,Cheryl Brady,applied,author_lookup,,,,
Robin Abad-Ocubillo,Robin Abad Ocubillo,applied,author_lookup,,,,
Bill Guan,Bill Quan,applied,author_lookup,,,,
Jeff Rocka,Jeff Rocca,applied,author_lookup,,,,
Jerry Drapler,Jerry Dratler,applied,author_lookup,,,,
Mary Farretti,Mary Ferretti,applied,author_lookup,,,,
Jerry Drettler,Jerry Dratler,applied,author_lookup,,,,
Stephanie Rubenstein,Stephanie Rubinstein,applied,author_lookup,,,,
Jennifer Feiber,Jennifer Fieber,applied,author_lookup,,,,
Bob Bowne,Bob Bowen,applied,author_lookup,,,,
John Woo,John Wood,applied,author_lookup,,,,
Gabriella Pantoja,Gabriela Pantoja,applied,author_lookup,,,,
Rob Isaacson,Rob Issacson,applied,author_lookup,,,,
Sara Taber,Sarah Taber,applied,author_lookup,,,,
Rich Sure,Rich Sucre,applied,author_lookup,,,,
Larisa Petroncelli,Larisa Pedroncelli,applied,author_lookup,,,,
Ted Naser,Ted Nasser,applied,author_lookup,,,,
Mike Pitler,Mike Pittler,applied,author_lookup,,,,
Esmerelda Jardines,Esmeralda Jardines,applied,author_lookup,,,,
John Larner,John Warner,applied,author_lookup,,,,
Phillip Anisovich,Philip Anasovich,applied,author_lookup,,,,
Michael Priollo,Michael Priolo,applied,author_lookup,,,,
Josh Pollack,Josh Pollak,applied,author_lookup,,,,
Steve May,Steve Lau,applied,author_lookup,,,,
Sarah Van Ness,Sara Van Ness,applied,author_lookup,,,,
May Russell,Mary Russell,applied,author_lookup,,,,
Mark Hang,Mark Tang,applied,author_lookup,,,,
Leigh Lutinsky,Leigh Lutenski,applied,author_lookup,,,,
Dan Safir,Dan Safier,applied,author_lookup,,,,
Rachel Swann,Rachel Swan,applied,author_lookup,,,,
Henry Karvilowicz,Henry Karnilowicz,applied,author_lookup,,,,
Rick Wrench,Rick French,applied,author_lookup,,,,
David Blattis,David Blatteis,applied,author_lookup,,,,
Glen Hatakiyama,Glen Hatakeyama,applied,author_lookup,,,,
Glen Rogers,Glenn Rogers,applied,author_lookup,,,,
Steve Heidi,Steve Heide,applied,author_lookup,,,,
Sonia Trauss,Sonja Trauss,applied,author_lookup,,,,
Tommy Avicolli Mecca,Tommi Avicolli Mecca,applied,author_lookup,,,,
Lorie Lederman,Lori Liederman,applied,author_lookup,,,,
Liam Ladia,Lian Ladia,applied,author_lookup,,,,
Sara Hoffman,Sarah Hoffman,applied,author_lookup,,,,
Bram Goodwin,Brian Goodwin,applied,author_lookup,,,,
Patrick Conelly,Patrick Connelly,applied,author_lookup,,,,
Terry Miln,Terry Milne,applied,author_lookup,,,,
Flor Martinez,Eloy Martinez,applied,author_lookup,,,,
Ben Libby,Ron Libby,applied,author_lookup,,,,
Jesse Stewart,Jessie Stewart,applied,author_lookup,,,,
Larissa Pedroncelli,Larisa Pedroncelli,applied,author_lookup,,,,
Ben Carol,Ben Carrol,applied,author_lookup,,,,
Michael Christenson,Michael Christensen,applied,author_lookup,,,,
Tom Radulovic,Tom Radulovich,applied,author_lookup,,,,
Bruce Hui,Bruce Huie,applied,author_lookup,,,,
Cristina Sandoval,Christina Sandoval,applied,author_lookup,,,,
Brook Ray Rivera,Brooke Ray Rivera,applied,author_lookup,,,,
Steve Lee,Steve Lau,applied,author_lookup,,,,
Bridgette Hicks,Bridget Hicks,applied,author_lookup,,,,
Michael Krause,Michael Krouse,applied,author_lookup,,,,
Lorraine Petti,Lorraine Petty,applied,author_lookup,,,,
Anne Tanpier,Anne Taupier,applied,author_lookup,,,,
Ryan Hung,Ryan Young,applied,author_lookup,,,,
Steven Shur,Steven Shum,applied,author_lookup,,,,
Jennifer Linden,Jennifer Linder,applied,author_lookup,,,,
Matt Fields,Matt Field,applied,author_lookup,,,,
Chris Mani,Chris Meany,applied,author_lookup,,,,
Kay Klumb,Kay Klum,applied,author_lookup,,,,
Don Gillson,Don Wilson,applied,author_lookup,,,,
Adam McDunough,Adam McDonough,applied,author_lookup,,,,
Laura Frye,Laura Fry,applied,author_lookup,,,,
Sean Kieghran,Sean Kiegran,applied,author_lookup,,,,
Lauren Sinai,Laura Sinai,applied,author_lookup,,,,
Sam Liu,Sam Lau,applied,author_lookup,,,,
Anastasia Yovanapoulos,Anastasia Yovanopoulos,applied,author_lookup,,,,
Bob Brown,Tom Brown,applied,author_lookup,,,,
Jon Ennis,John Ennis,applied,author_lookup,,,,
Mike Garavalli,Mike Garavaglia,applied,author_lookup,,,,
Olna Miranda,Olga Miranda,applied,author_lookup,,,,
Antonia Diaz,Antonio Diaz,applied,author_lookup,,,,
Gene Allejo,Gene Alejo,applied,author_lookup,,,,
Michael Chang,Michael Chan,applied,author_lookup,,,,
Gabby Pantoja,Gabriela Pantoja,applied,author_lookup,,,,
Christen Evans,Christin Evans,applied,author_lookup,,,,
Bill Pashlinsky,Bill Pashelinsky,applied,author_lookup,,,,
Ryan McGilly,Ryan McGilley,applied,author_lookup,,,,
Jeff Ha,Jeff Hall,applied,author_lookup,,,,
Fred Clarke,Fred Clark,applied,author_lookup,,,,
Deepa Varuna,Deepa Varma,applied,author_lookup,,,,
Jon Francis,John Francis,applied,author_lookup,,,,
Phillip Anasovich,Philip Anasovich,applied,author_lookup,,,,
Jeff Hook,Jeff Woo,applied,author_lookup,,,,
Michael Jannis,Michael Janis,applied,author_lookup,,,,
Carla Lorell,Carla Lovell,applied,author_lookup,,,,
Sarah Ogilvie,Sara Ogilvie,applied,author_lookup,,,,
Henry Chang,Henry Chan,applied,author_lookup,,,,
Russell Morin,Russel Morine,applied,author_lookup,,,,
Cathy Lipscomb,Kathy Lipscomb,applied,author_lookup,,,,
Anna Wilson,Alan Wilson,applied,author_lookup,,,,
Dan Macarini,Dan Mackarini,applied,author_lookup,,,,
Kimia Hadaddan,Kimia Haddadan,applied,author_lookup,,,,
Richard Rosman,Richard Rothman,applied,author_lookup,,,,
Core Smith,Corey Smith,applied,author_lookup,,,,
Marti Murphy,Bart Murphy,applied,author_lookup,,,,
Carli Grob,Carly Grob,applied,author_lookup,,,,
Glen Tse,Alan Tse,applied,author_lookup,,,,
Sonja Traus,Sonja Trauss,applied,author_lookup,,,,
Elouise Patton,Ellouise Patton,applied,author_lookup,,,,
Amy Reinhart,Amy R Beinart,applied,author_lookup,,,,
Matthew Chandler,Mathew Chandler,applied,author_lookup,,,,
Sara Ogilve,Sara Ogilvie,applied,author_lookup,,,,
Tim Chappel,Jim Chappell,applied,author_lookup,,,,
Deborah Holly,Deborah Holley,applied,author_lookup,,,,
Kevin Fong,Kevin Wong,applied,author_lookup,,,,
Mike Shaw,Mike Sher,applied,author_lookup,,,,
Ryan M,Ryan Mau,applied,author_lookup,,,,
Sarah Ogilve,Sara Ogilvie,applied,author_lookup,,,,
Steve Marza,Steve Marzo,applied,author_lookup,,,,
Ben Terrell,Ben Terrall,applied,author_lookup,,,,
Timothy Rice,Timothy Rose,applied,author_lookup,,,,
Michael Cowan,Michael Cohen,applied,author_lookup,,,,
Linh Fong,Lina Hong,applied,author_lookup,,,,
Jeff Till,Jeff Hall,applied,author_lookup,,,,
Charles Heard,Charles Head,applied,author_lookup,,,,
Ben Terell,Ben Terrall,applied,author_lookup,,,,
Sam Hayes,Tom Hayes,applied,author_lookup,,,,
Bill Musick,Mill Musick,applied,author_lookup,,,,
Bran Martin,Fran Martin,applied,author_lookup,,,,
Greg Diller,Greg Miller,applied,author_lookup,,,,
Shelley Tatum,Shelly Tatum,applied,author_lookup,,,,
Diane Joseph,Diane Josephs,applied,author_lookup,,,,
Darryl Smith,Daryl Smith,applied,author_lookup,,,,
Roy Lam,Joy Lam,applied,author_lookup,,,,
Karen Payton,Karin Payson,applied,author_lookup,,,,
Kaylani Agnihotri,Kalyani Agnihotri,applied,author_lookup,,,,
Max Foster,Jay Foster,applied,author_lookup,,,,
Raymond Fong,Raymond Wong,applied,author_lookup,,,,
Jonathan Randolph,Yonathan Randolph,applied,author_lookup,,,,
Sarah Lin,Sarah Son,applied,author_lookup,,,,
Eileen Gong,Eileen Long,applied,author_lookup,,,,
Katie Connery,Kate Conner,applied,author_lookup,,,,
Marisa Brandon,Marissa Brandon,applied,author_lookup,,,,
Anders Fung,Andrew Fung,applied,author_lookup,,,,
Raul Maldonado,Paul Maldonado,applied,author_lookup,,,,
Milo Traus,Milo Trauss,applied,author_lookup,,,,
Anna Harvey,Anne Harvey,applied,author_lookup,,,,
John Kelvin,John Melvin,applied,author_lookup,,,,
Brad Goodwin,Brian Goodwin,applied,author_lookup,,,,
Corey Teaque,Corey Teague,applied,author_lookup,,,,
Hillary Schiraldi,Hilary Schiraldi,applied,author_lookup,,,,
Tom Hirst,Tom Hart,applied,author_lookup,,,,
David Elliot Lewi,David Elliott Lewis,applied,author_lookup,,,,
R J Ferrari,RJ Ferrari,applied,author_lookup,,,,
Sue Hester,Sue Hestor,applied,fuzzy_d1,,,,
Sue Hestior,Sue Hestor,applied,fuzzy_d1,,,,
Sues Hestor,Sue Hestor,applied,fuzzy_d1,,,,
Sue HEstor,Sue Hestor,applied,fuzzy_d1,,,,
Sue Hestior,Sue Hestor,applied,fuzzy_d1,,,,
Sues Hestor,Sue Hestor,applied,fuzzy_d1,,,,
Georgia Scuttish,Georgia Schuttish,applied,fuzzy_d1,,,,
Georgia Schuttah,Georgia Schuttish,applied,fuzzy_d2,,,,
Georgia Schutish,Georgia Schudish,applied,fuzzy_d1,,,,
Georgia Schutish,Georgia Schudish,applied,fuzzy_d2,,,,
Georgia Schutish,Georgia Schudish,applied,fuzzy_d1,,,,
Rich Hills,Rick Hills,applied,fuzzy_d1,,,,
Rich Hills,Rick Hills,applied,fuzzy_d1,,,,
Devon Wilson,Don Wilson,applied,fuzzy_d2,,,,
Alice Barley,Alice Barkley,applied,fuzzy_d1,,,,
Alice Barklely,Alice Barkley,applied,fuzzy_d1,,,,
Alex Bash,Alec Bash,applied,fuzzy_d1,,,,
Patricia Vaughue,Patricia Vaughey,applied,fuzzy_d2,,,,
Ozzie Rohn,Ozzie Rohm,applied,fuzzy_d1,,,,
Ozzie Roam,Ozzie Rohm,applied,fuzzy_d1,,,,
Ozzi Rohm,Ozzy Rohm,applied,fuzzy_d1,,,,
Ozzi Rohm,Ozzy Rohm,applied,fuzzy_d1,,,,
Steven Vettel,Steve Vettel,applied,fuzzy_d1,,,,
Stven Vettel,Steve Vettel,applied,fuzzy_d2,,,,
Stven Vettel,Steve Vettel,applied,fuzzy_d1,,,,
John Pangarzio,John Pangrazio,applied,fuzzy_d2,,,,
John Kevhin,John Kevlin,applied,fuzzy_d1,,,,
John KEvlin,John Kevlin,applied,fuzzy_d1,,,,
Tom Colen,Tim Colen,applied,fuzzy_d1,,,,
Tim Collen,Tim Colen,applied,fuzzy_d1,,,,
Tim CoLen,Tim Colen,applied,fuzzy_d1,,,,
Anastasia Yovanopoulis,Anastasia Yovanopoulos,applied,fuzzy_d1,,,,
Anastasia Yovanopoulous,Anastasia Yovanapolous,applied,fuzzy_d1,,,,
Anastasia Yovonopolous,Anastasia Yovonapolous,applied,fuzzy_d1,,,,
Anastasia Yononopolous,Anastasia Yovonapolous,applied,fuzzy_d2,,,,
Anastasia Yovouapolous,Anastasia Yovanapolous,applied,fuzzy_d1,,,,
Anastasia Yovnopolous,Anastasia Yovonapolous,applied,fuzzy_d2,,,,
Anastasia Yoganapolous,Anastasia Yovanapolous,applied,fuzzy_d1,,,,
Anastasia Yovouapolous,Anastasia Yovanapolous,applied,fuzzy_d2,,,,
Anastasia Yovanopoulous,Anastasia Yovanapolous,applied,fuzzy_d2,,,,
Anastasia Yovnopolous,Anastasia Yovonapolous,applied,fuzzy_d2,,,,
Anastacia Yovanopolous,Anastacia Yovanapolous,applied,fuzzy_d1,,,,
Anastasia Yononopolous,Anastasia Yovonapolous,applied,fuzzy_d1,,,,
Anastasia Yovnopolous,Anastasia Yovonapolous,applied,fuzzy_d1,,,,
Tim Radulovich,Tom Radulovich,applied,fuzzy_d1,,,,
Bret Gladstone,Brett Gladstone,applied,fuzzy_d1,,,,
Laura Clarke,Laura Clark,applied,fuzzy_d1,,,,
Liz Clarke,Liz Clark,applied,fuzzy_d1,,,,
Patrick Connolly,Patrick Connelly,applied,fuzzy_d1,,,,
Hirochi Fukuda,Hiroshi fukuda,applied,fuzzy_d1,,,,
Hirashi Fukuda,Hiroshi fukuda,applied,fuzzy_d1,,,,
Hirochi Fukuda,Hiroshi fukuda,applied,fuzzy_d1,,,,
Hirashi Fukuda,Hiroshi fukuda,applied,fuzzy_d1,,,,
John Elbling,John Elberling,applied,fuzzy_d2,,,,
Steve Willis,Steve Williams,applied,fuzzy_d2,,,,
Stephen Willis,Stephen Williams,applied,fuzzy_d2,,,,
Stephen William,Stephen Williams,applied,fuzzy_d1,,,,
Sarah Wilmer,Sarah Willmer,applied,fuzzy_d1,,,,
Rom Miguel,Ron Miguel,applied,fuzzy_d1,,,,
Rod Mine,Rod Miner,applied,fuzzy_d1,,,,
Richard Millet,Richard Miller,applied,fuzzy_d1,,,,
Traisa Flandrick,Trasa Flandrick,applied,fuzzy_d1,,,,
Tereda Flander,Teresa Flander,applied,fuzzy_d1,,,,
Mariilyn Amini,Marilyn Amini,applied,fuzzy_d1,,,,
Judity Hoyem,Judith Hoyem,applied,fuzzy_d1,,,,
John Holden,Joan Holden,applied,fuzzy_d1,,,,
Jack Horner,Jack Hornor,applied,fuzzy_d1,,,,
John Horton,John Holton,applied,fuzzy_d1,,,,
David Simons,David Simon,applied,fuzzy_d1,,,,
Joe O'Donahue,Joe O'Donaghue,applied,fuzzy_d1,,,,
Joe O'Donaughue,Joe O'Donoghue,applied,fuzzy_d1,,,,
Joe O'Donaghoe,Joe O'Donaghue,applied,fuzzy_d1,,,,
Joe O'Donaughe,Joe O'Donaghue,applied,fuzzy_d2,,,,
Joe O'Donohue,Joe O'Donaghue,applied,fuzzy_d1,,,,
Joe O'Donoughue,Joe O'Donoghue,applied,fuzzy_d1,,,,
Joe O'Donohue,Joe O'Donaghue,applied,fuzzy_d1,,,,
Joe O'Donaughue,Joe O'Donoghue,applied,fuzzy_d2,,,,
John O'Conner,John O'Connor,applied,fuzzy_d1,,,,
Joan O'Rourke,John O'Rourke,applied,fuzzy_d1,,,,
John O'Brien,John O'Brian,applied,fuzzy_d1,,,,
Joe O'Donaughue,Joe O'Donoghue,applied,fuzzy_d1,,,,
John O'connor,John O'Connor,applied,fuzzy_d1,,,,
Robert Pol,Robert Poole,applied,fuzzy_d2,,,,
Paul Werner,Paul Wermer,applied,fuzzy_d1,,,,
Paul Weber,Paul Webber,applied,fuzzy_d1,,,,
Eula Watters,Eula Walters,applied,fuzzy_d1,,,,
Ella Walters,Eula Walters,applied,fuzzy_d1,,,,
Eula Waters,Eula Walters,applied,fuzzy_d1,,,,
Eula Waters,Eula Walters,applied,fuzzy_d1,,,,
Alan Sternberg,Allan Sternberg,applied,fuzzy_d1,,,,
Michael Cheng,Michael Chen,applied,fuzzy_d1,,,,
Mauricio Chaves,Mauricio Chavez,applied,fuzzy_d1,,,,
Michelle Chan,Michelle Chen,applied,fuzzy_d1,,,,
Deedee Workman,Deedee Workmann,applied,fuzzy_d1,,,,
John Bartis,John Bardis,applied,fuzzy_d1,,,,
Jane Barish,Jean Barish,applied,fuzzy_d2,,,,
Joan Barr,Joan Bard,applied,fuzzy_d1,,,,
Julie Christiensen,Julie Christensen,applied,fuzzy_d1,,,,
Jullie Christensen,Julie Christensen,applied,fuzzy_d1,,,,
Jim Chang,Jim Chan,applied,fuzzy_d1,,,,
Jeffrey Chan,Jeffrey Chang,applied,fuzzy_d1,,,,
Jullie Christensen,Julie Christensen,applied,fuzzy_d2,,,,
Joseph Chan,Joseph Chance,applied,fuzzy_d2,,,,
Jennifer Chang,Jennifer Chan,applied,fuzzy_d1,,,,
Josephone Chan,Josephine Chan,applied,fuzzy_d1,,,,
Josephine Chao,Josephine Chan,applied,fuzzy_d1,,,,
Jeff Chen,Jeff Chin,applied,fuzzy_d1,,,,
Julia Chan,Julia Chen,applied,fuzzy_d1,,,,
Henry Karwilowicz,Henry Karnilowicz,applied,fuzzy_d1,,,,
Francisco de Costa,Francisco Da Costa,applied,fuzzy_d1,,,,
Francisco De Costa,Francisco Da Costa,applied,fuzzy_d1,,,,
David Cincatta,David Cincotta,applied,fuzzy_d1,,,,
Dave Cincotta,Dave Cincottaa,applied,fuzzy_d1,,,,
Joshua Switzki,Joshua Switzky,applied,fuzzy_d1,,,,
Joshua Swietzky,Joshua Switzky,applied,fuzzy_d1,,,,
Josha Switzky,Josh Switzky,applied,fuzzy_d1,,,,
Josha Switzky,Josh Switzky,applied,fuzzy_d1,,,,
Alex Lantsberg,Alex Lansberg,applied,fuzzy_d1,,,,
Alex Lanberg,Alex Lansberg,applied,fuzzy_d1,,,,
Alex Lansburg,Alex Lansberg,applied,fuzzy_d1,,,,
Alex Lanberg,Alex Lansberg,applied,fuzzy_d2,,,,
Araceli Laras,Araceli Lara,applied,fuzzy_d1,,,,
Arne Larson,Arne Larsen,applied,fuzzy_d1,,,,
Laura Foot,Laura Foote,applied,fuzzy_d1,,,,
Jim Meeko,Jim Meko,applied,fuzzy_d1,,,,
Jim Meco,Jim Meko,applied,fuzzy_d1,,,,
John Abbot,John Abbott,applied,fuzzy_d1,,,,
Jacinta Abcarian,Jacinda Abcarian,applied,fuzzy_d1,,,,
Project Sponsors,Project Sponsor,applied,fuzzy_d1,,,,
Kathrine Howard,Katherine Howard,applied,fuzzy_d1,,,,
Katherine Howarad,Katherine Howard,applied,fuzzy_d1,,,,
Katherin Howard,Katherine Howard,applied,fuzzy_d1,,,,
Katherine Howarad,Katherine Howard,applied,fuzzy_d2,,,,
Katherin Howard,Katherine Howard,applied,fuzzy_d2,,,,
Joe Buttler,Joe Butler,applied,fuzzy_d1,,,,
Jo Butler,Joe Butler,applied,fuzzy_d1,,,,
Tes Wellborn,Tes Welborn,applied,fuzzy_d1,,,,
Tess Wellborn,Tes Welborn,applied,fuzzy_d2,,,,
Tess Welbourn,Tess Welborn,applied,fuzzy_d1,,,,
Tess Welburn,Tess Welborn,applied,fuzzy_d1,,,,
Tess Wellborn,Tes Welborn,applied,fuzzy_d1,,,,
Tess Wellborne,Tess Welbourne,applied,fuzzy_d2,,,,
Tess Wellborne,Tess Welbourne,applied,fuzzy_d2,,,,
Tess Wellborn,Tes Welborn,applied,fuzzy_d2,,,,
Ted Webber,Ted Weber,applied,fuzzy_d1,,,,
Tess Wellborn,Tes Welborn,applied,fuzzy_d1,,,,
Joe Harney,Joe Hainey,applied,fuzzy_d1,,,,
Azalea Merrell,Azalia Merrell,applied,fuzzy_d1,,,,
Azelia Merrill,Azalia Merrill,applied,fuzzy_d1,,,,
Azalea Merrill,Azalia Merrell,applied,fuzzy_d1,,,,
Azalea Merrill,Azalia Merrell,applied,fuzzy_d1,,,,
Marc Dimalanta,Mark Dimalanta,applied,fuzzy_d1,,,,
Erik Arguello,Eric Arguello,applied,fuzzy_d1,,,,
Erick Arguello,Eric Arguello,applied,fuzzy_d1,,,,
Eric Arguella,Eric Arguello,applied,fuzzy_d1,,,,
Erick Arquello,Eric Arguello,applied,fuzzy_d1,,,,
John Newlan,John Newlin,applied,fuzzy_d1,,,,
Jeremy Schabb,Jeremy Schwab,applied,fuzzy_d1,,,,
John Schwerk,John Schwerck,applied,fuzzy_d1,,,,
John Schleisinger,John Schlesinger,applied,fuzzy_d1,,,,
Jeremy Schabb,Jeremy Schwab,applied,fuzzy_d2,,,,
Tom Tuney,Tom Tunny,applied,fuzzy_d1,,,,
Tom Tunney?,Tom Tunny,applied,fuzzy_d2,,,,
Tuia Catalano,Tuija Catalano,applied,fuzzy_d1,,,,
Tuija Cattalano,Tuija Catalano,applied,fuzzy_d1,,,,
Tuikja Catalano,Tuija Catalano,applied,fuzzy_d1,,,,
Tui Catalano,Tuija Catalano,applied,fuzzy_d2,,,,
Tuai Catalano,Tuija Catalano,applied,fuzzy_d2,,,,
Tuikja Catalano,Tuija Catalano,applied,fuzzy_d2,,,,
Tui Catalano,Tuija Catalano,applied,fuzzy_d1,,,,
Tuikja Catalano,Tuija Catalano,applied,fuzzy_d2,,,,
Caroline Bosche,Caroline Bosch,applied,fuzzy_d1,,,,
Charles Botton,Charles Bolton,applied,fuzzy_d1,,,,
Katerine Petrin,Katherine Petrin,applied,fuzzy_d1,,,,
Pat Buskovich,Pat Buscovich,applied,fuzzy_d1,,,,
Pat Buschovic,Pat Buscovich,applied,fuzzy_d2,,,,
Pat Bushovitch,Pat Buskovitch,applied,fuzzy_d1,,,,
Pat Bushovitch,Pat Buskovitch,applied,fuzzy_d1,,,,
Patrick Buschovich,Patrick Buscovich,applied,fuzzy_d1,,,,
Patrick Buskovich,Patrick Buskavich,applied,fuzzy_d1,,,,
Pat Buskavich,Pat Buscovich,applied,fuzzy_d1,,,,
Patrick Buskovich,Patrick Buskavich,applied,fuzzy_d1,,,,
Ross Levi,Ross Levy,applied,fuzzy_d1,,,,
Russ Levy,Ross Levy,applied,fuzzy_d1,,,,
Stan Hays,Stan Hayes,applied,fuzzy_d1,,,,
Steve Hammond,Steven Hammond,applied,fuzzy_d1,,,,
Tim Chan,Tim Chang,applied,fuzzy_d1,,,,
Lorrain Petty,Lorraine Petty,applied,fuzzy_d1,,,,
David Steinberg,David Sternberg,applied,fuzzy_d1,,,,
Marlane Morgan,Marlayne Morgan,applied,fuzzy_d1,,,,
Joseph Smook,Joseph Smooke,applied,fuzzy_d1,,,,
Joan Smith,John Smith,applied,fuzzy_d1,,,,
Mark Soloman,Mark Solomon,applied,fuzzy_d1,,,,
George Woo,George Woody,applied,fuzzy_d2,,,,
Geoff Wood,Geoof Wood,applied,fuzzy_d1,,,,
Claudia Asbaugh,Claudia Asbagh,applied,fuzzy_d1,,,,
Ernestina Weiss,Ernestein Weiss,applied,fuzzy_d1,,,,
Earl Weiss,Earle Weiss,applied,fuzzy_d1,,,,
Ernestina Weiss,Ernestein Weiss,applied,fuzzy_d2,,,,
Fernando Martin,Fernando Marti,applied,fuzzy_d1,,,,
Fernando Matti,Fernando Marti,applied,fuzzy_d1,,,,
Fernando Martis,Fernando Marti,applied,fuzzy_d1,,,,
Fernando Martis,Fernando Marti,applied,fuzzy_d1,,,,
Erick Brooks,Eric Brooks,applied,fuzzy_d1,,,,
Ray Connelly,Ray Connolly,applied,fuzzy_d1,,,,
Peter Papadopolous,Peter Papadapolous,applied,fuzzy_d1,,,,
Peter Papadapollos,Peter Papadapollis,applied,fuzzy_d2,,,,
Peter Papadoupolous,Peter Papadapolous,applied,fuzzy_d2,,,,
Peter Papadapoulous,Peter Papadapolous,applied,fuzzy_d1,,,,
Peter Papadapulous,Peter Papadapoulos,applied,fuzzy_d1,,,,
Peter Papadapoulas,Peter Papadapoulos,applied,fuzzy_d1,,,,
Peter Papadapollos,Peter Papadapollis,applied,fuzzy_d1,,,,
Peter Papadapoulis,Peter Papadapollis,applied,fuzzy_d1,,,,
Peter Papadapoulous,Peter Papadapolous,applied,fuzzy_d1,,,,
Peter Papadapulous,Peter Papadapoulos,applied,fuzzy_d2,,,,
Peter Papadapoulous,Peter Papadapolous,applied,fuzzy_d2,,,,
Peter Papodopoulous,Peter Papadapolous,applied,fuzzy_d2,,,,
Peter Papadoupolous,Peter Papadapolous,applied,fuzzy_d1,,,,
Peter Papadapoulous,Peter Papadapolous,applied,fuzzy_d2,,,,
Peter Papodopolous,Peter Papadapolous,applied,fuzzy_d1,,,,
Peter Papodopoulous,Peter Papadapolous,applied,fuzzy_d2,,,,
Peter Papadapollos,Peter Papadapollis,applied,fuzzy_d1,,,,
Peter Papadapoulis,Peter Papadapollis,applied,fuzzy_d1,,,,
Arnold Townsed,Arnold Townsend,applied,fuzzy_d1,,,,
Alan Tom,Alan Toma,applied,fuzzy_d1,,,,
Michael Therriot,Michael Theriot,applied,fuzzy_d2,,,,
Michael Theirot,Michael Theriot,applied,fuzzy_d2,,,,
Michael Therriot,Michael Theriot,applied,fuzzy_d1,,,,
Rudy Gonzalez,Rudy Gonzales,applied,fuzzy_d1,,,,
Bruce Bonacher,Bruce Bonacker,applied,fuzzy_d1,,,,
Karissa Cove,Karissa Cole,applied,fuzzy_d1,,,,
Steve Atkins,Steve Atkinson,applied,fuzzy_d2,,,,
Bernie Chode,Bernie Choden,applied,fuzzy_d1,,,,
Bernie Choben,Bernie Choden,applied,fuzzy_d1,,,,
Dino Adolfio,Dino Adelfio,applied,fuzzy_d1,,,,
Dine Adelfio,Dino Adelfio,applied,fuzzy_d1,,,,
Robert McArthy,Robert McCarthy,applied,fuzzy_d1,,,,
Richard McGeary,Richard McGreary,applied,fuzzy_d1,,,,
Bridget Malley,Bridget Maley,applied,fuzzy_d1,,,,
Kimberley Durandet,Kimberly Durandet,applied,fuzzy_d1,,,,
Jonathan Yout,Jonathan Youtt,applied,fuzzy_d1,,,,
Janthal Labarinto,Janthal Labarento,applied,fuzzy_d1,,,,
Jeantelle Labarinto,Jeantelle Laberinto,applied,fuzzy_d1,,,,
Toby Morrison,Toby Morris,applied,fuzzy_d2,,,,
Tameka Moss,Tamika Moss,applied,fuzzy_d1,,,,
John Prior,Josh Prior,applied,fuzzy_d2,,,,
Josh Pryor,Josh Prior,applied,fuzzy_d1,,,,
Angelica Cavanden,Angelica Cabande,applied,fuzzy_d2,,,,
May Gallagher,Mary Gallagher,applied,fuzzy_d1,,,,
Milt Gaines,Milton Gaines,applied,fuzzy_d2,,,,
Pete Lee,Peter Lee,applied,fuzzy_d1,,,,
Paul Lenz,Paul Lentz,applied,fuzzy_d1,,,,
Kirsten Jenssen,Kirsten Jensen,applied,fuzzy_d1,,,,
John Beary,John Berry,applied,fuzzy_d1,,,,
Jeffrey Leibowitz,Jeffrey Leibovitz,applied,fuzzy_d1,,,,
Jeffery Leibovitz,Jeffrey Leibovitz,applied,fuzzy_d2,,,,
Judie Ledbetter,Julie Ledbetter,applied,fuzzy_d1,,,,
Joanne Levy,Joan Levy,applied,fuzzy_d2,,,,
Jenny Lew,Jenny Lee,applied,fuzzy_d1,,,,
Jessica Leyman,Jessica Lehman,applied,fuzzy_d1,,,,
Jan Bolafi,Jan Bolaffi,applied,fuzzy_d1,,,,
Charlie Schiammas,Charlie Sciammas,applied,fuzzy_d1,,,,
Charles Sciammas,Charlie Sciammas,applied,fuzzy_d2,,,,
Charlie Sciamas,Charlie Sciammas,applied,fuzzy_d1,,,,
Charlie Sciamas,Charlie Sciammas,applied,fuzzy_d2,,,,
Cris Dudedstadt,Chris Duderstadt,applied,fuzzy_d2,,,,
Chris Dudlestadt,Chris Duderstadt,applied,fuzzy_d2,,,,
Sara Jones,Sarah Jones,applied,fuzzy_d1,,,,
Scott Johnston,Scott Johnson,applied,fuzzy_d1,,,,
David Mecker,David Meckel,applied,fuzzy_d1,,,,
David Mekell,David Meckel,applied,fuzzy_d2,,,,
J.R. Epplar,J.R. Eppler,applied,fuzzy_d1,,,,
J.R. Epper,J.R. Eppler,applied,fuzzy_d1,,,,
David Welsh,David Welsch,applied,fuzzy_d1,,,,
Saraha Karlsinsky,Sarah Karlinsky,applied,fuzzy_d2,,,,
Sara Karlinsky,Sarah Karlinsky,applied,fuzzy_d1,,,,
David Eliott Lewis,David Elliott Lewis,applied,fuzzy_d1,,,,
Annmarie Rodgers,AnMarie Rodgers,applied,fuzzy_d1,,,,
Tim Tostas,Tim Tosta,applied,fuzzy_d1,,,,
Michael Smithrick,Michael Smithwick,applied,fuzzy_d1,,,,
Meghan Smith,Megan Smith,applied,fuzzy_d1,,,,
Mark Schroer,Mark Schroeder,applied,fuzzy_d2,,,,
John Peternson,John Peterson,applied,fuzzy_d1,,,,
Joe Luttriell,Joe Luttrell,applied,fuzzy_d1,,,,
Gabriel Metcaf,Gabriel Metcalf,applied,fuzzy_d1,,,,
Jesse Flores,Jesus Flores,applied,fuzzy_d2,,,,
Jake McGoldvick,Jake McGoldrick,applied,fuzzy_d1,,,,
Bob McArthy,Bob McCarthy,applied,fuzzy_d1,,,,
Beverly McAllister,Beverly McCallister,applied,fuzzy_d1,,,,
Nana Roth,Nan Roth,applied,fuzzy_d1,,,,
Norm Rolfe,Norman Rolfe,applied,fuzzy_d2,,,,
Tim Lee,Tom Lee,applied,fuzzy_d1,,,,
Richard Marques,Richard Marquez,applied,fuzzy_d1,,,,
Mathew Cole,Mathew Coles,applied,fuzzy_d1,,,,
Anthony Sacko,Anthony Sacco,applied,fuzzy_d1,,,,
David Goodman,David Goldman,applied,fuzzy_d1,,,,
David Lindsey,David Lindsay,applied,fuzzy_d1,,,,
Dorris Linnenbach,Doris Linnenbach,applied,fuzzy_d1,,,,
Dan Liberthsen,Dan Liberthson,applied,fuzzy_d1,,,,
David Hopper,David Hooper,applied,fuzzy_d1,,,,
David Hoover,David Hooper,applied,fuzzy_d1,,,,
Kathy Devencenzi,Kathy Devincenzi,applied,fuzzy_d1,,,,
Kathy DeVecenzi,Kathy Devincenzi,applied,fuzzy_d2,,,,
Kathy Devancenzi,Kathy DeVincenzi,applied,fuzzy_d1,,,,
Kathy DeVecenzi,Kathy Devincenzi,applied,fuzzy_d1,,,,
Kathy Devancenzi,Kathy DeVincenzi,applied,fuzzy_d1,,,,
Kathy Devancenzi,Kathy DeVincenzi,applied,fuzzy_d1,,,,
Mac Burton,Mack Burton,applied,fuzzy_d1,,,,
Mark Bucciarelli,Mark Buccarelli,applied,fuzzy_d1,,,,
Rachel Tanner,Rachael Tanner,applied,fuzzy_d1,,,,
Ranie Tan,Ramie Tan,applied,fuzzy_d1,,,,
Stafano Cassolato,Stefano Cassolato,applied,fuzzy_d1,,,,
Stephano Casalaro,Stephano Castalano,applied,fuzzy_d2,,,,
Sue Cauthan,Sue Cauthen,applied,fuzzy_d1,,,,
Bob Plantholy,Bob Planthold,applied,fuzzy_d1,,,,
Scott Embledge,Scott Emblidge,applied,fuzzy_d1,,,,
Scott Emblige,Scott Emblidge,applied,fuzzy_d1,,,,
Christine Linnebach,Christine Linnenbach,applied,fuzzy_d1,,,,
Christine Linnenbacht,Christine Linnenbach,applied,fuzzy_d1,,,,
Christina Linnenbach,Christine Linnenbach,applied,fuzzy_d1,,,,
Allan Martinez,Alan Martinez,applied,fuzzy_d1,,,,
Alan Martínez,Alan Martinez,applied,fuzzy_d1,,,,
Dan Faulk,Don Faulk,applied,fuzzy_d1,,,,
Mason Gribsby,Mason Grigsby,applied,fuzzy_d1,,,,
Murrell Green,Morrell Green,applied,fuzzy_d1,,,,
Kim Cavalony,Kim Cavaloni,applied,fuzzy_d1,,,,
Dan Fratin,Dan Frattin,applied,fuzzy_d1,,,,
Don Frattin,Dan Frattin,applied,fuzzy_d1,,,,
Daniel Fratten,Daniel Frattin,applied,fuzzy_d1,,,,
Dick Frisbe,Dick Frisbee,applied,fuzzy_d1,,,,
Dick Frisbie,Dick Frisbee,applied,fuzzy_d1,,,,
June Deckenbach,Jude Deckenbach,applied,fuzzy_d1,,,,
Joann Desmond,Joanne Desmond,applied,fuzzy_d1,,,,
Steven currier,Steve Currier,applied,fuzzy_d1,,,,
Louis Blazej,Lou Blazej,applied,fuzzy_d2,,,,
Lu Blazeh,Lu Blazej,applied,fuzzy_d1,,,,
Christopher Roche,Christopher Roach,applied,fuzzy_d2,,,,
Carolyne Rodgers,Carolyn Rodgers,applied,fuzzy_d1,,,,
Peter Boulware,Pete Boulware,applied,fuzzy_d1,,,,
Lloyd Scholegel,Lloyd Schleigel,applied,fuzzy_d2,,,,
Lloyd Scholegel,Lloyd Schleigel,applied,fuzzy_d2,,,,
Loyd Schleigel,Lloyd Schleigel,applied,fuzzy_d1,,,,
Margaret Broddin,Margaret Brodkin,applied,fuzzy_d1,,,,
Denise Richards,Dennis Richards,applied,fuzzy_d2,,,,
D'Airo Romero,Dairo Romero,applied,fuzzy_d1,,,,
Dale Rogers,Dave Rogers,applied,fuzzy_d1,,,,
David Rounce,David Ronce,applied,fuzzy_d1,,,,
Dawn Trennart,Dawn Trennert,applied,fuzzy_d1,,,,
Gary Weise,Gary Weiss,applied,fuzzy_d1,,,,
John Kingery,Joan Kingery,applied,fuzzy_d1,,,,
Karen Lau,Karen Lam,applied,fuzzy_d1,,,,
Rich Hall,Rick Hall,applied,fuzzy_d1,,,,
Rjick Hall,Rick Hall,applied,fuzzy_d1,,,,
Donald Dewsup,Donald Dewsnup,applied,fuzzy_d1,,,,
Donald Dewsupp,Donald Dewsnup,applied,fuzzy_d2,,,,
Donald Dewnup,Donald Dewsnup,applied,fuzzy_d1,,,,
Donald Dewsupp,Donald Dewsnup,applied,fuzzy_d1,,,,
Donald Dewnup,Donald Dewsnup,applied,fuzzy_d1,,,,
Elizabeth Gordon-Jonkheer,Elizabeth Gordon-Jonckheer,applied,fuzzy_d1,,,,
Emily Gosak,Emily Gosack,applied,fuzzy_d1,,,,
Michael Levine,Michael Levin,applied,fuzzy_d1,,,,
Linh Lee,Lin Lee,applied,fuzzy_d1,,,,
Leslie Lenhart,Leslie Leonhardt,applied,fuzzy_d2,,,,
Michael Yarnie,Michael Yarne,applied,fuzzy_d1,,,,
Charles Breilinger,Charles Breidinger,applied,fuzzy_d1,,,,
Charles Bredinger,Charles Breidinger,applied,fuzzy_d1,,,,
Carol Bronwson,Carol Brownson,applied,fuzzy_d2,,,,
Katherine Wolf,Katherine Wolfe,applied,fuzzy_d1,,,,
Karen Wood,Karen Woods,applied,fuzzy_d1,,,,
Paulo Ikezoe,Paolo Ikezoe,applied,fuzzy_d1,,,,
Steve Kulkin,Steve Kuklin,applied,fuzzy_d2,,,,
Eddie law,Eddie Lau,applied,fuzzy_d1,,,,
Sonja Traus,Sonja Trauss,applied,fuzzy_d1,,,,
Kevin Stall,Kevin Stahl,applied,fuzzy_d1,,,,
Kim Stryke,Kim Stryker,applied,fuzzy_d1,,,,
Tim Brown,Tom Brown,applied,fuzzy_d1,,,,
George Willia,George Williams,applied,fuzzy_d2,,,,
Grace Shananan,Grace Shanahan,applied,fuzzy_d1,,,,
Grace Shanaghan,Grace Shanahan,applied,fuzzy_d1,,,,
Peter Lilenthal,Peter Linenthal,applied,fuzzy_d1,,,,
Peter Linnethal,Peter Linenthal,applied,fuzzy_d2,,,,
Laura Cresimano,Laura Crescimano,applied,fuzzy_d1,,,,
Laura Cresimano,Laura Crescimano,applied,fuzzy_d1,,,,
Scott McDean,Scott McBean,applied,fuzzy_d1,,,,
Milo Hankey,Milo Hanke,applied,fuzzy_d1,,,,
Michael Finn,Michael Fine,applied,fuzzy_d1,,,,
Charles Deffarge,Charles DeFarge,applied,fuzzy_d1,,,,
Charles Deffarges,Charles DeFarge,applied,fuzzy_d2,,,,
James Goetz,James Gomez,applied,fuzzy_d2,,,,
Georgia Brittan,Georgia Britton,applied,fuzzy_d1,,,,
Darrel Doherty,Darrell Doherty,applied,fuzzy_d1,,,,
Derrell Doherty,Darrell Doherty,applied,fuzzy_d1,,,,
Amy Lew,Amy Lee,applied,fuzzy_d1,,,,
Anya Lee,Ana Lee,applied,fuzzy_d1,,,,
Bran Benson,Brad Benson,applied,fuzzy_d1,,,,
Stephens Adams,Stephen Adams,applied,fuzzy_d1,,,,
Harry O'Brian,Harry O'Brien,applied,fuzzy_d1,,,,
Harry O'brian,Harry O'Brien,applied,fuzzy_d1,,,,
Scot Sanchez,Scott Sanchez,applied,fuzzy_d1,,,,
Charlie Marsteller,Charles Marsteller,applied,fuzzy_d2,,,,
Cris Manitsas,Chris Manitsas,applied,fuzzy_d1,,,,
Cris Selig,Chris Selig,applied,fuzzy_d1,,,,
Areliious Walker,Arelious Walker,applied,fuzzy_d1,,,,
Areloius Walker,Arelious Walker,applied,fuzzy_d2,,,,
Janet Carpinilli,Janet Carpinelli,applied,fuzzy_d1,,,,
Joey Caim,Joey Cain,applied,fuzzy_d1,,,,
Glen Reskalvo,Glen Rescalvo,applied,fuzzy_d1,,,,
Ted Vriheas,Tedi Vriheas,applied,fuzzy_d1,,,,
Teddi Vriheas,Tedi Vriheas,applied,fuzzy_d1,,,,
Teddi Vriheas,Tedi Vriheas,applied,fuzzy_d2,,,,
Teddy Vriheas,Tedi Vriheas,applied,fuzzy_d2,,,,
Ada Chin,Ada Chan,applied,fuzzy_d1,,,,
Annie Chong,Annie Chung,applied,fuzzy_d1,,,,
Annie Cheung,Anni Chung,applied,fuzzy_d1,,,,
Arthur Chan,Arthur Chang,applied,fuzzy_d1,,,,
Annie Cheung,Anni Chung,applied,fuzzy_d2,,,,
Melinda Sarajapur,Melinda Sarjapur,applied,fuzzy_d1,,,,
Buch Bagot,Buck Bagot,applied,fuzzy_d1,,,,
Larry Badner,Larry Badiner,applied,fuzzy_d1,,,,
Lion Barnet,Lion Barnett,applied,fuzzy_d1,,,,
Katie Sofis,Kate Sofis,applied,fuzzy_d1,,,,
Steve Chan,Steve Chen,applied,fuzzy_d1,,,,
Steven Chung,Steven Chong,applied,fuzzy_d1,,,,
Steven Chapman,Steve Chapman,applied,fuzzy_d1,,,,
Jannet Potter,Janet Potter,applied,fuzzy_d1,,,,
F. Joseph Buttler,F. Joseph Butler,applied,fuzzy_d1,,,,
Miles Stevens,Myles Stevens,applied,fuzzy_d1,,,,
Michael Stenburg,Michael Steinberg,applied,fuzzy_d2,,,,
Michael Stenberg,Michael Steinberg,applied,fuzzy_d1,,,,
Tere Almaguer,Teresa Almaguer,applied,fuzzy_d2,,,,
C.J. Higgley,C.J. Higley,applied,fuzzy_d1,,,,
Carl Hitlz,Carl Hilsz,applied,fuzzy_d2,,,,
James Whitaker,Jamie Whitaker,applied,fuzzy_d2,,,,
Jane Cole,Janet Cole,applied,fuzzy_d1,,,,
Caroline Kennedy,Carolyn Kennedy,applied,fuzzy_d2,,,,
Christhopher VerPlank,Christopher VerPlanck,applied,fuzzy_d2,,,,
Ray Baer,Ray Bair,applied,fuzzy_d1,,,,
Stan Landfain,Stan Landfair,applied,fuzzy_d1,,,,
Sam Lao,Sam Lau,applied,fuzzy_d1,,,,
Reza Khosnevisian,Reza Khoshnevisan,applied,fuzzy_d2,,,,
Reza Khosnevisan,Reza Khoshnevisan,applied,fuzzy_d1,,,,
Pamela Dufty,Pamela Duffy,applied,fuzzy_d1,,,,
Dennis Lumsey,Dennis Lumsy,applied,fuzzy_d1,,,,
Bill Hamett,Bill Hammet,applied,fuzzy_d2,,,,
Bill Hannon,Bill Hannan,applied,fuzzy_d1,,,,
Gordan Mar,Gordon Mar,applied,fuzzy_d1,,,,
Milo Transs,Milo Trauss,applied,fuzzy_d1,,,,
Devyani Jaine,Devyani Jain,applied,fuzzy_d1,,,,
Suzanne Markell-Fox,Suzanne Markel-Fox,applied,fuzzy_d1,,,,
Mickey Martin,Mike Martin,applied,fuzzy_d2,,,,
Jeffrey Liebowitz,Jeffrey Liebovitz,applied,fuzzy_d1,,,,
Jeffrey Lievovitz,Jeffrey Liebovitz,applied,fuzzy_d1,,,,
Jeffrey Libovitz,Jeffrey Liebovitz,applied,fuzzy_d1,,,,
Jeffrey Lieberwitz,Jeffrey Liebovitz,applied,fuzzy_d2,,,,
Jeffrey Libovitz,Jeffrey Liebovitz,applied,fuzzy_d2,,,,
Jeffrey Livovits,Jeffrey Liebovitz,applied,fuzzy_d2,,,,
Jeffrey Libovitz,Jeffrey Liebovitz,applied,fuzzy_d2,,,,
Susanna Rojas,Susana Rojas,applied,fuzzy_d1,,,,
Sally Rosenman,Sally Rossenman,applied,fuzzy_d1,,,,
Frank Canata,Frank Cannata,applied,fuzzy_d1,,,,
Frank Cannota,Frank cannata,applied,fuzzy_d1,,,,
Frank Cannota,Frank cannata,applied,fuzzy_d1,,,,
Sonja Koss,Sonja Kos,applied,fuzzy_d1,,,,
Ken Taylor,Karen Taylor,applied,fuzzy_d2,,,,
Ken Taymor,Ken Taymore,applied,fuzzy_d1,,,,
Diana Ruiz,Diane Ruiz,applied,fuzzy_d1,,,,
Denise LaPoint,Denise LaPointe,applied,fuzzy_d1,,,,
Dennise Lapointe,Denise LaPointe,applied,fuzzy_d1,,,,
Ann Li,Ann Lim,applied,fuzzy_d1,,,,
Daniella Kirschenbaum,Daniela Kirshenbaum,applied,fuzzy_d2,,,,
Daniella Kirshenbaum,Daniela Kirshenbaum,applied,fuzzy_d1,,,,
Steve Geisler,Steve Geiszler,applied,fuzzy_d1,,,,
Joe Curtain,Joe Curtin,applied,fuzzy_d1,,,,
Tony Pantealeoni,Tony Panteleoni,applied,fuzzy_d1,,,,
Tony Pantealeoni,Tony Panteleoni,applied,fuzzy_d1,,,,
Teresa Palmer,Theresa Palmer,applied,fuzzy_d1,,,,
Ken Cleveland,Ken Cleaveland,applied,fuzzy_d1,,,,
Christopher Pederson,Christopher Peterson,applied,fuzzy_d1,,,,
Peter Hartmann,Peter Hartman,applied,fuzzy_d1,,,,
Tom Lippy,Tom Lippe,applied,fuzzy_d1,,,,
Terry Lindal,Terry Lindall,applied,fuzzy_d1,,,,
Michael Willis,Michael Williams,applied,fuzzy_d2,,,,
Suleil Shatara,Suheil Shatara,applied,fuzzy_d1,,,,
Sara Short,Sarah Short,applied,fuzzy_d1,,,,
Linda Ajello- Hoagland,Linda Ajello Hoagland,applied,fuzzy_d1,,,,
Richard Reinecius,Richard Reineccius,applied,fuzzy_d1,,,,
Roy Recio,Ray Recio,applied,fuzzy_d1,,,,
Danny Torres,Dan Torres,applied,fuzzy_d2,,,,
Dani Torres,Dan Torres,applied,fuzzy_d1,,,,
David Tournheim,David Tornheim,applied,fuzzy_d1,,,,
Breana Morales,Briana Morales,applied,fuzzy_d1,,,,
Breana Morales,Briana Morales,applied,fuzzy_d1,,,,
David Gartner,David Gardner,applied,fuzzy_d1,,,,
Doug Shoemacker,Doug Shoemaker,applied,fuzzy_d1,,,,
Denis Shanagher,Dennis Shanagher,applied,fuzzy_d1,,,,
Russell Morine,Russel Morine,applied,fuzzy_d1,,,,
Rom Morgan,Ron Morgan,applied,fuzzy_d1,,,,
Christine Hausson,Christine Hanson,applied,fuzzy_d2,,,,
Redmon Lyon,Redmond Lyons,applied,fuzzy_d2,,,,
Chester Chan,Chester Chin,applied,fuzzy_d1,,,,
Colleen Chawa,Colleen Chawla,applied,fuzzy_d1,,,,
John Wilkinson,John Wilkins,applied,fuzzy_d2,,,,
John Millisap,John Millsap,applied,fuzzy_d1,,,,
Steen Aiello,Steven Aiello,applied,fuzzy_d1,,,,
Robyn Tuker,Robyn Tucker,applied,fuzzy_d1,,,,
Zack Stewart,Zach Stewart,applied,fuzzy_d1,,,,
Raymund Castillo,Raymond Castillo,applied,fuzzy_d1,,,,
Regan Carol,Regan Carroll,applied,fuzzy_d2,,,,
Hahn Pham,Hahn Phan,applied,fuzzy_d1,,,,
Marc Anthony,Mark Anthony,applied,fuzzy_d1,,,,
Adele Framer,Adel Framer,applied,fuzzy_d1,,,,
Susan Cientat,Susan Cieutat,applied,fuzzy_d1,,,,
Sunny Anguolo,Sunny Angulo,applied,fuzzy_d1,,,,
Stephen Antanaros,Stephen Antonaros,applied,fuzzy_d1,,,,
Stephen Antenaros,Stephen Antonaros,applied,fuzzy_d1,,,,
Andrea Cochman,Andrea Cochran,applied,fuzzy_d1,,,,
Ann Harvey,Anne Harvey,applied,fuzzy_d1,,,,
Jennifer Clay,Jennifer Clary,applied,fuzzy_d1,,,,
Michael Patton,Michael Patten,applied,fuzzy_d1,,,,
Amy Fairweiss,Amy Farweiss,applied,fuzzy_d1,,,,
Jim Salinas Sr,"Jim Salinas, Sr",applied,fuzzy_d1,,,,
Eric Tau,Eric Tao,applied,fuzzy_d1,,,,
Veronia Hunnicutt,Veronica Hunnicutt,applied,fuzzy_d1,,,,
Jaron Brown,Jaron Browne,applied,fuzzy_d1,,,,
John Brunn,John Bruno,applied,fuzzy_d1,,,,
Jouica Brooks,Jonica Brooks,applied,fuzzy_d1,,,,
Jackie Bryson,Jackee Bryson,applied,fuzzy_d1,,,,
Bradly Bradly,Bradley Bradley,applied,fuzzy_d2,,,,
Betsy Brown,Betty Brown,applied,fuzzy_d1,,,,
Ken Patsel,Ken Pastel,applied,fuzzy_d2,,,,
Mary Mcue,Mary McCue,applied,fuzzy_d1,,,,
Mark McGee,Mary McGee,applied,fuzzy_d1,,,,
Mary McNamara,Mark McNamara,applied,fuzzy_d1,,,,
Paul Wang,Paul Wane,applied,fuzzy_d1,,,,
Ken Lim,Kent Lim,applied,fuzzy_d1,,,,
Felecia Smith,Felicia Smith,applied,fuzzy_d1,,,,
Zachary Frias,Zachary Frial,applied,fuzzy_d1,,,,
David Flinn,David Flynn,applied,fuzzy_d1,,,,
Claire Pilchner,Claire Piltcher,applied,fuzzy_d1,,,,
Claire Pilchner,Claire Piltcher,applied,fuzzy_d2,,,,
Babette Drefky,Babette Drefke,applied,fuzzy_d1,,,,
Doug Loranier,Doug Loranger,applied,fuzzy_d1,,,,
Dexter Loue,Dexter Louie,applied,fuzzy_d1,,,,
Malcom Young,Malcolm Young,applied,fuzzy_d1,,,,
Kevn Cheng,Kevin Cheng,applied,fuzzy_d1,,,,
Andrea Aielle,Andrea Aiello,applied,fuzzy_d1,,,,
Michael Robins,Michael Robinson,applied,fuzzy_d2,,,,
Erik Markon,Erick Markon,applied,fuzzy_d1,,,,
Ester Marks,Esther Marks,applied,fuzzy_d1,,,,
Michael Lane,Michael Lan,applied,fuzzy_d1,,,,
Daniel Reily,Daniel Reidy,applied,fuzzy_d1,,,,
Denise Rene,Denise Renae,applied,fuzzy_d1,,,,
Sherryl Davis,Sheryl Davis,applied,fuzzy_d1,,,,
Leah Shakhum,Leah Shahum,applied,fuzzy_d1,,,,
Linda Sheh,Linda Shah,applied,fuzzy_d1,,,,
Linda Shaw,Linda Shah,applied,fuzzy_d1,,,,
Robin Chiuang,Robin Chiang,applied,fuzzy_d1,,,,
Roye Chan,Roy Chan,applied,fuzzy_d1,,,,
Ronald Chung,Ronald Chun,applied,fuzzy_d1,,,,
Don Marcus,Don Marcos,applied,fuzzy_d1,,,,
Dell Martin,Del Martin,applied,fuzzy_d1,,,,
David Marcatt,David Marlatt,applied,fuzzy_d1,,,,
David Marlat,David Marlatt,applied,fuzzy_d1,,,,
Gustavo Lead,Gustavo Leao,applied,fuzzy_d1,,,,
Andrew Woods,Andrew Wood,applied,fuzzy_d1,,,,
Cami Blackstone,Cammy Blackstone,applied,fuzzy_d2,,,,
Rowina Jen,Rowena Jen,applied,fuzzy_d1,,,,
Eunice Lee,Eunice Lew,applied,fuzzy_d1,,,,
Donna Thomson,Donna Thompson,applied,fuzzy_d1,,,,
Renee Curan,Renee Curran,applied,fuzzy_d1,,,,
Tommy Avecoda-Mecca,Tommy Avecola-Mecca,applied,fuzzy_d1,,,,
Tommy Aricola Mecca,Tommy Arecola Meca,applied,fuzzy_d2,,,,
David Villa-Lobas,David Villa-Lobos,applied,fuzzy_d2,,,,
David Villabos,David Villalobos,applied,fuzzy_d2,,,,
David Villa-Lobas,David Villa-Lobos,applied,fuzzy_d1,,,,
Ligia Montana,Ligia Montano,applied,fuzzy_d1,,,,
Larry Monsbacht,Larry Monsbach,applied,fuzzy_d1,,,,
Ken Zushi,Kei Zushi,applied,fuzzy_d1,,,,
Steven Courrier,Steve Courier,applied,fuzzy_d2,,,,
Steven Collier,Steve Collier,applied,fuzzy_d1,,,,
Stefano Costallano,Stefano Costalano,applied,fuzzy_d1,,,,
Christopher Beauer,Christopher Beaver,applied,fuzzy_d1,,,,
Chris Jaackson,Chris Jackson,applied,fuzzy_d1,,,,
Franciso DaCosta,Francisco Dacosta,applied,fuzzy_d1,,,,
Nance Wuerfel,Nancy Wuerfel,applied,fuzzy_d1,,,,
Andrew Klueger,Andrew Kluger,applied,fuzzy_d1,,,,
Jerry Kline,Jerry Klein,applied,fuzzy_d2,,,,
Jim Zach,Jim Zack,applied,fuzzy_d1,,,,
Keith Saggars,Keith Saggers,applied,fuzzy_d1,,,,
Corrine Wood,Corrin Woods,applied,fuzzy_d2,,,,
Paulette Taggart,Paulett Taggart,applied,fuzzy_d1,,,,
Gen Fugioka,Gen Fujioka,applied,fuzzy_d1,,,,
Gen Fujiyoka,Gen Fujioka,applied,fuzzy_d1,,,,
Brenda Story,Brenda Storey,applied,fuzzy_d1,,,,
Peter Winkellstein,Peter Winkelstein,applied,fuzzy_d1,,,,
Peter Winkecstein,Peter Winkelstein,applied,fuzzy_d1,,,,
Bevin Dufty,Bevan Dufty,applied,fuzzy_d1,,,,
Andrew Zaks,Andrew Zacks,applied,fuzzy_d1,,,,
David Johnston,David Johnson,applied,fuzzy_d1,,,,
Dan Johnson,Dante Johnson,applied,fuzzy_d2,,,,
Dwyane Jones,Dwayne Jones,applied,fuzzy_d2,,,,
Devin Johnson,Devon Johnson,applied,fuzzy_d1,,,,
John Major,Joan Major,applied,fuzzy_d2,,,,
Juan Martin,Jane Martin,applied,fuzzy_d2,,,,
John Major,Joan Major,applied,fuzzy_d1,,,,
John Talbott,John Talbot,applied,fuzzy_d1,,,,
Richard Stacey,Richard Stacy,applied,fuzzy_d1,,,,
Mary Bernstein,Mark Bernstein,applied,fuzzy_d1,,,,
Mitchell Berg,Mitchel Berg,applied,fuzzy_d1,,,,
Jim Groden,Jim Growden,applied,fuzzy_d1,,,,
Yasku Askew,Yaku Askew,applied,fuzzy_d2,,,,
Yasku Askew,Yaku Askew,applied,fuzzy_d1,,,,
Darla Bernand,Darla Bernard,applied,fuzzy_d1,,,,
Pierre Lowe,Pierre Loewe,applied,fuzzy_d1,,,,
Donald DUssoff,Donald Dusseff,applied,fuzzy_d1,,,,
Dean Duncan,Dan Duncan,applied,fuzzy_d1,,,,
Don Duncan,Dan Duncan,applied,fuzzy_d1,,,,
Joey Davis,Joe Davis,applied,fuzzy_d1,,,,
Ann Kirschner,Anne Kirschner,applied,fuzzy_d1,,,,
Armand Kiligian,Armand Kilijian,applied,fuzzy_d1,,,,
David Glober,David Glover,applied,fuzzy_d1,,,,
Terryl Watt,Terry Watt,applied,fuzzy_d1,,,,
Nick Colla,Nick Cola,applied,fuzzy_d1,,,,
John Murary,John Murray,applied,fuzzy_d2,,,,
Stacey Bradley,Stacy Bradley,applied,fuzzy_d1,,,,
Susan Brant-Hawley,Susan Brandt-Hawley,applied,fuzzy_d2,,,,
Susan Brant-Hawley,Susan Brandt-Hawley,applied,fuzzy_d1,,,,
Steven Brown,Steve Brown,applied,fuzzy_d1,,,,
Luke O'Brian,Luke O'Brien,applied,fuzzy_d1,,,,
Delphine Brady,Delphine Brody,applied,fuzzy_d1,,,,
Ben Blieman,Ben Bleiman,applied,fuzzy_d2,,,,
Christina Loggi,Christina Logie,applied,fuzzy_d2,,,,
Daniel Grogg,Daniel Gregg,applied,fuzzy_d1,,,,
Jennifer Kano,Jennifer Kan,applied,fuzzy_d1,,,,
Zack Brown,Zack Browne,applied,fuzzy_d1,,,,
John Jenson,John Jensen,applied,fuzzy_d1,,,,
Owen O'Donnel,Owen O'Donnell,applied,fuzzy_d1,,,,
Anna-Christina Newby,Ana-Christina Newby,applied,fuzzy_d1,,,,
Andrea Nelson,Andrew Nelson,applied,fuzzy_d1,,,,
Erik Lin,Eric Lin,applied,fuzzy_d1,,,,
Charles Walker,Charlie Walker,applied,fuzzy_d2,,,,
Bert Polacci,Bert Pollacci,applied,fuzzy_d1,,,,
Serana Bardell,Serena Bardell,applied,fuzzy_d1,,,,
Chris Mori,Chris Mohr,applied,fuzzy_d2,,,,
Cathy Mop,Cathy Mopp,applied,fuzzy_d1,,,,
Patty Delgado,Pat Delgado,applied,fuzzy_d2,,,,
Patrica Delgado,Patricia Delgado,applied,fuzzy_d1,,,,
Jim Sigel,Jim Siegel,applied,fuzzy_d1,,,,
Walter Bass,Walker Bass,applied,fuzzy_d1,,,,
Paul Olson,Paul Olsen,applied,fuzzy_d1,,,,
Alan BeachNelson,Alan Beach-Nelson,applied,fuzzy_d1,,,,
Erik Butler,Eric Butler,applied,fuzzy_d1,,,,
Florence Konj,Florence Kong,applied,fuzzy_d1,,,,
Michael Hennessey,Michael Hennessy,applied,fuzzy_d1,,,,
Mark Herrman,Mark Herman,applied,fuzzy_d1,,,,
Madleine Heinser,Madeleine Heinser,applied,fuzzy_d1,,,,
Denis Antenore,Dennis Antenore,applied,fuzzy_d1,,,,
Don Andrenini,Don Andreini,applied,fuzzy_d1,,,,
Don Andrini,Don Andreini,applied,fuzzy_d1,,,,
Michael Terrio,Michael Terriot,applied,fuzzy_d1,,,,
Michael Terrioux,Michael Terriot,applied,fuzzy_d2,,,,
Laurel Arvantidis,Laurel Arvanitidis,applied,fuzzy_d1,,,,
Sara Wong,Sarah Wong,applied,fuzzy_d1,,,,
Steven Worthingten,Steve Worthington,applied,fuzzy_d2,,,,
Susan Wolf,Susan Wolfe,applied,fuzzy_d1,,,,
Gustavo Seriña,Gustavo Serina,applied,fuzzy_d1,,,,
Pauline Perle,Pauline Peele,applied,fuzzy_d1,,,,
Alex Schroeler,Alex Schroeder,applied,fuzzy_d1,,,,
Glenn Roger,Glenn Rogers,applied,fuzzy_d1,,,,
Peter Drekmeien,Peter Drekmeier,applied,fuzzy_d1,,,,
Patric Race,Patrick Race,applied,fuzzy_d1,,,,
Frankie Scott,Frank Scott,applied,fuzzy_d2,,,,
Gordon Chiu,Gordon Chin,applied,fuzzy_d1,,,,
Gordon Chong,Gordon Chung,applied,fuzzy_d1,,,,
Gary Chin,Gary Chan,applied,fuzzy_d1,,,,
Edith McMillian,Edith McMillan,applied,fuzzy_d1,,,,
Karen Crommin,Karen Crommie,applied,fuzzy_d1,,,,
Greg Hartman,Greg Harteman,applied,fuzzy_d1,,,,
Gregg Harteman,Greg Harteman,applied,fuzzy_d1,,,,
Cala Winkler,Calla Winkler,applied,fuzzy_d1,,,,
Carl Windorf,Carl Windarf,applied,fuzzy_d1,,,,
Sarah Schroder,Sarah Schrader,applied,fuzzy_d1,,,,
Paul Bareras,Paul Barrera,applied,fuzzy_d2,,,,
Ahamd Mohazeb,Ahmad Mohazeb,applied,fuzzy_d2,,,,
Armi Morgan,Armie Morgan,applied,fuzzy_d1,,,,
Allen Low,Allan Low,applied,fuzzy_d1,,,,
Alan Low,Alan Lowe,applied,fuzzy_d1,,,,
Alan Low,Alan Lowe,applied,fuzzy_d1,,,,
Joe O?DONAGHUE,Joe O?Donoghue,applied,fuzzy_d1,,,,
Mark Sulliman,Mark Sullivan,applied,fuzzy_d1,,,,
Ming Sun,Ming Suen,applied,fuzzy_d1,,,,
Mariann Sullivan,Marianne Sullivan,applied,fuzzy_d1,,,,
Lee Radwer,Lee Radner,applied,fuzzy_d1,,,,
Douglas Perry,Dougles Perry,applied,fuzzy_d1,,,,
Richard Hutson,Richard Hudson,applied,fuzzy_d1,,,,
Ana Shimko,Anna Shimko,applied,fuzzy_d1,,,,
Martin Waukazoo,Martin Wankazoo,applied,fuzzy_d1,,,,
Mary Michelucii,Mary Michelucci,applied,fuzzy_d1,,,,
Ezra Mercey,Ezra Mercy,applied,fuzzy_d1,,,,
Michael Janus,Michael Janis,applied,fuzzy_d1,,,,
Moe Jamille,Moe Jamile,applied,fuzzy_d2,,,,
Mo Jameel,Moe Jameel,applied,fuzzy_d1,,,,
Moe Jamille,Moe Jamile,applied,fuzzy_d1,,,,
Billy Johnson,Bill Johnson,applied,fuzzy_d1,,,,
Owen Kenerly,Owen Kennerly,applied,fuzzy_d1,,,,
Jeannetta Johnson,Jeannette Johnson,applied,fuzzy_d1,,,,
Gillian Gillet,Gillian Gillett,applied,fuzzy_d1,,,,
Ronae Kent,Roanae Kent,applied,fuzzy_d1,,,,
Ralf Kerstetter,Ralph Kerstetter,applied,fuzzy_d2,,,,
Maverick Ruiz,Maverick Ruis,applied,fuzzy_d1,,,,
Michael Siu,Michael Situ,applied,fuzzy_d1,,,,
Steve Nakaso,Steve Nakajo,applied,fuzzy_d1,,,,
Elaina Grunberg,Elana Gruenberg,applied,fuzzy_d2,,,,
Andrew Yio,Andrew Yip,applied,fuzzy_d1,,,,
Sean Richards,Sean Richard,applied,fuzzy_d1,,,,
Barbara Atard,Barbara Attard,applied,fuzzy_d1,,,,
Larry Matthews,Larry Mathews,applied,fuzzy_d1,,,,
Elm Rocket,Em Rocket,applied,fuzzy_d1,,,,
Peter Ziblat,Peter Ziblatt,applied,fuzzy_d1,,,,
Zack Weizenberger,Zack Weisenberger,applied,fuzzy_d1,,,,
Zach Weisenberger,Zack Weisenberger,applied,fuzzy_d1,,,,
Zach Weisenburger,Zack Weisenburger,applied,fuzzy_d1,,,,
George Sum,George Sun,applied,fuzzy_d1,,,,
Ken Maeshirb,Ken Maeshiro,applied,fuzzy_d1,,,,
Lynn Workback,Lynn Woback,applied,fuzzy_d2,,,,
Carolyn Dimond,Carolyn Diamond,applied,fuzzy_d1,,,,
Rob Thompson,Robin Thompson,applied,fuzzy_d2,,,,
Nick Pasquerello,Nick Pasquariello,applied,fuzzy_d2,,,,
Angelene O'Loughlin,Angeline O'Loughlin,applied,fuzzy_d1,,,,
Amy O'Hara,Amy O'Hare,applied,fuzzy_d1,,,,
Elizabeth Ranieri,Elizabeth Rainieri,applied,fuzzy_d1,,,,
Cindy Reutter,Cindy Reuter,applied,fuzzy_d1,,,,
Dorcas Moureen Bender,Dorcas Maureen Bender,applied,fuzzy_d1,,,,
Michael Goal,Michael Gobal,applied,fuzzy_d1,,,,
Paul Aspin,Paula Aspin,applied,fuzzy_d1,,,,
Kelly Hensley,Kelley Hensley,applied,fuzzy_d1,,,,
Sharon Stayer,Sharon Stoyer,applied,fuzzy_d1,,,,
Brian Shehe,Brian Shee,applied,fuzzy_d1,,,,
D'pak Patel,Dipak Patel,applied,fuzzy_d1,,,,
Christine Koncal,Cristine Koncal,applied,fuzzy_d1,,,,
Chris French,Cris French,applied,fuzzy_d1,,,,
Peter Glickstein,Peter Glickstern,applied,fuzzy_d1,,,,
Peter Glikshtein,Peter Glikshtern,applied,fuzzy_d1,,,,
Peter Glickstein,Peter Glickstern,applied,fuzzy_d1,,,,
Peter Glikshtein,Peter Glikshtern,applied,fuzzy_d1,,,,
Carrol Gilbert,Carol Gilbert,applied,fuzzy_d1,,,,
Jean Quock,Jeanne Quock,applied,fuzzy_d2,,,,
Jeane Quock,Jeanne Quock,applied,fuzzy_d1,,,,
Norman Burns,Norm Burns,applied,fuzzy_d2,,,,
Mic Ringel,Mica Ringel,applied,fuzzy_d1,,,,
Gene Kaplan,Gwen Kaplan,applied,fuzzy_d2,,,,
Nick Cranner,Nick Cranker,applied,fuzzy_d1,,,,
Nick Cranner,Nick Cranker,applied,fuzzy_d1,,,,
Jon Anthony,John Anthony,applied,fuzzy_d1,,,,
Valle Brown,Valie Brown,applied,fuzzy_d1,,,,
Valle Brown,Valie Brown,applied,fuzzy_d1,,,,
RD Ferrari,RJ Ferrari,applied,fuzzy_d1,,,,
Gabriella Tinoco,Gabriela Tinoco,applied,fuzzy_d1,,,,
Therezia Nemeth,Terezia Nemeth,applied,fuzzy_d1,,,,
Patrick Richard,Patrick Richards,applied,fuzzy_d1,,,,
Elizabeth Milos,Elizabeth Mills,applied,fuzzy_d1,,,,
Elizabeth Milos,Elizabeth Mills,applied,fuzzy_d1,,,,
Weldon Jackson,Wevdon Jackson,applied,fuzzy_d1,,,,
Brian Speier,Brian Spiers,applied,fuzzy_d2,,,,
Michael Spaer,Michael Spear,applied,fuzzy_d2,,,,
Garet Jenkins,Garrett Jenkins,applied,fuzzy_d2,,,,
Kevin Kearny,Kevin Kearney,applied,fuzzy_d1,,,,
Wei Chang Kwan,Wei Cheng Kwan,applied,fuzzy_d1,,,,
David Huan,David Huang,applied,fuzzy_d1,,,,
John Twitchell,Jon Twichell,applied,fuzzy_d2,,,,
Bob Legale,Bob Legallet,applied,fuzzy_d2,,,,
Bo Lee,Bob Lee,applied,fuzzy_d1,,,,
Bill Linert,Bill Liner,applied,fuzzy_d1,,,,
Charlie Miller,Charles Miller,applied,fuzzy_d2,,,,
Dave Bishol,Dave Bisho,applied,fuzzy_d1,,,,
Andy Gillis,Andy Gilles,applied,fuzzy_d1,,,,
Gary Moony,Gary Moody,applied,fuzzy_d1,,,,
Bettie Landis,Bette Landis,applied,fuzzy_d1,,,,
Dina Hillard,Dina Hilliard,applied,fuzzy_d1,,,,
Frederick Alladyce,Frederick Allardyce,applied,fuzzy_d1,,,,
Brother Kelley Collins,Brother Kelley Collin,applied,fuzzy_d1,,,,
Anthony Galletta,Anthony Galleta,applied,fuzzy_d1,,,,
Tod Curtis,Todd Curtis,applied,fuzzy_d1,,,,
Tim Cullier,Tim Culler,applied,fuzzy_d1,,,,
David Chung,David Chu,applied,fuzzy_d2,,,,
Lawrence Michelson,Lawrence Michaelson,applied,fuzzy_d1,,,,
Jane Crane,Janet Crane,applied,fuzzy_d1,,,,
Kevin Westley,Kevin Westely,applied,fuzzy_d2,,,,
C. J. Higgley,C. J. Higley,applied,fuzzy_d1,,,,
Peter Branngan,Peter Brannigan,applied,fuzzy_d1,,,,
Peter Braston,Peter Brastow,applied,fuzzy_d1,,,,
Carol Ito,Caryl Ito,applied,fuzzy_d1,,,,
Natalie Mate,Natalie Mattei,applied,fuzzy_d2,,,,
Nella Manvel,Nella Manuel,applied,fuzzy_d1,,,,
Isabelle Wade,Isabel Wade,applied,fuzzy_d2,,,,
Peter Heinercke,Peter Heinecke,applied,fuzzy_d1,,,,
Cynthia Silverstine,Cynthia Silverstein,applied,fuzzy_d2,,,,
Cathy Siman,Cathy Simon,applied,fuzzy_d1,,,,
Norman Garcia,Norma Garcia,applied,fuzzy_d1,,,,
Elleanore Gerhardt,Eleanore Gerhardt,applied,fuzzy_d1,,,,
Elizabeth Zitron,Elizabeth Zitrin,applied,fuzzy_d1,,,,
Stella Becerras,Stella Becerra,applied,fuzzy_d1,,,,
Ofc. William McCarthy,Off. William McCarthy,applied,fuzzy_d1,,,,
Monika Yungea,Monika Yungela,applied,fuzzy_d1,,,,
Konani Ahmed,Kinani Ahmed,applied,fuzzy_d1,,,,
Linda Small,Lindy Small,applied,fuzzy_d1,,,,
John Hwang,John Hwag,applied,fuzzy_d1,,,,
Valerie Gruber,Valleri Gruber,applied,fuzzy_d2,,,,
Russell Pritehard,Russell Pritchard,applied,fuzzy_d1,,,,
Robin Prior,Robin Pryor,applied,fuzzy_d1,,,,
John Funghi,John Fung,applied,fuzzy_d2,,,,
Steve Cloherty,Stave Cloherty,applied,fuzzy_d1,,,,
David De La Torrre,David de la Torre,applied,fuzzy_d1,,,,
Deanna Ponce de Leon,Diana Ponce de Leon,applied,fuzzy_d2,,,,
Mark Blackman,Mark Blakeman,applied,fuzzy_d2,,,,
Anastacia Gluckstein,Anastasia Glickstein,applied,fuzzy_d2,,,,
Anastacia Glickstein,Anastasia Glickstein,applied,fuzzy_d1,,,,
Chris Barnett,Chris Barrett,applied,fuzzy_d1,,,,
David Hall,David Hale,applied,fuzzy_d1,,,,
Pam Danenberg,Pam Dannenberg,applied,fuzzy_d1,,,,
Fabien Lannoye,Fabian Lannoye,applied,fuzzy_d1,,,,
Frank Gillson,Frank Gilson,applied,fuzzy_d1,,,,
Tom Gilberty,Tom Gilberti,applied,fuzzy_d1,,,,
Tom Gilbertti,Tom Gilberti,applied,fuzzy_d1,,,,
"Rodney Hampton, Jr",Rodney Hampton Jr,applied,fuzzy_d1,,,,
Brian Forster,Brian Foster,applied,fuzzy_d1,,,,
Larry Mazola Jr,Larry Mazzola Jr,applied,fuzzy_d1,,,,
Leah Fadley,Leah Faley,applied,fuzzy_d1,,,,
Leah Fadley,Leah Faley,applied,fuzzy_d1,,,,
Kristen Thell Peters,Kristen Thall Peters,applied,fuzzy_d1,,,,
Brian O'Neill,Brian O'Neil,applied,fuzzy_d1,,,,
Brian O'Neal,Brian O'Neil,applied,fuzzy_d1,,,,
Quentin Mecke,Quintin Mecke,applied,fuzzy_d1,,,,
Barbara Garrett,Barbara Garret,applied,fuzzy_d1,,,,
Frank Morron,Frank Morrow,applied,fuzzy_d1,,,,
Ken Kobri,Ken Kobre,applied,fuzzy_d1,,,,
Nelson Riley,Nelson Risey,applied,fuzzy_d1,,,,
Peter Foller,Peter Fowler,applied,fuzzy_d1,,,,
Marian Aird,Marion Aird,applied,fuzzy_d1,,,,
William Mannion,William Manion,applied,fuzzy_d1,,,,
Heather Rodgers,Heather Rogers,applied,fuzzy_d1,,,,
Sarah Jarmon,Sarah Jarman,applied,fuzzy_d1,,,,
Jeannette Ethridge,Jeannette Etheridge,applied,fuzzy_d1,,,,
Debra Niehmann,Debra Niemann,applied,fuzzy_d1,,,,
Pastor Josiah Bell,Pastor Joesiah Bell,applied,fuzzy_d1,,,,
Chaplain Earl Rogers,Chaplan Earl Rogers,applied,fuzzy_d1,,,,
Carol Ann Rogers,Carol Ann Rodgers,applied,fuzzy_d1,,,,
Bob Prentis,Bob Prentiss,applied,fuzzy_d1,,,,
Tom Amiano,Tom Ammiano,applied,fuzzy_d1,,,,
Sarah White,Sara White,applied,fuzzy_d1,,,,
Mary Beth Starzel,Mary Beth Starzell,applied,fuzzy_d1,,,,
John Sleshinger,John Slessinger,applied,fuzzy_d1,,,,
Jack Yu,Jacki Yu,applied,fuzzy_d1,,,,
Bruce Keen,Bruce Keene,applied,fuzzy_d1,,,,
Erin Chen,Erlin Chen,applied,fuzzy_d1,,,,
Ted Gullicksen,Ted Gullickson,applied,fuzzy_d1,,,,
Egon Terplen,Egon Terplan,applied,fuzzy_d1,,,,
Brooke Budner,Brooke Butner,applied,fuzzy_d1,,,,
Ar. Redstone,Ari Redstone,applied,fuzzy_d1,,,,
Eileen Prendivill,Eileen Prendiville,applied,fuzzy_d1,,,,
Christopher Ver Plancke,Christopher Ver Planck,applied,fuzzy_d1,,,,
Diva Lynn,Dina Lynn,applied,fuzzy_d1,,,,
Maria Elena Guerrero Engber,Maria Elena Guerrero Enger,applied,fuzzy_d1,,,,
Sean Flanigan,Sean Flanagan,applied,fuzzy_d1,,,,
Tobias Hirano,Tobias Hiraho,applied,fuzzy_d1,,,,
Greg Endum,Greg Endom,applied,fuzzy_d1,,,,
Tedi Verhase,Tedi Verhases,applied,fuzzy_d1,,,,
Tedi Verhasis,Tedi Verhases,applied,fuzzy_d1,,,,
Tedi Verhase,Tedi Verhases,applied,fuzzy_d1,,,,
Tedi Verhasis,Tedi Verhases,applied,fuzzy_d1,,,,
Kate O'Brien,Katie O'Brien,applied,fuzzy_d1,,,,
Ron Dudum,Ron Duddum,applied,fuzzy_d1,,,,
Neil Schartz,Neil Schwartz,applied,fuzzy_d1,,,,
Irving Gonzales,Irving Gonzalez,applied,fuzzy_d1,,,,
William Chan,William Chang,applied,fuzzy_d1,,,,
Erin Eisenberg,Erin Eisenburg,applied,fuzzy_d1,,,,
Heather Davis,Heather Davies,applied,fuzzy_d1,,,,
Welcomed Commissioner Borden,Welcomed Commissioners Borden,candidate,fuzzy_review,1.0,98.24561403508773,1.0,1.0
William Ortiz Cartajena,William Ortiz Catajena,candidate,fuzzy_review,1.0,97.77777777777776,1.0,1.0
Chaplain Earl Rodgers,Chaplain Earl Rogers,candidate,fuzzy_review,1.0,97.5609756097561,1.0,1.0
Daniella Kirshenbaum,Daniella Kirschenbaum,candidate,fuzzy_review,1.0,97.5609756097561,1.0,1.0
Sarah Dennis-Phillips,Sara Dennis-Phillips,candidate,fuzzy_review,1.0,97.5609756097561,5.0,7.0
Stephan Costellano,Stephan Constellano,candidate,fuzzy_review,1.0,97.2972972972973,1.0,1.0
Peter Papadapulous,Peter Papadapoulous,candidate,fuzzy_review,1.0,97.2972972972973,1.0,1.0
Peter Papodopoulous,Peter Papodopolous,candidate,fuzzy_review,1.0,97.2972972972973,1.0,1.0
William Flyshacker,William Flyschacker,candidate,fuzzy_review,1.0,97.2972972972973,1.0,1.0
Dianne Sid-Champion,Diane Sid-Champion,candidate,fuzzy_review,1.0,97.2972972972973,1.0,1.0
Robert D. Williams,Robert D. William,candidate,fuzzy_review,1.0,97.14285714285714,2.0,2.0
Gayle Tsen Strang,Gayle Tsern Strang,candidate,fuzzy_review,1.0,97.14285714285714,1.0,1.0
Mitchelle Omerberg,Mitchell Omerberg,candidate,fuzzy_review,1.0,97.14285714285714,1.0,1.0
Beatrice Wahlberck,Beatrice Wahlbeck,candidate,fuzzy_review,1.0,97.14285714285714,1.0,1.0
Charles Cunnigham,Charles Cunningham,candidate,fuzzy_review,1.0,97.14285714285714,1.0,1.0
Jefferson McCarley,Jefferson McArley,candidate,fuzzy_review,1.0,97.14285714285714,1.0,1.0
David De La Torre,David De La Torrre,candidate,fuzzy_review,1.0,97.14285714285714,1.0,1.0
David De La Torrre,David De la Torre,candidate,fuzzy_review,1.0,97.14285714285714,1.0,1.0
Daniel Silverman,Daniel Silvermann,candidate,fuzzy_review,1.0,96.96969696969695,1.0,1.0
Charles Deffarges,Charles Deffarge,candidate,fuzzy_review,1.0,96.96969696969695,1.0,1.0
Reza Khosnevisan,Reza Khosnevisian,candidate,fuzzy_review,1.0,96.96969696969695,1.0,1.0
Carol Ann Rodgers,Carol Ann rogers,candidate,fuzzy_review,1.0,96.96969696969695,2.0,2.0
Rufino DeLeon Jr,"Rufino DeLeon, Jr",candidate,fuzzy_review,1.0,96.96969696969695,1.0,1.0
Eleanor Gerhardt,Eleanore Gerhardt,candidate,fuzzy_review,1.0,96.96969696969695,2.0,2.0
Catherin Roberts,Catherine Roberts,candidate,fuzzy_review,1.0,96.96969696969695,1.0,1.0
David Villa-Lobos,David Villalobos,candidate,fuzzy_review,1.0,96.96969696969695,3.0,7.0
Jonathan Buneman,Jonathan Bunemann,candidate,fuzzy_review,1.0,96.96969696969695,1.0,1.0
Richard Reinhold,Richard Reinholdt,candidate,fuzzy_review,1.0,96.96969696969695,1.0,1.0
Project Sponsors,Project sponsor,candidate,fuzzy_review,1.0,96.7741935483871,6.0,8.0
Majeid Crawford,Madjeid Crawford,candidate,fuzzy_review,1.0,96.7741935483871,1.0,1.0
Doris Linnebach,Doris Linnenbach,candidate,fuzzy_review,1.0,96.7741935483871,3.0,7.0
Michael Theriot,Michael Theriott,candidate,fuzzy_review,1.0,96.7741935483871,15.0,18.0
Patrick Hoffman,Patrick Hoffmann,candidate,fuzzy_review,1.0,96.7741935483871,2.0,3.0
Kenny Silverman,Kenney Silverman,candidate,fuzzy_review,1.0,96.7741935483871,1.0,1.0
Project Sponsor's Representative,Project Sponsor Representative,candidate,fuzzy_review,2.0,96.7741935483871,1.0,1.0
Karthy Turnquist,Kathy Turnquist,candidate,fuzzy_review,1.0,96.7741935483871,2.0,2.0
Project Sponsor representative,Project Sponsor's Representative,candidate,fuzzy_review,2.0,96.7741935483871,1.0,1.0
Peter Glicstern,Peter Glickstern,candidate,fuzzy_review,1.0,96.7741935483871,2.0,2.0
Alfonso Folstino,Alfonso Fostino,candidate,fuzzy_review,1.0,96.7741935483871,1.0,1.0
Paulie Marshall,Pauline Marshall,candidate,fuzzy_review,1.0,96.7741935483871,1.0,1.0
Marilyn LaNarris,Marilyn Lanaris,candidate,fuzzy_review,1.0,96.7741935483871,1.0,1.0
Tom Redoulavitch,Tom Redoulavich,candidate,fuzzy_review,1.0,96.7741935483871,1.0,1.0
Patrice Johnson,Patrice Johnston,candidate,fuzzy_review,1.0,96.7741935483871,1.0,1.0
Beatrice Thoms,Beatrice Thomas,candidate,fuzzy_review,1.0,96.55172413793105,1.0,1.0
Briana Morales,Brianna Morales,candidate,fuzzy_review,1.0,96.55172413793105,9.0,12.0
Peter A. Cully,Peter A. Culley,candidate,fuzzy_review,1.0,96.55172413793105,1.0,1.0
Marvis Phillips,Marvis Philips,candidate,fuzzy_review,1.0,96.55172413793105,1.0,1.0
Kristin Hansen,Kristina Hansen,candidate,fuzzy_review,1.0,96.55172413793105,1.0,1.0
Claire Piltcher,Claire Pilcher,candidate,fuzzy_review,1.0,96.55172413793105,5.0,9.0
Steve Barrabee,Steven Barrabee,candidate,fuzzy_review,1.0,96.55172413793105,1.0,1.0
Joe O'Donaughe,Joe O'Donaughue,candidate,fuzzy_review,1.0,96.55172413793105,1.0,1.0
Michael Robins,Michael Robbins,candidate,fuzzy_review,1.0,96.55172413793105,1.0,1.0
Russell Maurine,Russell Marine,candidate,fuzzy_review,1.0,96.55172413793105,1.0,1.0
Cindy Comerford,Cindy Comeford,candidate,fuzzy_review,1.0,96.55172413793105,1.0,1.0
Corrine Quigley,Corine Quigley,candidate,fuzzy_review,1.0,96.55172413793105,1.0,1.0
Julian Sullivan,Julia Sullivan,candidate,fuzzy_review,1.0,96.55172413793105,2.0,5.0
Amad Larizadeh,Ahmad Larizadeh,candidate,fuzzy_review,1.0,96.55172413793105,6.0,8.0
Leslie Lenheart,Leslie Lenhart,candidate,fuzzy_review,1.0,96.55172413793105,1.0,1.0
Michael Levitt,Michael Leavitt,candidate,fuzzy_review,1.0,96.55172413793105,7.0,9.0
Jorgen Cleemann,Jorgen Cleeman,candidate,fuzzy_review,1.0,96.55172413793105,1.0,1.0
Warner Schmaltz,Warner Schmalz,candidate,fuzzy_review,1.0,96.55172413793105,5.0,10.0
Philip Carlton,Philip Carleton,candidate,fuzzy_review,1.0,96.55172413793105,1.0,1.0
Daniel Oberook,Daniel Oberlook,candidate,fuzzy_review,1.0,96.55172413793105,1.0,1.0
Christina Olea,Christina Oleya,candidate,fuzzy_review,1.0,96.55172413793105,1.0,1.0
Meagan Sullivan,Megan Sullivan,candidate,fuzzy_review,1.0,96.55172413793105,2.0,5.0
Suzanne Martin,Suzzanne Martin,candidate,fuzzy_review,1.0,96.55172413793105,1.0,1.0
Theresa Dulalas,Teresa Dulalas,candidate,fuzzy_review,1.0,96.55172413793105,5.0,11.0
Katie Albright,Katie Allbright,candidate,fuzzy_review,1.0,96.55172413793105,1.0,1.0
Leonard Basocco,Leonard Basoco,candidate,fuzzy_review,1.0,96.55172413793105,5.0,14.0
William Conway,William conaway,candidate,fuzzy_review,1.0,96.55172413793105,1.0,1.0
Rene Colorado,Renee Colorado,candidate,fuzzy_review,1.0,96.2962962962963,1.0,1.0
Erick Arguello,Erik Arguello,candidate,fuzzy_review,1.0,96.2962962962963,8.0,16.0
Olie Lundberg,Ollie Lundberg,candidate,fuzzy_review,1.0,96.2962962962963,1.0,1.0
Jessie Watters,Jessie Waters,candidate,fuzzy_review,1.0,96.2962962962963,1.0,1.0
Quintin Mecke,Quintin Meckie,candidate,fuzzy_review,1.0,96.2962962962963,2.0,3.0
Sal Busalachi,Sal Busalacchi,candidate,fuzzy_review,1.0,96.2962962962963,1.0,1.0
Tess Wellborne,Tess Wellborn,candidate,fuzzy_review,1.0,96.2962962962963,1.0,1.0
Tess Welbourn,Tess Welbourne,candidate,fuzzy_review,1.0,96.2962962962963,4.0,6.0
Pat Buskovich,Pat Buskovitch,candidate,fuzzy_review,1.0,96.2962962962963,7.0,13.0
Tujia Catalano,Tuia Catalano,candidate,fuzzy_review,1.0,96.2962962962963,2.0,5.0
Pat Buscovitch,Pat Buscovich,candidate,fuzzy_review,1.0,96.2962962962963,20.0,48.0
Phillip Lesser,Philip Lesser,candidate,fuzzy_review,1.0,96.2962962962963,22.0,34.0
Fabian Lanoye,Fabian Lannoye,candidate,fuzzy_review,1.0,96.2962962962963,2.0,3.0
Steve Currier,Steven Currier,candidate,fuzzy_review,1.0,96.2962962962963,14.0,22.0
Joe Ventresca,Joel Ventresca,candidate,fuzzy_review,1.0,96.2962962962963,1.0,1.0
Phillip Faight,Philip Faight,candidate,fuzzy_review,1.0,96.2962962962963,1.0,1.0
Nancy Wuerfell,Nancy Wuerfel,candidate,fuzzy_review,1.0,96.2962962962963,4.0,7.0
Donald Whiten,Donald Whitten,candidate,fuzzy_review,1.0,96.2962962962963,1.0,1.0
Vannessa Akino,Vanessa Akino,candidate,fuzzy_review,1.0,96.2962962962963,5.0,7.0
Jilllen Doroan,Jillen Doroan,candidate,fuzzy_review,1.0,96.2962962962963,1.0,1.0
"John Brown, Jr",John Brown Jr,candidate,fuzzy_review,1.0,96.2962962962963,8.0,9.0
Mark Demolata,Mark Demolanta,candidate,fuzzy_review,1.0,96.2962962962963,1.0,1.0
Kelsey Schnock,Kelsy Schnock,candidate,fuzzy_review,1.0,96.2962962962963,1.0,1.0
Kathy Lipscom,Kathy Lipscomb,candidate,fuzzy_review,1.0,96.2962962962963,4.0,10.0
Colin Johnson,Collin Johnson,candidate,fuzzy_review,1.0,96.2962962962963,1.0,1.0
Ron Grosshart,Ron Grossheart,candidate,fuzzy_review,1.0,96.2962962962963,1.0,1.0
Steven Worsley,Steve Worsley,candidate,fuzzy_review,1.0,96.2962962962963,1.0,1.0
Peter Peterson,Pete Peterson,candidate,fuzzy_review,1.0,96.2962962962963,1.0,1.0
Lucretia Rauh,Lucrethia Rauh,candidate,fuzzy_review,1.0,96.2962962962963,1.0,1.0
Stephanie Lim,Stephanie Lima,candidate,fuzzy_review,1.0,96.2962962962963,1.0,1.0
Jesse Johnson,Jessie Johnson,candidate,fuzzy_review,1.0,96.2962962962963,3.0,3.0
Martin Kellog,Martin Kellogg,candidate,fuzzy_review,1.0,96.2962962962963,1.0,1.0
Shaun Richards,Shaun Richard,candidate,fuzzy_review,1.0,96.2962962962963,1.0,1.0
Jonathan Cohen,Jonathan Coen,candidate,fuzzy_review,1.0,96.2962962962963,1.0,1.0
Erevan O'Neill,Erevan O'Neil,candidate,fuzzy_review,1.0,96.2962962962963,1.0,1.0
Rachel Herbert,Rachel Herber,candidate,fuzzy_review,1.0,96.2962962962963,1.0,1.0
Glen Rescalvo,Glenn Rescalvo,candidate,fuzzy_review,1.0,96.2962962962963,10.0,17.0
Michelle Hagan,Michele Hagan,candidate,fuzzy_review,1.0,96.2962962962963,2.0,3.0
Alison Fuller,Allison Fuller,candidate,fuzzy_review,1.0,96.2962962962963,1.0,1.0
Ester Stearns,Esther Stearns,candidate,fuzzy_review,1.0,96.2962962962963,1.0,1.0
Matt Preshoff,Matt Prieshoff,candidate,fuzzy_review,1.0,96.2962962962963,1.0,1.0
David Freeman,David Freedman,candidate,fuzzy_review,1.0,96.2962962962963,1.0,1.0
Steven Hillson,Steven Hilson,candidate,fuzzy_review,1.0,96.2962962962963,1.0,1.0
Michell Scott,Michelle Scott,candidate,fuzzy_review,1.0,96.2962962962963,2.0,4.0
Barbara Fugate,Barbar Fugate,candidate,fuzzy_review,1.0,96.2962962962963,1.0,1.0
Leo Casadilla,Leo Calsadilla,candidate,fuzzy_review,1.0,96.2962962962963,1.0,1.0
Roland Dusuan,Rolando Dusuan,candidate,fuzzy_review,1.0,96.2962962962963,1.0,1.0
Andrea Posadas,Andea Posadas,candidate,fuzzy_review,1.0,96.2962962962963,1.0,1.0
Patricia Diar,Patricia Diart,candidate,fuzzy_review,1.0,96.2962962962963,1.0,1.0
Patricia Diare,Patricia Diar,candidate,fuzzy_review,1.0,96.2962962962963,1.0,1.0
Ian McCullogh,Ian McCullough,candidate,fuzzy_review,1.0,96.2962962962963,1.0,1.0
Peter Hillyard,Peter Hilyard,candidate,fuzzy_review,1.0,96.2962962962963,1.0,1.0
Lisa Yumamoto,Lisa Yumamotto,candidate,fuzzy_review,1.0,96.2962962962963,1.0,1.0
Quintin Meke,Quintin Mecke,candidate,fuzzy_review,1.0,96.0,2.0,2.0
Karen Makely,Karen Makeley,candidate,fuzzy_review,1.0,96.0,1.0,1.0
Kim Martison,Kim Martinson,candidate,fuzzy_review,1.0,96.0,1.0,1.0
Jeannie Scott,Jeanie Scott,candidate,fuzzy_review,1.0,96.0,4.0,5.0
John Schwart,John Schwartz,candidate,fuzzy_review,1.0,96.0,3.0,6.0
Rene Salcedo,Renne Salcedo,candidate,fuzzy_review,1.0,96.0,1.0,1.0
Bruce Baumann,Bruce Bauman,candidate,fuzzy_review,1.0,96.0,12.0,16.0
Jon Gollinger,Jon Golinger,candidate,fuzzy_review,1.0,96.0,1.0,1.0
Claire McGee,Claire McGhee,candidate,fuzzy_review,1.0,96.0,2.0,4.0
Nina Hollmann,Nina Hollman,candidate,fuzzy_review,1.0,96.0,1.0,1.0
Juanita Moore,Juanita More,candidate,fuzzy_review,1.0,96.0,1.0,1.0
Michael Vani,Michael Vanni,candidate,fuzzy_review,1.0,96.0,1.0,1.0
John Ridenour,Jon Ridenour,candidate,fuzzy_review,1.0,96.0,1.0,1.0
Ellen Conway,Ellen conaway,candidate,fuzzy_review,1.0,96.0,1.0,1.0
Alex Murrillo,Alex Murillo,candidate,fuzzy_review,1.0,96.0,2.0,5.0
Tui Catalano,Tuai Catalano,candidate,fuzzy_review,1.0,96.0,1.0,1.0
Frank Canata,Frank cannata,candidate,fuzzy_review,1.0,96.0,2.0,2.0
Tyler Krelik,Tyler Krehlik,candidate,fuzzy_review,1.0,96.0,1.0,1.0
Kim Cavaleri,Kim Cavalleri,candidate,fuzzy_review,1.0,96.0,1.0,1.0
Lynne Axelrod,Lynn Axelrod,candidate,fuzzy_review,1.0,96.0,3.0,3.0
Dawn Holiday,Dawn Holliday,candidate,fuzzy_review,1.0,96.0,1.0,1.0
Joe McFadden,Jose McFadden,candidate,fuzzy_review,1.0,96.0,1.0,1.0
Alana Calagy,Alana Callagy,candidate,fuzzy_review,1.0,96.0,7.0,13.0
Ray Gilespie,Ray Gillespie,candidate,fuzzy_review,1.0,96.0,1.0,1.0
Dino Adolfino,Dino Adolfio,candidate,fuzzy_review,1.0,96.0,1.0,1.0
Leslie Dreyer,Leslie Dryer,candidate,fuzzy_review,1.0,96.0,2.0,3.0
Amos McCarthy,Amos McArthy,candidate,fuzzy_review,1.0,96.0,1.0,1.0
John Cinderey,John Cindery,candidate,fuzzy_review,1.0,96.0,1.0,1.0
Steve Willis,Steven Willis,candidate,fuzzy_review,1.0,96.0,1.0,1.0
Colleen Chawa,Collen Chawa,candidate,fuzzy_review,1.0,96.0,1.0,1.0
Susan Vaughn,Susan Vaughan,candidate,fuzzy_review,1.0,96.0,2.0,5.0
Andres Greci,Andres Grecci,candidate,fuzzy_review,1.0,96.0,1.0,1.0
Suzanne Gregg,Suzanne Greg,candidate,fuzzy_review,1.0,96.0,1.0,1.0
Tess Welburn,Tess Welbourn,candidate,fuzzy_review,1.0,96.0,2.0,4.0
Laurie Brook,Laurie Brooke,candidate,fuzzy_review,1.0,96.0,1.0,1.0
Peter Straus,Peter Strauss,candidate,fuzzy_review,1.0,96.0,4.0,5.0
Richard Burke,Richard Burk,candidate,fuzzy_review,1.0,96.0,1.0,1.0
Amy Faraweiss,Amy Farweiss,candidate,fuzzy_review,1.0,96.0,2.0,3.0
Christ Haglen,Chris Haglen,candidate,fuzzy_review,1.0,96.0,2.0,3.0
Donna Crowder,Dona Crowder,candidate,fuzzy_review,1.0,96.0,1.0,1.0
Sam Kowarskii,Sam Kowarski,candidate,fuzzy_review,1.0,96.0,1.0,1.0
Laura Norrell,Laura Norell,candidate,fuzzy_review,1.0,96.0,1.0,1.0
Jesse Waters,Jessie Waters,candidate,fuzzy_review,1.0,96.0,1.0,1.0
Andy Rogers,Andy Rodgers,candidate,fuzzy_review,1.0,95.65217391304348,5.0,5.0
Theresa Wong,Teresa Wong,candidate,fuzzy_review,1.0,95.65217391304348,2.0,2.0
Jon Shields,John Shields,candidate,fuzzy_review,1.0,95.65217391304348,1.0,1.0
Kevin Change,Kevin Chang,candidate,fuzzy_review,1.0,95.65217391304348,4.0,7.0
Derf Buttler,Derf Butler,candidate,fuzzy_review,1.0,95.65217391304348,3.0,3.0
Erick Bianco,Eric Bianco,candidate,fuzzy_review,1.0,95.65217391304348,1.0,1.0
Jessica Rui,Jessica Ruiz,candidate,fuzzy_review,1.0,95.65217391304348,1.0,1.0
Daniel Gregg,Daniel Greg,candidate,fuzzy_review,1.0,95.65217391304348,5.0,7.0
Dan Fujiyoka,Dan Fujioka,candidate,fuzzy_review,1.0,95.65217391304348,1.0,1.0
Alex Strauss,Alex Straus,candidate,fuzzy_review,1.0,95.65217391304348,1.0,1.0
Maya Chupkov,Maya Chukov,candidate,fuzzy_review,1.0,95.65217391304348,1.0,1.0
Jean Barrish,Jean Barish,candidate,fuzzy_review,1.0,95.65217391304348,9.0,13.0
Lavelle Shaw,Lavell Shaw,candidate,fuzzy_review,1.0,95.65217391304348,1.0,1.0
Lois Robbis,Louis Robbis,candidate,fuzzy_review,1.0,95.65217391304348,1.0,1.0
John Daniels,John Daniel,candidate,fuzzy_review,1.0,95.65217391304348,2.0,3.0
Amanda Wolf,Amanda Wolfe,candidate,fuzzy_review,1.0,95.65217391304348,1.0,1.0
Steve Dixon,Steven Dixon,candidate,fuzzy_review,1.0,95.65217391304348,1.0,1.0
Mark Rhodes,Mark Rhoades,candidate,fuzzy_review,1.0,95.65217391304348,1.0,1.0
Bob Switzer,Bob Swietzer,candidate,fuzzy_review,1.0,95.65217391304348,1.0,1.0
Luis Robles,Louis Robles,candidate,fuzzy_review,1.0,95.65217391304348,3.0,3.0
Don Andrini,Don Andriani,candidate,fuzzy_review,1.0,95.65217391304348,1.0,1.0
Sarah Wilmer,Sara Wilmer,candidate,fuzzy_review,1.0,95.65217391304348,1.0,1.0
Skye Czember,Sky Czember,candidate,fuzzy_review,1.0,95.65217391304348,1.0,1.0
Clark Mannus,Clark Manus,candidate,fuzzy_review,1.0,95.65217391304348,10.0,17.0
Christie Ng,Christine Ng,candidate,fuzzy_review,1.0,95.65217391304348,1.0,1.0
Garth McNabb,Garth McNab,candidate,fuzzy_review,1.0,95.65217391304348,1.0,1.0
Fred Naranjo,Fred Naranj,candidate,fuzzy_review,1.0,95.65217391304348,1.0,1.0
Steven Step,Steven Stept,candidate,fuzzy_review,1.0,95.65217391304348,1.0,1.0
Andrew Davis,Andre Davis,candidate,fuzzy_review,1.0,95.65217391304348,2.0,3.0
Chris Parkes,Chris Parks,candidate,fuzzy_review,1.0,95.65217391304348,8.0,18.0
Kelly Watts,Kelley Watts,candidate,fuzzy_review,1.0,95.65217391304348,2.0,4.0
Mark Lenzel,Mark Lenzell,candidate,fuzzy_review,1.0,95.65217391304348,1.0,1.0
Paul Dziadi,Paul Dziadij,candidate,fuzzy_review,1.0,95.65217391304348,1.0,1.0
Dana Delara,Dana Delaura,candidate,fuzzy_review,1.0,95.65217391304348,1.0,1.0
Phillip Meza,Philip Meza,candidate,fuzzy_review,1.0,95.65217391304348,1.0,1.0
Dayle Rogers,Dale Rogers,candidate,fuzzy_review,1.0,95.65217391304348,1.0,1.0
Valie Brown,Vallie Brown,candidate,fuzzy_review,1.0,95.65217391304348,2.0,4.0
Karen Pasen,Karen Passen,candidate,fuzzy_review,1.0,95.65217391304348,1.0,1.0
Dick Frisbie,Dick Frisbe,candidate,fuzzy_review,1.0,95.65217391304348,1.0,1.0
John O'Neil,John O'Neill,candidate,fuzzy_review,1.0,95.65217391304348,1.0,1.0
Rob Thompson,Rob Thomson,candidate,fuzzy_review,1.0,95.65217391304348,1.0,1.0
William Ortiz Cartajena,William Ortiz Cartagena,candidate,fuzzy_review,1.0,95.65217391304348,1.0,1.0
Vincent Chan,Vicent Chan,candidate,fuzzy_review,1.0,95.65217391304348,1.0,1.0
Allan Picker,Alan Picker,candidate,fuzzy_review,1.0,95.65217391304348,1.0,1.0
Tess Welborn,Tes Welborn,candidate,fuzzy_review,1.0,95.65217391304348,30.0,59.0
Daisey Lynam,Daisy Lynam,candidate,fuzzy_review,1.0,95.65217391304348,1.0,1.0
Gerard Blum,Gerardo Blum,candidate,fuzzy_review,1.0,95.65217391304348,2.0,2.0
Anastasia Yovnopolous,Anastasia Yovanopoulous,candidate,fuzzy_review,2.0,95.45454545454544,1.0,1.0
Anastasia Yovanapolous,Anastasia Yovonapolous,candidate,fuzzy_review,1.0,95.45454545454544,15.0,20.0
William Ortiz Catajena,William Ortiz Catahena,candidate,fuzzy_review,1.0,95.45454545454544,1.0,1.0
Anastacia Yovanapolous,Anastasia Yovanapolous,candidate,fuzzy_review,1.0,95.45454545454544,12.0,15.0
Carry White,Cary White,candidate,fuzzy_review,1.0,95.23809523809524,1.0,1.0
James Woods,James Wood,candidate,fuzzy_review,1.0,95.23809523809524,1.0,1.0
Sandy Chan,Sandy Chang,candidate,fuzzy_review,1.0,95.23809523809524,1.0,1.0
Anna Miller,Ann Miller,candidate,fuzzy_review,1.0,95.23809523809524,1.0,1.0
Sandy Chen,Sandy Cheng,candidate,fuzzy_review,1.0,95.23809523809524,1.0,1.0
Wil Franco,Will Franco,candidate,fuzzy_review,1.0,95.23809523809524,1.0,1.0
Stella Chue,Stella Chu,candidate,fuzzy_review,1.0,95.23809523809524,1.0,1.0
Anni Chung,Annie Chung,candidate,fuzzy_review,1.0,95.23809523809524,4.0,6.0
Pat Uniacke,Pat Unacke,candidate,fuzzy_review,1.0,95.23809523809524,1.0,1.0
Mike Davis,Mike Davies,candidate,fuzzy_review,1.0,95.23809523809524,1.0,1.0
Lee Radner,Lee Radiner,candidate,fuzzy_review,1.0,95.23809523809524,4.0,4.0
Pete Jones,Peter Jones,candidate,fuzzy_review,1.0,95.23809523809524,1.0,1.0
John Kelly,John Kelley,candidate,fuzzy_review,1.0,95.23809523809524,1.0,1.0
Ken Fujoka,Ken Fujioka,candidate,fuzzy_review,1.0,95.23809523809524,2.0,5.0
Roger Sayre,Roger Sare,candidate,fuzzy_review,1.0,95.23809523809524,1.0,1.0
Joey Toboni,Joe Toboni,candidate,fuzzy_review,1.0,95.23809523809524,1.0,1.0
Kathy Wolfe,Kathy Wolf,candidate,fuzzy_review,1.0,95.23809523809524,1.0,1.0
Helen Chen,Hellen Chen,candidate,fuzzy_review,1.0,95.23809523809524,1.0,1.0
Ann Harris,Anna Harris,candidate,fuzzy_review,1.0,95.23809523809524,1.0,1.0
Jeane Quock,Jean Quock,candidate,fuzzy_review,1.0,95.23809523809524,1.0,1.0
Mark Tulley,Mark Tully,candidate,fuzzy_review,1.0,95.23809523809524,1.0,1.0
Robert Link,Robert Lin,candidate,fuzzy_review,1.0,95.23809523809524,1.0,1.0
Ela Strong,Ella Strong,candidate,fuzzy_review,1.0,95.23809523809524,3.0,4.0
Bill Hirsh,Bill Hirsch,candidate,fuzzy_review,1.0,95.23809523809524,1.0,1.0
Brett Young,Bret Young,candidate,fuzzy_review,1.0,95.23809523809524,6.0,6.0
Linda Allen,Lind Allen,candidate,fuzzy_review,1.0,95.23809523809524,1.0,1.0
Steve Wong,Steven Wong,candidate,fuzzy_review,1.0,95.23809523809524,1.0,1.0
Bill Hoover,Bill Hooer,candidate,fuzzy_review,1.0,95.23809523809524,1.0,1.0
Bill Hooer,Bill Hooper,candidate,fuzzy_review,1.0,95.23809523809524,1.0,1.0
John Wooly,John Wooley,candidate,fuzzy_review,1.0,95.23809523809524,1.0,1.0
Ken Callman,Ken Calman,candidate,fuzzy_review,1.0,95.23809523809524,1.0,1.0
Dan Baroni,Dan Baronin,candidate,fuzzy_review,1.0,95.23809523809524,1.0,1.0
Joey Taboui,Joe Taboui,candidate,fuzzy_review,1.0,95.23809523809524,1.0,1.0
Carey White,Cary White,candidate,fuzzy_review,1.0,95.23809523809524,1.0,1.0
Helen Sandt,Helen Sant,candidate,fuzzy_review,1.0,95.23809523809524,1.0,1.0
Joyce Chan,Joyce Chang,candidate,fuzzy_review,1.0,95.23809523809524,2.0,3.0
Jose Chavez,Joe Chavez,candidate,fuzzy_review,1.0,95.23809523809524,1.0,1.0
Yaku Askew,Yakuh Askew,candidate,fuzzy_review,1.0,95.23809523809524,3.0,7.0
Pete Patel,Peter Patel,candidate,fuzzy_review,1.0,95.23809523809524,1.0,1.0
Katy Gough,Kathy Gough,candidate,fuzzy_review,1.0,95.23809523809524,1.0,1.0
Chaplain Earl Rodgers,Chaplan Earl Rogers,candidate,fuzzy_review,2.0,95.0,1.0,2.0
Regina Dick-Endrezzi,Regina Dick-Endrizzi,candidate,fuzzy_review,1.0,95.0,2.0,3.0
Karen Knowles-Pearce,Karen Knowles-Pierce,candidate,fuzzy_review,2.0,95.0,4.0,10.0
Anastacia Glickstein,Anastacia Gluckstein,candidate,fuzzy_review,1.0,95.0,1.0,1.0
Christine Linnenbacht,Christine Linnebach,candidate,fuzzy_review,2.0,95.0,1.0,2.0
Anastasia Glikshtein,Anastasia Glickstein,candidate,fuzzy_review,2.0,95.0,2.0,3.0
Sal Ramono,Sal Ramon,candidate,fuzzy_review,1.0,94.73684210526316,1.0,1.0
Amy Morgan,Amy Moran,candidate,fuzzy_review,1.0,94.73684210526316,1.0,1.0
Ed Nasrah,Ead Nasrah,candidate,fuzzy_review,1.0,94.73684210526316,1.0,1.0
Terry Aston Bennett,Terry Asten Bennett,candidate,fuzzy_review,1.0,94.73684210526316,2.0,5.0
Bill Kalff,Bill Kaff,candidate,fuzzy_review,1.0,94.73684210526316,2.0,2.0
Cheung Lee,Chung Lee,candidate,fuzzy_review,1.0,94.73684210526316,1.0,1.0
Judy Chang,Judy Chan,candidate,fuzzy_review,1.0,94.73684210526316,1.0,1.0
Edna James,Eda james,candidate,fuzzy_review,1.0,94.73684210526316,1.0,1.0
Duncan Ly,Duncan Lye,candidate,fuzzy_review,1.0,94.73684210526316,1.0,1.0
Evan Rose,Evan Rosen,candidate,fuzzy_review,1.0,94.73684210526316,2.0,5.0
David Ellliott-Lewis,David Elliot-Lewis,candidate,fuzzy_review,2.0,94.73684210526316,1.0,1.0
David Chu,David Chiu,candidate,fuzzy_review,1.0,94.73684210526316,3.0,3.0
Tim CoLen,Tim Collen,candidate,fuzzy_review,1.0,94.73684210526316,1.0,1.0
Annie Yuen,Anne Yuen,candidate,fuzzy_review,1.0,94.73684210526316,1.0,1.0
Ray Sloane,Ray Sloan,candidate,fuzzy_review,1.0,94.73684210526316,3.0,4.0
Joe Lopez,Jose Lopez,candidate,fuzzy_review,1.0,94.73684210526316,1.0,1.0
Rossa Moss,Rosa Moss,candidate,fuzzy_review,1.0,94.73684210526316,1.0,1.0
Paul Dally,Paul Daly,candidate,fuzzy_review,1.0,94.73684210526316,2.0,3.0
Alec Bash,Aleck Bash,candidate,fuzzy_review,1.0,94.73684210526316,6.0,9.0
John Dewes,John Dews,candidate,fuzzy_review,1.0,94.73684210526316,1.0,1.0
Lu Blazej,Lou Blazej,candidate,fuzzy_review,1.0,94.73684210526316,13.0,22.0
Winchell T. Hayward,Winchell F. Hayward,candidate,fuzzy_review,1.0,94.73684210526316,1.0,1.0
Laura Barr,Laura Bar,candidate,fuzzy_review,1.0,94.73684210526316,1.0,1.0
Fred Lewis,Fed Lewis,candidate,fuzzy_review,1.0,94.73684210526316,1.0,1.0
Stephan Acostollato,Stephen Acostollato,candidate,fuzzy_review,1.0,94.73684210526316,3.0,3.0
John Marks,John Mark,candidate,fuzzy_review,1.0,94.73684210526316,1.0,1.0
Susan Brandt-Hawley,Susan Brandt-Hauley,candidate,fuzzy_review,1.0,94.73684210526316,5.0,6.0
Moe Jamile,Moe Jamil,candidate,fuzzy_review,1.0,94.73684210526316,2.0,5.0
Jill Hales,Jil Hales,candidate,fuzzy_review,1.0,94.73684210526316,1.0,1.0
Stephan Costallano,Stephan Costellano,candidate,fuzzy_review,1.0,94.44444444444444,1.0,1.0
Rebecca Schumacher,Rebecca Schumacker,candidate,fuzzy_review,1.0,94.44444444444444,1.0,1.0
Antionetta Stadlman,Antoneta Stadlman,candidate,fuzzy_review,2.0,94.44444444444444,1.0,1.0
Jefferson McCarley,Jefferson McCarlay,candidate,fuzzy_review,1.0,94.44444444444444,1.0,1.0
Peter Papadapoulos,Peter Papadapolous,candidate,fuzzy_review,2.0,94.44444444444444,15.0,42.0
Steve Schottenfel,Steven Schottenfeld,candidate,fuzzy_review,2.0,94.44444444444444,2.0,2.0
Peter Papadopoulos,Peter Papadapoulos,candidate,fuzzy_review,1.0,94.44444444444444,14.0,15.0
Peter Papadapoulis,Peter Papadapoulas,candidate,fuzzy_review,1.0,94.44444444444444,1.0,1.0
Kathleen Delucchi's,Kathleen Delucchi,candidate,fuzzy_review,2.0,94.44444444444444,1.0,2.0
Vanessa Carrington,Vannesa Carrington,candidate,fuzzy_review,2.0,94.44444444444444,1.0,2.0
Ferguson O'Sullivan,Fergus O'Sullivan,candidate,fuzzy_review,2.0,94.44444444444444,1.0,1.0
Peter Papadopolous,Peter Papadopoulos,candidate,fuzzy_review,2.0,94.44444444444444,5.0,14.0
Richard Williams,Richard Williamson,candidate,fuzzy_review,2.0,94.11764705882352,1.0,1.0
Kathryn Devincenzi,Kathy Devincenzi,candidate,fuzzy_review,2.0,94.11764705882352,4.0,25.0
Anthony Pantaloni,Antony Pantaleoni,candidate,fuzzy_review,2.0,94.11764705882352,1.0,1.0
Joe Aner,Joe Anzer,candidate,fuzzy_review,1.0,94.11764705882352,1.0,1.0
Deborah Blackburn,Deboarh Blackburn,candidate,fuzzy_review,2.0,94.11764705882352,1.0,2.0
Kathy DeVenchenzie,Kathy Devencenzi,candidate,fuzzy_review,2.0,94.11764705882352,1.0,2.0
Kathy DeVincenzi,Kathryn Devincenzi,candidate,fuzzy_review,2.0,94.11764705882352,2.0,4.0
Stephen Antenaros,Stephen Antanaros,candidate,fuzzy_review,1.0,94.11764705882352,2.0,3.0
Allen Low,Alen Low,candidate,fuzzy_review,1.0,94.11764705882352,1.0,1.0
Gloria Tulanowsky,Gloria Tulanowski,candidate,fuzzy_review,1.0,94.11764705882352,1.0,1.0
Jeffrey Leibiwitz,Jeffrey Leibowitz,candidate,fuzzy_review,1.0,94.11764705882352,1.0,1.0
Zach Weisenburger,Zach Weisenberger,candidate,fuzzy_review,1.0,94.11764705882352,1.0,1.0
Maxz Starubinskiy,Max Starubisnskiy,candidate,fuzzy_review,2.0,94.11764705882352,1.0,1.0
Zach Weisenberger,Zach Weizenberger,candidate,fuzzy_review,1.0,94.11764705882352,1.0,1.0
Peter Winklestein,Peter Winkelstein,candidate,fuzzy_review,2.0,94.11764705882352,2.0,7.0
Zach Weizenberger,Zack Weizenberger,candidate,fuzzy_review,1.0,94.11764705882352,1.0,1.0
Joe Yotto,Joe Yoto,candidate,fuzzy_review,1.0,94.11764705882352,1.0,1.0
Zack Weisenburger,Zack Weisenberger,candidate,fuzzy_review,1.0,94.11764705882352,2.0,5.0
Janthal Laberinto,Janthal Labarinto,candidate,fuzzy_review,1.0,94.11764705882352,1.0,1.0
Alexander Goldman,Alexandra Goldman,candidate,fuzzy_review,2.0,94.11764705882352,6.0,11.0
Elleanore Gerhardt,Eleanor Gerhardt,candidate,fuzzy_review,2.0,94.11764705882352,1.0,2.0
Lily Wong,Lil Wong,candidate,fuzzy_review,1.0,94.11764705882352,1.0,1.0
Archie Occhipinti,Archie Occhipinki,candidate,fuzzy_review,1.0,94.11764705882352,1.0,1.0
Katherine Doumani,Katherine Donmani,candidate,fuzzy_review,1.0,94.11764705882352,2.0,2.0
Paraic O'Donoghue,Paraic O'Donaghue,candidate,fuzzy_review,1.0,94.11764705882352,1.0,1.0
Peter Winkecstein,Peter Winklestein,candidate,fuzzy_review,2.0,94.11764705882352,1.0,2.0
Jim Lucy,Jim Lucey,candidate,fuzzy_review,1.0,94.11764705882352,1.0,1.0
Eric Woo,Erick Woo,candidate,fuzzy_review,1.0,94.11764705882352,1.0,1.0
Zack Weisenberg,Zack Weisenberger,candidate,fuzzy_review,2.0,93.75,2.0,5.0
Maria Dela Mora,Mariela Dela Mora,candidate,fuzzy_review,2.0,93.75,2.0,2.0
Michael Stenberg,Michael Stenburg,candidate,fuzzy_review,1.0,93.75,1.0,1.0
Maryann Dressner,Maryanne Dresner,candidate,fuzzy_review,2.0,93.75,2.0,10.0
Michael Stendurg,Michael Stenburg,candidate,fuzzy_review,1.0,93.75,1.0,1.0
Michael Stenburn,Michael Stenburg,candidate,fuzzy_review,1.0,93.75,1.0,1.0
Teresa del Santo,Teresa Dal Santo,candidate,fuzzy_review,1.0,93.75,1.0,1.0
Dennis Moscofinn,Dennis Moscofian,candidate,fuzzy_review,1.0,93.75,2.0,3.0
Dennis Moscofian,Dennis Mosgofian,candidate,fuzzy_review,1.0,93.75,3.0,4.0
Peter Glikshtein,Peter Glickstein,candidate,fuzzy_review,2.0,93.75,1.0,1.0
Deborah Blackburn,Debra Blackburn,candidate,fuzzy_review,2.0,93.75,1.0,1.0
Peter Glikshtern,Peter Glickstern,candidate,fuzzy_review,2.0,93.75,2.0,2.0
Bianca Guttierez,Bianca Gutierrez,candidate,fuzzy_review,2.0,93.75,1.0,1.0
Elizabeth Gonmas,Elizabeth Goumas,candidate,fuzzy_review,1.0,93.75,1.0,1.0
Kristen Anderson,Kirsten Anderson,candidate,fuzzy_review,2.0,93.75,1.0,1.0
Michael Stenburi,Michael Stenburg,candidate,fuzzy_review,1.0,93.75,1.0,1.0
Melanie Tringale,Melanie Tringali,candidate,fuzzy_review,1.0,93.75,1.0,1.0
Bridgette Shemck,Bridgette Shenck,candidate,fuzzy_review,1.0,93.75,1.0,1.0
Barton Deversion,Barton Devirsion,candidate,fuzzy_review,1.0,93.75,4.0,4.0
Michael Stenburi,Michael Stenburn,candidate,fuzzy_review,1.0,93.75,1.0,1.0
Lillian Sizemore,Lilliam Sizemore,candidate,fuzzy_review,1.0,93.75,1.0,1.0
Valerie Hartwell,Valerie Hartnell,candidate,fuzzy_review,1.0,93.75,1.0,1.0
Jennifer Donelly,Jennifer Donally,candidate,fuzzy_review,1.0,93.75,1.0,1.0
Paula Romanousky,Paula Romanovsky,candidate,fuzzy_review,1.0,93.75,1.0,1.0
Douglas Loranger,Douglas Lorenger,candidate,fuzzy_review,1.0,93.75,1.0,1.0
Dorris Linnenbach,Doris Linnebach,candidate,fuzzy_review,2.0,93.75,2.0,3.0
Kathy DeVincenzi,Kathy Devencenzi,candidate,fuzzy_review,1.0,93.75,2.0,2.0
Careltta Jackson,Carletta Jackson,candidate,fuzzy_review,2.0,93.75,1.0,2.0
Jennifer Donelly,Jennifer Donnely,candidate,fuzzy_review,2.0,93.75,1.0,1.0
Robert Fructhman,Robert Fruchtman,candidate,fuzzy_review,2.0,93.75,2.0,47.0
Katherin Howard,Katherine Howarad,candidate,fuzzy_review,2.0,93.75,1.0,1.0
Jackie Barshackle,Jackie Barshack,candidate,fuzzy_review,2.0,93.75,1.0,1.0
Mary Ann Collier,May Ann Colliger,candidate,fuzzy_review,2.0,93.75,1.0,1.0
Charles Blosties,Charles Bloszies,candidate,fuzzy_review,1.0,93.75,3.0,7.0
Richard Petersen,Richard Peterson,candidate,fuzzy_review,1.0,93.75,1.0,1.0
Jose Luis Pavon,Jese Luis Pavon,candidate,fuzzy_review,1.0,93.33333333333331,1.0,1.0
Christine Chang,Christina Chang,candidate,fuzzy_review,1.0,93.33333333333331,1.0,1.0
Michael Barkely,Michael Barkley,candidate,fuzzy_review,2.0,93.33333333333331,2.0,2.0
Jeanine Vaughn,Jeannine Vaughan,candidate,fuzzy_review,2.0,93.33333333333331,1.0,2.0
Hamila Kownacki,Hamila Kowracki,candidate,fuzzy_review,1.0,93.33333333333331,1.0,1.0
Michael Morrison,Michael Morris,candidate,fuzzy_review,2.0,93.33333333333331,2.0,5.0
Anastasia Yovanopoulous,Anastasia Yovanopoulis,candidate,fuzzy_review,2.0,93.33333333333331,1.0,1.0
Alan Low,Alan Lo,candidate,fuzzy_review,1.0,93.33333333333331,1.0,1.0
Linh Lee,Linh Le,candidate,fuzzy_review,1.0,93.33333333333331,1.0,1.0
Margarita Mena,Margarita Medina,candidate,fuzzy_review,2.0,93.33333333333331,1.0,1.0
Phillip Schwartz,Phill Schwartz,candidate,fuzzy_review,2.0,93.33333333333331,1.0,2.0
Anastasia Yovanopoulous,Anastacia Yovanopolous,candidate,fuzzy_review,2.0,93.33333333333331,1.0,2.0
William Ortiz Cartagena,William Ortiz Catajena,candidate,fuzzy_review,2.0,93.33333333333331,1.0,1.0
William Ortiz Cartajena,William Ortiz Catahena,candidate,fuzzy_review,2.0,93.33333333333331,1.0,1.0
Mellisa Kennedy,Melissa Kennedy,candidate,fuzzy_review,2.0,93.33333333333331,1.0,2.0
Henry Kleinhans,Henry Kleinhaus,candidate,fuzzy_review,1.0,93.33333333333331,1.0,1.0
Dennise Lapointe,Denise LaPoint,candidate,fuzzy_review,2.0,93.33333333333331,1.0,1.0
Evan Hom,Eva Hom,candidate,fuzzy_review,1.0,93.33333333333331,1.0,1.0
Tony Panteleoni,Tony Pantaleoni,candidate,fuzzy_review,1.0,93.33333333333331,5.0,12.0
Hirochi Fukuda,Hiriochi Fukudda,candidate,fuzzy_review,2.0,93.33333333333331,1.0,1.0
Sherry Shonberg,Sherry Shonburg,candidate,fuzzy_review,1.0,93.33333333333331,1.0,1.0
Breanna Morales,Brianna Morales,candidate,fuzzy_review,1.0,93.33333333333331,11.0,12.0
William Ortiz Cartagena,William Ortiz Catahena,candidate,fuzzy_review,2.0,93.33333333333331,1.0,1.0
Areloius Walker,Aurelius Walker,candidate,fuzzy_review,2.0,93.33333333333331,1.0,2.0
Aurelius Walker,Arelious Walker,candidate,fuzzy_review,2.0,93.33333333333331,2.0,17.0
John Henry Coba,John Henry Copa,candidate,fuzzy_review,1.0,93.33333333333331,1.0,1.0
Larry Monsbacht,Larry Mousbacht,candidate,fuzzy_review,1.0,93.33333333333331,1.0,1.0
Derlin Gardella,Devlin Gardella,candidate,fuzzy_review,1.0,93.33333333333331,2.0,2.0
Shao Ying Chang,Shao Ling Chang,candidate,fuzzy_review,1.0,93.33333333333331,1.0,1.0
Rufino de Leon,Rufino de Leonor,candidate,fuzzy_review,2.0,93.33333333333331,1.0,1.0
Joyce Tellecoft,Joyce Tellcroft,candidate,fuzzy_review,2.0,93.33333333333331,1.0,1.0
Anastasia Yovanopoulous,Anastasia Yovonopolous,candidate,fuzzy_review,2.0,93.33333333333331,1.0,2.0
Dennis Moscofe,Dennis Moscoffee,candidate,fuzzy_review,2.0,93.33333333333331,1.0,1.0
Lloyd Schleigel,Lloyd Schleigal,candidate,fuzzy_review,1.0,93.33333333333331,3.0,5.0
Elizabeth Mills,Elizabeth Miles,candidate,fuzzy_review,1.0,93.33333333333331,2.0,2.0
Justin Altamano,Justine Alamano,candidate,fuzzy_review,2.0,93.33333333333331,1.0,1.0
Martha Bridegan,Martha Bridegam,candidate,fuzzy_review,1.0,93.33333333333331,2.0,2.0
Werner Schmaltz,Warner Schmaltz,candidate,fuzzy_review,1.0,93.33333333333331,2.0,5.0
Michael McNigh,Michael McKnight,candidate,fuzzy_review,2.0,93.33333333333331,1.0,1.0
Alfred martinez,Alfred Martínez,candidate,fuzzy_review,1.0,93.33333333333331,2.0,2.0
David Cooperman,David Copperman,candidate,fuzzy_review,1.0,93.33333333333331,1.0,1.0
Ernestein Weiss,Ernestine Weiss,candidate,fuzzy_review,2.0,93.33333333333331,3.0,42.0
Therezia Nemeth,Theresia Nemeth,candidate,fuzzy_review,1.0,93.33333333333331,1.0,1.0
Ralph Tasxhijian,Ralph Tashjian,candidate,fuzzy_review,2.0,93.33333333333331,1.0,1.0
Lloyd Schleigel,Lloyd Schloegel,candidate,fuzzy_review,2.0,93.33333333333331,3.0,21.0
Lloyd Schloegle,Lloyd Schloegel,candidate,fuzzy_review,2.0,93.33333333333331,7.0,21.0
Michael Terrioux,Michael Terrio,candidate,fuzzy_review,2.0,93.33333333333331,1.0,2.0
Jose Luis Pabon,Jose Luis Pavon,candidate,fuzzy_review,1.0,93.33333333333331,1.0,1.0
Johnny Delaplane,John Delaplane,candidate,fuzzy_review,2.0,93.33333333333331,3.0,4.0
Bruce Livingston,Bruce Lingston,candidate,fuzzy_review,2.0,93.33333333333331,1.0,1.0
Anastasia Yovnopolous,Anastacia Yovanopolous,candidate,fuzzy_review,2.0,93.02325581395348,1.0,2.0
Anastasia Yovnopolous,Anastasia Yononopolous,candidate,fuzzy_review,2.0,93.02325581395348,1.0,1.0
Rafael Trujio,Rafael Trujillo,candidate,fuzzy_review,2.0,92.85714285714286,1.0,1.0
Michael Borgani,Michael Bogan,candidate,fuzzy_review,2.0,92.85714285714286,1.0,1.0
Gloria Esteban,Gloria Estevan,candidate,fuzzy_review,1.0,92.85714285714286,1.0,1.0
Tuija Cattalano,Tuia Catalano,candidate,fuzzy_review,2.0,92.85714285714286,3.0,5.0
Tujia Catalano,Tuija Catalano,candidate,fuzzy_review,2.0,92.85714285714286,2.0,51.0
Patricia Katey,Patricia Katty,candidate,fuzzy_review,1.0,92.85714285714286,1.0,1.0
Chris Callaway,Chris Calloway,candidate,fuzzy_review,1.0,92.85714285714286,2.0,3.0
Elizabeth Lewis,Elizabeth Lew,candidate,fuzzy_review,2.0,92.85714285714286,1.0,1.0
Charley Abrams,Charlie Abrams,candidate,fuzzy_review,2.0,92.85714285714286,1.0,1.0
Kristen Jensen,Kirsten Jensen,candidate,fuzzy_review,2.0,92.85714285714286,32.0,34.0
Christine Mayes,Christine May,candidate,fuzzy_review,2.0,92.85714285714286,1.0,1.0
Phil Williamson,Phil williams,candidate,fuzzy_review,2.0,92.85714285714286,1.0,1.0
Patty Burnhard,Patty Burnhart,candidate,fuzzy_review,1.0,92.85714285714286,1.0,1.0
Bridgette Maley,Bridget Maley,candidate,fuzzy_review,2.0,92.85714285714286,2.0,37.0
Lou Felthouse,Louis Felthouse,candidate,fuzzy_review,2.0,92.85714285714286,2.0,3.0
Patrick Spiers,Patrick Spears,candidate,fuzzy_review,2.0,92.85714285714286,1.0,2.0
Elena Asturias,Elena Astukias,candidate,fuzzy_review,1.0,92.85714285714286,1.0,1.0
Teresa Nittelo,Teresa Nittolo,candidate,fuzzy_review,1.0,92.85714285714286,1.0,1.0
Phillip Vitali,Phillip Vitaly,candidate,fuzzy_review,1.0,92.85714285714286,1.0,1.0
Richard Garcia,Ricardo Garcia,candidate,fuzzy_review,2.0,92.85714285714286,1.0,1.0
Joe O'Donaughe,Joe O'Donaghoe,candidate,fuzzy_review,2.0,92.85714285714286,1.0,1.0
Tamsin Ranlet,Tamsin Randlett,candidate,fuzzy_review,2.0,92.85714285714286,1.0,1.0
Joshua Callahan,Josh Callahan,candidate,fuzzy_review,2.0,92.85714285714286,1.0,2.0
Patrick Hannan,Patrick Hannon,candidate,fuzzy_review,1.0,92.85714285714286,1.0,1.0
Cristine Evans,Christin Evans,candidate,fuzzy_review,2.0,92.85714285714286,5.0,6.0
Gilbert DeAnda,Gilbert DeAndu,candidate,fuzzy_review,1.0,92.85714285714286,2.0,3.0
Julie Sullivan,Julia Sullivan,candidate,fuzzy_review,1.0,92.85714285714286,2.0,5.0
Jennifer Heggie,Jennifer Hege,candidate,fuzzy_review,2.0,92.85714285714286,2.0,7.0
Mary McDermitt,Mary McDermott,candidate,fuzzy_review,1.0,92.85714285714286,1.0,1.0
Richard Hansen,Richard Hanson,candidate,fuzzy_review,1.0,92.85714285714286,1.0,1.0
Fred Hosfield,Fred Horsefield,candidate,fuzzy_review,2.0,92.85714285714286,1.0,2.0
Kieren Buckley,Kieran Buckley,candidate,fuzzy_review,1.0,92.85714285714286,4.0,7.0
Gabriel Martin,Gabriel Marien,candidate,fuzzy_review,2.0,92.85714285714286,1.0,2.0
Joe O'Donoughue,Joe O'Donohue,candidate,fuzzy_review,2.0,92.85714285714286,3.0,4.0
Shaun Keighran,Shawn Keighran,candidate,fuzzy_review,1.0,92.85714285714286,1.0,1.0
Kris Schaeffer,Kris Schoeffer,candidate,fuzzy_review,1.0,92.85714285714286,1.0,1.0
John McCormick,Joan McCormick,candidate,fuzzy_review,1.0,92.85714285714286,1.0,1.0
Josha Switzky,Joshua Swietzky,candidate,fuzzy_review,2.0,92.85714285714286,1.0,1.0
Zaharah Levine,Zahavah Levine,candidate,fuzzy_review,1.0,92.85714285714286,1.0,1.0
Sergio Antonio,Sergio Antorno,candidate,fuzzy_review,2.0,92.85714285714286,1.0,2.0
Azalia Merrill,Azalia Merrell,candidate,fuzzy_review,1.0,92.85714285714286,9.0,16.0
Richard Magany,Richard Magary,candidate,fuzzy_review,1.0,92.85714285714286,3.0,4.0
George Wesolek,George Wesoleh,candidate,fuzzy_review,1.0,92.85714285714286,2.0,5.0
Brendan Laylor,Brendon Laylor,candidate,fuzzy_review,1.0,92.85714285714286,1.0,1.0
Pat Buskovitch,Pat Buscovitch,candidate,fuzzy_review,1.0,92.85714285714286,13.0,20.0
Mark Cavagnero,Mark Cavanerro,candidate,fuzzy_review,2.0,92.85714285714286,1.0,1.0
Russell Marine,Russel Martine,candidate,fuzzy_review,2.0,92.85714285714286,1.0,1.0
Patricia Diare,Patricia Diart,candidate,fuzzy_review,1.0,92.85714285714286,1.0,1.0
Kirsten McLeod,Kirsten McLoud,candidate,fuzzy_review,2.0,92.85714285714286,1.0,2.0
Tracy Friedman,Tracy Freedman,candidate,fuzzy_review,1.0,92.85714285714286,1.0,1.0
Charlie Laverny,Charlie Lavry,candidate,fuzzy_review,2.0,92.85714285714286,3.0,7.0
Deborah Niemann,Debra Niemann,candidate,fuzzy_review,2.0,92.85714285714286,1.0,2.0
Joe O?Donoghue,Joe O?Donaghue,candidate,fuzzy_review,1.0,92.85714285714286,3.0,5.0
Peter Hillyard,Peter Hilliard,candidate,fuzzy_review,1.0,92.85714285714286,1.0,1.0
Joe O'Donoghue,Joe O'Donaghue,candidate,fuzzy_review,1.0,92.85714285714286,81.0,102.0
Sylvia Johnson,Silvia Johnson,candidate,fuzzy_review,1.0,92.85714285714286,15.0,32.0
Luis Ruvalcava,Luis Rubalcava,candidate,fuzzy_review,1.0,92.85714285714286,1.0,1.0
Kristen Hansen,Kristin Hansen,candidate,fuzzy_review,1.0,92.85714285714286,1.0,1.0
Kim Tavaliogne,Kim Tavaglione,candidate,fuzzy_review,2.0,92.85714285714286,3.0,6.0
Steven Correll,Steven Cornell,candidate,fuzzy_review,1.0,92.85714285714286,2.0,2.0
Sam Fleischmann,Sam Fleschman,candidate,fuzzy_review,2.0,92.85714285714286,1.0,1.0
Mary Kawaguchi,Mari Kawaguchi,candidate,fuzzy_review,1.0,92.85714285714286,1.0,1.0
David Blatteis,David Blattess,candidate,fuzzy_review,1.0,92.85714285714286,1.0,1.0
Cynthia Montez,Cynthia Montes,candidate,fuzzy_review,1.0,92.85714285714286,2.0,3.0
Josephine Chao,Josephine Chow,candidate,fuzzy_review,2.0,92.85714285714286,1.0,2.0
Enrique Landard,Enrique Landa,candidate,fuzzy_review,2.0,92.85714285714286,2.0,19.0
Christina Linnenbach,Christine Linnenbacht,candidate,fuzzy_review,2.0,92.6829268292683,1.0,1.0
Tommy Avicoli Mecca,Tommi Avicolli Mecca,candidate,fuzzy_review,2.0,92.3076923076923,2.0,5.0
Mitchell Beag,Mitchell Berg,candidate,fuzzy_review,1.0,92.3076923076923,1.0,1.0
Shawn Kegran,Shawn Keighran,candidate,fuzzy_review,2.0,92.3076923076923,1.0,1.0
Debra Landis,Deborah Landis,candidate,fuzzy_review,2.0,92.3076923076923,3.0,13.0
Jo Sun,Joe Sun,candidate,fuzzy_review,1.0,92.3076923076923,1.0,1.0
Alice Barklely,Alice Barley,candidate,fuzzy_review,2.0,92.3076923076923,1.0,1.0
Michael Penner,Michael Penn,candidate,fuzzy_review,2.0,92.3076923076923,1.0,1.0
Jeremy Bladis,Jeremy Bladas,candidate,fuzzy_review,1.0,92.3076923076923,1.0,1.0
Ruth Grovanis,Ruth Gravanis,candidate,fuzzy_review,1.0,92.3076923076923,1.0,1.0
Denise Lapin,Denise LaPoint,candidate,fuzzy_review,2.0,92.3076923076923,1.0,1.0
Marty Delalas,Marty Delelas,candidate,fuzzy_review,1.0,92.3076923076923,1.0,1.0
Tess Welbourne,Tess Welborn,candidate,fuzzy_review,2.0,92.3076923076923,6.0,30.0
Jackee Bryson,Jakkee Bryson,candidate,fuzzy_review,1.0,92.3076923076923,2.0,4.0
Jean Fontana,Jeanne Fontana,candidate,fuzzy_review,2.0,92.3076923076923,1.0,1.0
Ruth Gravanis,Ruth Gravanii,candidate,fuzzy_review,1.0,92.3076923076923,1.0,1.0
Amy Fairweiss,Amy Faraweiss,candidate,fuzzy_review,2.0,92.3076923076923,1.0,2.0
Tess Welburn,Tess Welbourne,candidate,fuzzy_review,2.0,92.3076923076923,2.0,6.0
Greg McKinney,Greg McKenney,candidate,fuzzy_review,1.0,92.3076923076923,1.0,1.0
Tess Wellborne,Tes Wellborn,candidate,fuzzy_review,2.0,92.3076923076923,1.0,2.0
Greg Hardeman,Greg Harteman,candidate,fuzzy_review,1.0,92.3076923076923,3.0,4.0
Gregg Harteman,Greg Hartman,candidate,fuzzy_review,2.0,92.3076923076923,1.0,1.0
Babet Drefky,Babette Drefky,candidate,fuzzy_review,2.0,92.3076923076923,1.0,2.0
Michael Helby,Michael Healy,candidate,fuzzy_review,2.0,92.3076923076923,1.0,2.0
Benny Calderon,Ben Calderon,candidate,fuzzy_review,2.0,92.3076923076923,1.0,1.0
Marty Dulalas,Marti Dulalas,candidate,fuzzy_review,1.0,92.3076923076923,2.0,3.0
Alex Lankeberg,Alex Lanberg,candidate,fuzzy_review,2.0,92.3076923076923,1.0,1.0
Brooke Samson,Brook Sampson,candidate,fuzzy_review,2.0,92.3076923076923,4.0,11.0
Jessica Wimen,Jessica Wimer,candidate,fuzzy_review,1.0,92.3076923076923,1.0,1.0
Ruth Grabanis,Ruth Gravanis,candidate,fuzzy_review,1.0,92.3076923076923,1.0,1.0
Charlene Chen,Charlene Chin,candidate,fuzzy_review,1.0,92.3076923076923,2.0,5.0
Neal Schwartz,Neil Schwartz,candidate,fuzzy_review,1.0,92.3076923076923,2.0,2.0
Haley Parsons,Haily Parsons,candidate,fuzzy_review,2.0,92.3076923076923,1.0,1.0
David Crommie,David Crommin,candidate,fuzzy_review,1.0,92.3076923076923,1.0,1.0
Denise D'Anna,Denise D'Anne,candidate,fuzzy_review,1.0,92.3076923076923,1.0,1.0
Jesse Waters,Jessie Watters,candidate,fuzzy_review,2.0,92.3076923076923,1.0,1.0
Chris Collins,Chris Coblins,candidate,fuzzy_review,1.0,92.3076923076923,1.0,1.0
Stephanie Lim,Stephanie Lin,candidate,fuzzy_review,1.0,92.3076923076923,1.0,1.0
Jorge Roberts,Jorgy Roberts,candidate,fuzzy_review,1.0,92.3076923076923,1.0,1.0
Lev Breznicki,Lev Bresnicki,candidate,fuzzy_review,1.0,92.3076923076923,1.0,1.0
Collen Chawa,Colleen Chawla,candidate,fuzzy_review,2.0,92.3076923076923,1.0,2.0
Jim Houillion,Jim Hovillion,candidate,fuzzy_review,1.0,92.3076923076923,1.0,1.0
Robert Friese,Robert Freese,candidate,fuzzy_review,1.0,92.3076923076923,1.0,1.0
Victoria Stein,Victor Stein,candidate,fuzzy_review,2.0,92.3076923076923,1.0,1.0
Michael Yarnie,Michael Yani,candidate,fuzzy_review,2.0,92.3076923076923,1.0,2.0
Jim Houillion,Jim Houillian,candidate,fuzzy_review,1.0,92.3076923076923,1.0,1.0
Carrfol Koppel,Carol Koppel,candidate,fuzzy_review,2.0,92.3076923076923,2.0,4.0
Barbara Fuge,Barbara Fugate,candidate,fuzzy_review,2.0,92.3076923076923,1.0,1.0
Deborah Walker,Debra Walker,candidate,fuzzy_review,2.0,92.3076923076923,7.0,11.0
David Sincata,David Sincara,candidate,fuzzy_review,1.0,92.3076923076923,1.0,1.0
Alice Buckley,Alice Buckely,candidate,fuzzy_review,2.0,92.3076923076923,1.0,1.0
Katherine Wo,Katherine Wong,candidate,fuzzy_review,2.0,92.3076923076923,1.0,2.0
Ben Robinson,Benji Robinson,candidate,fuzzy_review,2.0,92.3076923076923,1.0,1.0
Roland Gordan,Roland Gordon,candidate,fuzzy_review,1.0,92.3076923076923,1.0,1.0
Joe Sciarrillo,Joe Scirillo,candidate,fuzzy_review,2.0,92.3076923076923,1.0,1.0
Kathleen Woods,Kathleen Woo,candidate,fuzzy_review,2.0,92.3076923076923,1.0,1.0
Mark Damnerson,Mark Dameron,candidate,fuzzy_review,2.0,92.3076923076923,1.0,1.0
Katherine Wo,Katherine Wolf,candidate,fuzzy_review,2.0,92.3076923076923,1.0,1.0
Dallas Haines,Dallas Haynes,candidate,fuzzy_review,1.0,92.3076923076923,1.0,1.0
George Soler,George Soulder,candidate,fuzzy_review,2.0,92.3076923076923,1.0,1.0
Theresa Yonga,Theresa Young,candidate,fuzzy_review,2.0,92.3076923076923,1.0,1.0
Mark Lorenzer,Mark Lorenzen,candidate,fuzzy_review,1.0,92.3076923076923,1.0,1.0
Louise Antonio,Luis Antonio,candidate,fuzzy_review,2.0,92.3076923076923,1.0,1.0
Sue Ling Chen,Siu Ling Chen,candidate,fuzzy_review,2.0,92.3076923076923,1.0,2.0
Rafael Picaso,Rafael Picazo,candidate,fuzzy_review,1.0,92.3076923076923,1.0,1.0
David Nacherk,David Natcher,candidate,fuzzy_review,2.0,92.3076923076923,1.0,1.0
Michelle Gong,Mitchell Gong,candidate,fuzzy_review,2.0,92.3076923076923,1.0,1.0
Patricia Diar,Patricia Diaz,candidate,fuzzy_review,1.0,92.3076923076923,1.0,1.0
Christina Linnenbach,Christine Linnebach,candidate,fuzzy_review,2.0,92.3076923076923,1.0,2.0
Elenor Morales,Elen Morales,candidate,fuzzy_review,2.0,92.3076923076923,1.0,1.0
Darren Newall,Darren Newell,candidate,fuzzy_review,1.0,92.3076923076923,1.0,1.0
Teddy Vriheas,Teddi Vriheas,candidate,fuzzy_review,1.0,92.3076923076923,1.0,1.0
Josh Peterson,John Peterson,candidate,fuzzy_review,2.0,92.3076923076923,2.0,4.0
Tui Catalano,Tujia Catalano,candidate,fuzzy_review,2.0,92.3076923076923,1.0,2.0
Kim Martinson,Kim Martenson,candidate,fuzzy_review,1.0,92.3076923076923,1.0,1.0
Scott Emblige,Scott Embligh,candidate,fuzzy_review,1.0,92.3076923076923,1.0,1.0
Jane Edwards,Joanne Edwards,candidate,fuzzy_review,2.0,92.3076923076923,1.0,2.0
Geraldo Marin,Gerardo Marin,candidate,fuzzy_review,1.0,92.3076923076923,1.0,1.0
Graham Maloney,Gram Maloney,candidate,fuzzy_review,2.0,92.3076923076923,1.0,1.0
Walter Pasly,Walter Parsley,candidate,fuzzy_review,2.0,92.3076923076923,1.0,2.0
Leodes Martin,Lordes Martin,candidate,fuzzy_review,2.0,92.3076923076923,1.0,1.0
Miriam Zamora,Mimiam Zamora,candidate,fuzzy_review,1.0,92.3076923076923,2.0,2.0
Fey Adelstein,Fay Adelstein,candidate,fuzzy_review,1.0,92.3076923076923,1.0,1.0
Kristine Enea,Kinstine Enea,candidate,fuzzy_review,2.0,92.3076923076923,1.0,1.0
Quintin Meke,Quintin Meckie,candidate,fuzzy_review,2.0,92.3076923076923,2.0,3.0
Steven Hinson,Steven Hilson,candidate,fuzzy_review,1.0,92.3076923076923,1.0,1.0
Steven Whitney,Steven White,candidate,fuzzy_review,2.0,92.3076923076923,1.0,1.0
Josh Switzky,Joshua Switzky,candidate,fuzzy_review,2.0,92.3076923076923,23.0,68.0
Richard Olsen,Richard Olson,candidate,fuzzy_review,1.0,92.3076923076923,1.0,1.0
Brian O'Flynn,Brian O'Flinn,candidate,fuzzy_review,1.0,92.3076923076923,1.0,1.0
David Mitchell,David Michel,candidate,fuzzy_review,2.0,92.3076923076923,1.0,1.0
Margaret Gund,Margaret Gunn,candidate,fuzzy_review,1.0,92.3076923076923,1.0,1.0
Brian O'flynn,Brian O'Flinn,candidate,fuzzy_review,1.0,92.3076923076923,1.0,1.0
David Steuart,David Stewart,candidate,fuzzy_review,1.0,92.3076923076923,1.0,1.0
Rebecca Rolke,Rebecca Rolfe,candidate,fuzzy_review,1.0,92.3076923076923,2.0,4.0
Jackie McMahan,Jackie McMan,candidate,fuzzy_review,2.0,92.3076923076923,1.0,1.0
Mike Acherman,Mike Ackerman,candidate,fuzzy_review,1.0,92.3076923076923,1.0,1.0
John McKernan,John McKernon,candidate,fuzzy_review,1.0,92.3076923076923,2.0,2.0
Antonia Clark,Antonio Clark,candidate,fuzzy_review,1.0,92.3076923076923,1.0,1.0
Jeremy Schwab,Jeremy Schaub,candidate,fuzzy_review,2.0,92.3076923076923,5.0,52.0
Shawna McGrew,Shanna McGrew,candidate,fuzzy_review,1.0,92.3076923076923,2.0,3.0
Timothy Allen Simon,Timothy Alan Simon,candidate,fuzzy_review,2.0,91.89189189189187,1.0,2.0
Kirstin Dischinger,Kearstin Dischinger,candidate,fuzzy_review,2.0,91.89189189189187,2.0,10.0
Stephan Magdalinsky,Stephan Macalinsky,candidate,fuzzy_review,2.0,91.89189189189187,1.0,1.0
Tommy Avicola MEca,Tommy Avecola Mecca,candidate,fuzzy_review,2.0,91.89189189189187,1.0,2.0
Tommy Avecola Mecca,Tommy Arecola Meca,candidate,fuzzy_review,2.0,91.89189189189187,2.0,8.0
Peter Papadapoulous,Peter Papadapoulas,candidate,fuzzy_review,2.0,91.89189189189187,1.0,1.0
Peter Papadapoulous,Peter Papadapollos,candidate,fuzzy_review,2.0,91.89189189189187,1.0,1.0
Peter Papodopolous,Peter Papadoupolous,candidate,fuzzy_review,2.0,91.89189189189187,1.0,1.0
Peter Papadapoulous,Peter Papadapoulis,candidate,fuzzy_review,2.0,91.89189189189187,1.0,1.0
Tommy Aricola Mecca,Tommy Avicola MEca,candidate,fuzzy_review,2.0,91.89189189189187,1.0,1.0
Tommy Avicola MEca,Tommy Avicoli Mecca,candidate,fuzzy_review,2.0,91.89189189189187,1.0,2.0
Stephan Costallano,Stephan Constellano,candidate,fuzzy_review,2.0,91.89189189189187,1.0,1.0
Betty Landis,Bette Landis,candidate,fuzzy_review,1.0,91.66666666666666,2.0,3.0
Robert Cole,Robert Colyer,candidate,fuzzy_review,2.0,91.66666666666666,1.0,1.0
Steven Moore,Steven Morse,candidate,fuzzy_review,2.0,91.66666666666666,1.0,2.0
Ken Mirkani,Kent Mirkhani,candidate,fuzzy_review,2.0,91.66666666666666,1.0,1.0
Richard May,Richard Mayer,candidate,fuzzy_review,2.0,91.66666666666666,1.0,1.0
Rolf Mueller,Ralf Mueller,candidate,fuzzy_review,1.0,91.66666666666666,1.0,1.0
Don Andriani,Don Andreini,candidate,fuzzy_review,2.0,91.66666666666666,1.0,2.0
Deborah Stein,Debra Stein,candidate,fuzzy_review,2.0,91.66666666666666,5.0,47.0
Brett Plater,Brent Plater,candidate,fuzzy_review,1.0,91.66666666666666,1.0,1.0
Freddy Martin,Fred Martin,candidate,fuzzy_review,2.0,91.66666666666666,1.0,2.0
Jason Shields,Jon Shields,candidate,fuzzy_review,2.0,91.66666666666666,1.0,1.0
Maureen Reen,Maureen Reed,candidate,fuzzy_review,1.0,91.66666666666666,1.0,1.0
Erin Donelly,Erin Donnely,candidate,fuzzy_review,2.0,91.66666666666666,1.0,1.0
Tess Welbourn,Tes Welborn,candidate,fuzzy_review,2.0,91.66666666666666,4.0,59.0
Don Andrini,Don Andrenini,candidate,fuzzy_review,2.0,91.66666666666666,1.0,1.0
Gregg Schepp,Greg Schoepp,candidate,fuzzy_review,2.0,91.66666666666666,1.0,2.0
Michael Berg,Mitchel Berg,candidate,fuzzy_review,2.0,91.66666666666666,1.0,2.0
Freddy Martin,Fred martin,candidate,fuzzy_review,2.0,91.66666666666666,1.0,1.0
Tim Mathison,Tim Matheson,candidate,fuzzy_review,1.0,91.66666666666666,1.0,1.0
Jeffrey Chen,Jeffrey Chan,candidate,fuzzy_review,1.0,91.66666666666666,1.0,1.0
Phil Lesser,Philip Lesser,candidate,fuzzy_review,2.0,91.66666666666666,13.0,34.0
Olai Lumberg,Olie Lumberg,candidate,fuzzy_review,2.0,91.66666666666666,1.0,1.0
Jeffrey Chin,Jeffrey Chan,candidate,fuzzy_review,1.0,91.66666666666666,1.0,1.0
David Harlan,David Harlen,candidate,fuzzy_review,1.0,91.66666666666666,1.0,1.0
Maya Chupkov,Maya Chuphov,candidate,fuzzy_review,1.0,91.66666666666666,1.0,1.0
Brent Martin,Brett Martin,candidate,fuzzy_review,1.0,91.66666666666666,1.0,1.0
Michael Chen,Michael Chan,candidate,fuzzy_review,1.0,91.66666666666666,9.0,9.0
Drew Sullens,Drew Sullins,candidate,fuzzy_review,1.0,91.66666666666666,1.0,1.0
Robert Allen,Robert Allan,candidate,fuzzy_review,1.0,91.66666666666666,1.0,1.0
Luis Antonia,Luis Antonio,candidate,fuzzy_review,1.0,91.66666666666666,1.0,1.0
David Burns,David Burness,candidate,fuzzy_review,2.0,91.66666666666666,3.0,6.0
John Mulligan,John Mullan,candidate,fuzzy_review,2.0,91.66666666666666,1.0,2.0
Andre Barker,Andrea Baker,candidate,fuzzy_review,2.0,91.66666666666666,1.0,2.0
Brian O'Neil,Bryan O'Neil,candidate,fuzzy_review,1.0,91.66666666666666,3.0,3.0
Monica Losano,Monica Losa,candidate,fuzzy_review,2.0,91.66666666666666,1.0,1.0
James Napoli,James Natoli,candidate,fuzzy_review,1.0,91.66666666666666,1.0,1.0
Jeffrey Chin,Jeffrey Chen,candidate,fuzzy_review,1.0,91.66666666666666,1.0,1.0
Marc Duffett,Mark Duffett,candidate,fuzzy_review,1.0,91.66666666666666,2.0,5.0
Jessica Rubio,Jessica Rui,candidate,fuzzy_review,2.0,91.66666666666666,1.0,1.0
John McGrath,Joan McGrath,candidate,fuzzy_review,1.0,91.66666666666666,1.0,1.0
Dale Carlson,Dole Carlson,candidate,fuzzy_review,1.0,91.66666666666666,1.0,1.0
Inya Kattman,Inya Kaitman,candidate,fuzzy_review,1.0,91.66666666666666,1.0,1.0
Lisa Aguilar,Luis Aguilar,candidate,fuzzy_review,2.0,91.66666666666666,1.0,1.0
Ana Martinez,Ana Martinex,candidate,fuzzy_review,1.0,91.66666666666666,1.0,1.0
Brian Spiers,Brian Spears,candidate,fuzzy_review,2.0,91.66666666666666,3.0,3.0
Skye Czember,Skye Czenber,candidate,fuzzy_review,1.0,91.66666666666666,1.0,1.0
Susan Dumbar,Susan Dunbar,candidate,fuzzy_review,1.0,91.66666666666666,1.0,1.0
Norman Larson,Norm Larson,candidate,fuzzy_review,2.0,91.66666666666666,1.0,1.0
Jeanie Stone,Janice Stone,candidate,fuzzy_review,2.0,91.66666666666666,1.0,1.0
Michael Yang,Michael Yani,candidate,fuzzy_review,1.0,91.66666666666666,2.0,2.0
Norm Bouton,Norman Bouton,candidate,fuzzy_review,2.0,91.66666666666666,1.0,2.0
Ben Robertson,Ben Roberts,candidate,fuzzy_review,2.0,91.66666666666666,1.0,2.0
Zhen Hiu Wen,Zhen Hui Wen,candidate,fuzzy_review,2.0,91.66666666666666,1.0,1.0
Arnie Morgan,Armie Morgan,candidate,fuzzy_review,1.0,91.66666666666666,2.0,3.0
Robin Tucker,Robyn Tucker,candidate,fuzzy_review,1.0,91.66666666666666,9.0,11.0
Karen Woodson,Karen Woods,candidate,fuzzy_review,2.0,91.66666666666666,1.0,2.0
Tedi Virhais,Tedi Virnais,candidate,fuzzy_review,1.0,91.66666666666666,1.0,1.0
Paul Dziasij,Paul Dziadij,candidate,fuzzy_review,1.0,91.66666666666666,1.0,1.0
Sonja Trauss,Sonja Transs,candidate,fuzzy_review,1.0,91.66666666666666,16.0,19.0
Dana Ketcham,Dana Ketchan,candidate,fuzzy_review,1.0,91.66666666666666,1.0,1.0
Dona Craoder,Dona Crowder,candidate,fuzzy_review,2.0,91.66666666666666,1.0,1.0
John Schwarky,Jon Schwark,candidate,fuzzy_review,2.0,91.66666666666666,1.0,1.0
Mario Zuniga,Maria Zuniga,candidate,fuzzy_review,1.0,91.66666666666666,1.0,1.0
Jessica Win,Jessica Wimen,candidate,fuzzy_review,2.0,91.66666666666666,1.0,1.0
Robert Mokey,Robert Mokry,candidate,fuzzy_review,1.0,91.66666666666666,1.0,1.0
Paul Sherril,Paul Sherrel,candidate,fuzzy_review,1.0,91.66666666666666,1.0,1.0
John Williams,John Willis,candidate,fuzzy_review,2.0,91.66666666666666,3.0,4.0
Anne Taupier,Anne Tauperi,candidate,fuzzy_review,2.0,91.66666666666666,18.0,18.0
Tory Patton,Torrey Patton,candidate,fuzzy_review,2.0,91.66666666666666,1.0,1.0
Michael Levy,Michael Leva,candidate,fuzzy_review,1.0,91.66666666666666,2.0,2.0
Mark Borsick,Mark Borseck,candidate,fuzzy_review,1.0,91.66666666666666,1.0,1.0
Phillip Meza,Phillip Mesa,candidate,fuzzy_review,1.0,91.66666666666666,1.0,1.0
Jim Freedman,Jim Friedman,candidate,fuzzy_review,1.0,91.66666666666666,1.0,1.0
Adam Massery,Adam Mastery,candidate,fuzzy_review,1.0,91.66666666666666,1.0,1.0
Greg Martai,Greg Marutani,candidate,fuzzy_review,2.0,91.66666666666666,1.0,1.0
Audrey Bower,Andrey Bower,candidate,fuzzy_review,1.0,91.66666666666666,1.0,1.0
Tes Wellborn,Tess Welborn,candidate,fuzzy_review,2.0,91.66666666666666,2.0,30.0
Sonya Rhener,Sonia Rhener,candidate,fuzzy_review,1.0,91.66666666666666,1.0,1.0
Jessica Chan,Jessica Chen,candidate,fuzzy_review,1.0,91.66666666666666,1.0,1.0
Darle Fryar,Darlene Fryar,candidate,fuzzy_review,2.0,91.66666666666666,1.0,1.0
Vincent Chan,Vincent Chin,candidate,fuzzy_review,1.0,91.66666666666666,1.0,1.0
Toby Lovello,Toby Lovallo,candidate,fuzzy_review,1.0,91.66666666666666,2.0,2.0
Sam Michaels,Sam Michaele,candidate,fuzzy_review,1.0,91.66666666666666,1.0,1.0
Mathew Steen,Mathew Steer,candidate,fuzzy_review,1.0,91.66666666666666,1.0,1.0
Denise Lawson,Denise Laws,candidate,fuzzy_review,2.0,91.66666666666666,1.0,2.0
Bob Coleman,Bobby Coleman,candidate,fuzzy_review,2.0,91.66666666666666,2.0,4.0
Ben Viguerie,Ben Vignerie,candidate,fuzzy_review,1.0,91.66666666666666,2.0,2.0
Sara Wilmer,Sarah Willmer,candidate,fuzzy_review,2.0,91.66666666666666,1.0,2.0
Nick Cranker,Nick Cranber,candidate,fuzzy_review,1.0,91.66666666666666,2.0,2.0
Rhanda Naser,Randa Naseer,candidate,fuzzy_review,2.0,91.66666666666666,1.0,1.0
Damian Posey,Damien Posey,candidate,fuzzy_review,1.0,91.66666666666666,2.0,2.0
Shantall Labarinto,Shantal Laberinto,candidate,fuzzy_review,2.0,91.42857142857144,1.0,1.0
David Bloomingfeld,David Bloomenfeld,candidate,fuzzy_review,2.0,91.42857142857144,1.0,2.0
Christina Marshall,Christie Marshall,candidate,fuzzy_review,2.0,91.42857142857144,1.0,2.0
Peter Winkellstein,Peter Winklestein,candidate,fuzzy_review,2.0,91.42857142857144,2.0,2.0
Ulysses Montgomery,Ulysis Montgomery,candidate,fuzzy_review,2.0,91.42857142857144,1.0,2.0
Peter Winkecstein,Peter Winkellstein,candidate,fuzzy_review,2.0,91.42857142857144,1.0,2.0
Michael Garivalia,Michael Garavaglia,candidate,fuzzy_review,2.0,91.42857142857144,1.0,1.0
Charm Consellacion,Charm Consolacion,candidate,fuzzy_review,2.0,91.42857142857144,1.0,2.0
Gloria Tulanowsky,Gloria Tulenowskly,candidate,fuzzy_review,2.0,91.42857142857144,1.0,1.0
Patricia Dedeleian,Patricia Dedekian,candidate,fuzzy_review,2.0,91.42857142857144,1.0,1.0
Charles Bredinger,Charles Breilinger,candidate,fuzzy_review,2.0,91.42857142857144,1.0,1.0
Flemming Jorgensen,Fleming Jorgenson,candidate,fuzzy_review,2.0,91.42857142857144,1.0,1.0
Patrick Buskovich,Patrick Buschovich,candidate,fuzzy_review,2.0,91.42857142857144,1.0,2.0
Stephen Castalano,Stephano Castalano,candidate,fuzzy_review,2.0,91.42857142857144,2.0,4.0
Jefferson McCarlay,Jefferson McArley,candidate,fuzzy_review,2.0,91.42857142857144,1.0,1.0
Stephen Castellano,Stephen Castalano,candidate,fuzzy_review,2.0,91.42857142857144,1.0,2.0
R.J. Ferrari,RJ Ferrari,candidate,fuzzy_review,2.0,90.9090909090909,2.0,4.0
Mark Babson,Mark Babsin,candidate,fuzzy_review,1.0,90.9090909090909,3.0,3.0
Ricari Donaldson,Ricarry Donaldson,candidate,fuzzy_review,2.0,90.9090909090909,1.0,2.0
Tad Buckner,Tab Buckner,candidate,fuzzy_review,1.0,90.9090909090909,3.0,5.0
Sonny Boyle,Sunny Boyle,candidate,fuzzy_review,1.0,90.9090909090909,1.0,1.0
Conner Ryan,Connie Ryan,candidate,fuzzy_review,2.0,90.9090909090909,2.0,4.0
Lynne Elmar,Lynne Elman,candidate,fuzzy_review,1.0,90.9090909090909,1.0,1.0
David Coyle,David Coles,candidate,fuzzy_review,2.0,90.9090909090909,1.0,1.0
Terrance Faulkner,Terence Faulkner,candidate,fuzzy_review,2.0,90.9090909090909,3.0,7.0
Laurie Mack,Laurie Maak,candidate,fuzzy_review,1.0,90.9090909090909,1.0,1.0
Carey White,Carry White,candidate,fuzzy_review,1.0,90.9090909090909,1.0,1.0
Matt Berker,Matt Berler,candidate,fuzzy_review,1.0,90.9090909090909,1.0,1.0
Bobby Garcia,Bob Garcia,candidate,fuzzy_review,2.0,90.9090909090909,1.0,2.0
Tyce Sniffen,Ty Sniffen,candidate,fuzzy_review,2.0,90.9090909090909,1.0,1.0
Leah Faley,Leah Faidley,candidate,fuzzy_review,2.0,90.9090909090909,2.0,3.0
Viveka Chen,Vireka Chen,candidate,fuzzy_review,1.0,90.9090909090909,1.0,1.0
Peter Gable,Peter Gabel,candidate,fuzzy_review,2.0,90.9090909090909,1.0,1.0
Kevin Born,Kevin Bourne,candidate,fuzzy_review,2.0,90.9090909090909,1.0,1.0
Marc Norton,Mark Norton,candidate,fuzzy_review,1.0,90.9090909090909,2.0,5.0
Mitchell Benjaim,Mitchell Benjamin,candidate,fuzzy_review,2.0,90.9090909090909,2.0,7.0
Russ Nayler,Russ Naylor,candidate,fuzzy_review,1.0,90.9090909090909,2.0,5.0
Mark Babsin,Marc Babsin,candidate,fuzzy_review,1.0,90.9090909090909,3.0,4.0
Joan Varone,Joan Varney,candidate,fuzzy_review,2.0,90.9090909090909,1.0,1.0
Francis Lee,Frances Lee,candidate,fuzzy_review,1.0,90.9090909090909,1.0,1.0
Michael Hon,Michael Hom,candidate,fuzzy_review,1.0,90.9090909090909,1.0,1.0
Michael Hon,Michael Hou,candidate,fuzzy_review,1.0,90.9090909090909,1.0,1.0
Grover Wald,Grover Wall,candidate,fuzzy_review,1.0,90.9090909090909,1.0,1.0
Ellen Chan,Ellen Chiang,candidate,fuzzy_review,2.0,90.9090909090909,1.0,1.0
Sarah Brandt,Sara Brant,candidate,fuzzy_review,2.0,90.9090909090909,2.0,3.0
Michael Hom,Michael Hou,candidate,fuzzy_review,1.0,90.9090909090909,1.0,1.0
Devon Brady,Devin Brady,candidate,fuzzy_review,1.0,90.9090909090909,1.0,1.0
David Harlen,David Hale,candidate,fuzzy_review,2.0,90.9090909090909,1.0,2.0
Karin Weiss,Karen Weiss,candidate,fuzzy_review,1.0,90.9090909090909,1.0,1.0
Jasmine Kaw,Jasmine Kam,candidate,fuzzy_review,1.0,90.9090909090909,1.0,1.0
Mark Horton,Marc Horton,candidate,fuzzy_review,1.0,90.9090909090909,1.0,1.0
Steven Rajninger,Stephen Rajninger,candidate,fuzzy_review,2.0,90.9090909090909,1.0,1.0
Louis Ravano,Lou Ravano,candidate,fuzzy_review,2.0,90.9090909090909,1.0,1.0
Vicki Rosen,Vicky Rosen,candidate,fuzzy_review,1.0,90.9090909090909,2.0,4.0
Ezra Mercey,Ezra Mercei,candidate,fuzzy_review,1.0,90.9090909090909,1.0,1.0
Ezra Mercey,Ezra Mersey,candidate,fuzzy_review,1.0,90.9090909090909,1.0,1.0
Loti Titus,Lottie Titus,candidate,fuzzy_review,2.0,90.9090909090909,1.0,2.0
Leno Piazze,Leno Piazza,candidate,fuzzy_review,1.0,90.9090909090909,1.0,1.0
George Chan,George Chen,candidate,fuzzy_review,1.0,90.9090909090909,1.0,1.0
Ken Martin,Kevin Martin,candidate,fuzzy_review,2.0,90.9090909090909,1.0,2.0
Brian Smith,Bryan Smith,candidate,fuzzy_review,1.0,90.9090909090909,1.0,1.0
Sues Hestor,Sue Hestior,candidate,fuzzy_review,2.0,90.9090909090909,1.0,1.0
Sam Mogannam,Sam Mogann,candidate,fuzzy_review,2.0,90.9090909090909,1.0,1.0
Aaron Tartakovsky,Aaron Tavakovsky,candidate,fuzzy_review,2.0,90.9090909090909,1.0,1.0
Bill Hoover,Bill Hooper,candidate,fuzzy_review,1.0,90.9090909090909,1.0,1.0
Caroline Johnston,Carolyn Johnston,candidate,fuzzy_review,2.0,90.9090909090909,1.0,1.0
Richard May,Richard Mac,candidate,fuzzy_review,1.0,90.9090909090909,1.0,1.0
Charles Bredinger,Charles Bradiger,candidate,fuzzy_review,2.0,90.9090909090909,1.0,1.0
Kirky Lewis,Kirby Lewis,candidate,fuzzy_review,1.0,90.9090909090909,8.0,9.0
Carol Hardy,Carol Hamdy,candidate,fuzzy_review,1.0,90.9090909090909,1.0,1.0
Josh Smith,Joseph Smith,candidate,fuzzy_review,2.0,90.9090909090909,2.0,5.0
Jenny Batallones,Jeanne Batallones,candidate,fuzzy_review,2.0,90.9090909090909,2.0,5.0
Chris Hall,Chris Hamill,candidate,fuzzy_review,2.0,90.9090909090909,1.0,1.0
Charles Breniger,Charles Bredinger,candidate,fuzzy_review,2.0,90.9090909090909,1.0,1.0
Monica Loos,Monica Losa,candidate,fuzzy_review,2.0,90.9090909090909,1.0,1.0
David Leibs,David Lewis,candidate,fuzzy_review,2.0,90.9090909090909,1.0,2.0
John Barbie,John Barbey,candidate,fuzzy_review,2.0,90.9090909090909,4.0,10.0
Danny Leore,Danny Leone,candidate,fuzzy_review,1.0,90.9090909090909,1.0,1.0
George Schuttish,Georgia Schuttish,candidate,fuzzy_review,2.0,90.9090909090909,7.0,603.0
Johnny Chang,John Chang,candidate,fuzzy_review,2.0,90.9090909090909,1.0,1.0
Esther Marks,Esther Mar,candidate,fuzzy_review,2.0,90.9090909090909,2.0,3.0
Kaie Ladell,Kati Ladell,candidate,fuzzy_review,2.0,90.9090909090909,1.0,2.0
Danita Kulp,Denita Kulp,candidate,fuzzy_review,1.0,90.9090909090909,1.0,1.0
John Newman,John Newlan,candidate,fuzzy_review,1.0,90.9090909090909,1.0,1.0
Adam Masry,Adam Massery,candidate,fuzzy_review,2.0,90.9090909090909,1.0,1.0
Dan Fratten,Dan Frattin,candidate,fuzzy_review,1.0,90.9090909090909,12.0,23.0
Tim Paulson,Tim Paulsen,candidate,fuzzy_review,1.0,90.9090909090909,5.0,8.0
Kevin Chang,Kevin Cheng,candidate,fuzzy_review,1.0,90.9090909090909,7.0,9.0
Susan Morse,Susan Moses,candidate,fuzzy_review,2.0,90.9090909090909,1.0,1.0
Diana Flores,Dan Flores,candidate,fuzzy_review,2.0,90.9090909090909,2.0,3.0
Hani Kailen,Hani Kaileh,candidate,fuzzy_review,1.0,90.9090909090909,1.0,1.0
Lawrence Petrakk,Lawrence Petrakis,candidate,fuzzy_review,2.0,90.9090909090909,1.0,1.0
Jerry Lowe,Jerry Lowrey,candidate,fuzzy_review,2.0,90.9090909090909,1.0,1.0
Derrick Law,Derrick Lam,candidate,fuzzy_review,1.0,90.9090909090909,1.0,1.0
Marsha Cook,Martha Cook,candidate,fuzzy_review,1.0,90.9090909090909,1.0,1.0
Joan Major,Johan Majoor,candidate,fuzzy_review,2.0,90.9090909090909,2.0,5.0
Kevin Dillon,Kevin Dill,candidate,fuzzy_review,2.0,90.9090909090909,1.0,2.0
Moley Gills,Molly Gills,candidate,fuzzy_review,1.0,90.9090909090909,1.0,1.0
Mary Taylor,Mark Taylor,candidate,fuzzy_review,1.0,90.9090909090909,2.0,4.0
James Moon,James Mondon,candidate,fuzzy_review,2.0,90.9090909090909,1.0,1.0
Jeanie Wong,Jeanne Wong,candidate,fuzzy_review,1.0,90.9090909090909,1.0,1.0
Anastasia Yovonopolous,Anastasia Yovanapolous,candidate,fuzzy_review,2.0,90.9090909090909,2.0,15.0
Christy Wong,Chris Wong,candidate,fuzzy_review,2.0,90.9090909090909,1.0,1.0
Anastasia Yoganapolous,Anastasia Yovonapolous,candidate,fuzzy_review,2.0,90.9090909090909,2.0,20.0
Anastacia Yovanapolous,Anastasia Yovonapolous,candidate,fuzzy_review,2.0,90.9090909090909,12.0,20.0
Anastasia Yovalapoulos,Anastasia Yovanopoulos,candidate,fuzzy_review,2.0,90.9090909090909,3.0,156.0
John Wolley,John Wooley,candidate,fuzzy_review,1.0,90.9090909090909,1.0,1.0
Larry Baer,Larry Badner,candidate,fuzzy_review,2.0,90.9090909090909,1.0,2.0
Toney Kelley,Tony Kelly,candidate,fuzzy_review,2.0,90.9090909090909,2.0,29.0
Joanne Wong,Jeanne Wong,candidate,fuzzy_review,1.0,90.9090909090909,1.0,1.0
Judy Kummar,Judy Kummer,candidate,fuzzy_review,1.0,90.9090909090909,1.0,1.0
Steve Chan,Steve Chiang,candidate,fuzzy_review,2.0,90.9090909090909,1.0,1.0
John Kerley,John Kelley,candidate,fuzzy_review,1.0,90.9090909090909,1.0,1.0
Richard Hilbredth,Richard Hildreth,candidate,fuzzy_review,2.0,90.9090909090909,1.0,1.0
Georgia Schudish,Georgia Schuttish,candidate,fuzzy_review,2.0,90.9090909090909,2.0,603.0
Anastacia Yovanopolous,Anastasia Yovanapolous,candidate,fuzzy_review,2.0,90.9090909090909,2.0,15.0
Anastasia Yoganapolous,Anastacia Yovanapolous,candidate,fuzzy_review,2.0,90.9090909090909,2.0,12.0
Adam Masry,Adam Mastery,candidate,fuzzy_review,2.0,90.9090909090909,1.0,1.0
Rudy Campos,Ruby Campos,candidate,fuzzy_review,1.0,90.9090909090909,1.0,1.0
Mike Hammon,Mike Hamond,candidate,fuzzy_review,2.0,90.9090909090909,1.0,1.0
Anastacia Yovanopolous,Anastasia Yovonopolous,candidate,fuzzy_review,2.0,90.9090909090909,2.0,2.0
Joel Campos,Jose Campos,candidate,fuzzy_review,2.0,90.9090909090909,3.0,5.0
Tomika Moss,Tamika Moss,candidate,fuzzy_review,1.0,90.9090909090909,4.0,8.0
Judity Hoyem,Judy Hoyem,candidate,fuzzy_review,2.0,90.9090909090909,1.0,2.0
Teresa Flandricks,Teresa Flaudrick,candidate,fuzzy_review,2.0,90.9090909090909,1.0,1.0
J.R. Eppart,J.R. Epplar,candidate,fuzzy_review,2.0,90.9090909090909,2.0,3.0
Sandy Chang,Sandy Cheng,candidate,fuzzy_review,1.0,90.9090909090909,1.0,1.0
Anastasia Yovouapolous,Anastasia Yovonopolous,candidate,fuzzy_review,2.0,90.9090909090909,1.0,2.0
Anastasia Yoagnopolis,Anastasia Yobonopolis,candidate,fuzzy_review,2.0,90.47619047619048,2.0,2.0
Anastasia Yopinopolus,Anastasia Yovinopalus,candidate,fuzzy_review,2.0,90.47619047619048,1.0,2.0
Sharon Ameproso,Sharon Ameporosa,candidate,fuzzy_review,2.0,90.32258064516128,1.0,1.0
Jamie McGoldrick,Jake McGoldrick,candidate,fuzzy_review,2.0,90.32258064516128,7.0,26.0
Michael Therriot,Michael Theirot,candidate,fuzzy_review,2.0,90.32258064516128,1.0,1.0
Valerie Hartwell,Valery Hartwell,candidate,fuzzy_review,2.0,90.32258064516128,1.0,2.0
Marcia Contreras,Marsa Contreras,candidate,fuzzy_review,2.0,90.32258064516128,1.0,2.0
Kathy DeVecenzi,Kathy DeVincenzi,candidate,fuzzy_review,2.0,90.32258064516128,1.0,2.0
Kathy Devancenzi,Kathy DeVecenzi,candidate,fuzzy_review,2.0,90.32258064516128,1.0,1.0
Jessica Sperling,Jessica Spurlin,candidate,fuzzy_review,2.0,90.32258064516128,2.0,2.0
Normann Petersen,Norman Peterson,candidate,fuzzy_review,2.0,90.32258064516128,1.0,1.0
Richard McGrady,Richard McGreary,candidate,fuzzy_review,2.0,90.32258064516128,1.0,2.0
Elizabeth Godoy,Elizabeth Gordon,candidate,fuzzy_review,2.0,90.32258064516128,1.0,2.0
Anthony Verkemp,Anthony Veerkamp,candidate,fuzzy_review,2.0,90.32258064516128,1.0,1.0
Peter Schmacker,Peter Schumacher,candidate,fuzzy_review,2.0,90.32258064516128,1.0,1.0
Peter Glickstern,Peter Glikstein,candidate,fuzzy_review,2.0,90.32258064516128,2.0,4.0
Peter Glikshtern,Peter Glikstein,candidate,fuzzy_review,2.0,90.32258064516128,2.0,4.0
Peter Glikshtern,Peter Glicstern,candidate,fuzzy_review,2.0,90.32258064516128,2.0,2.0
Peter Glickstein,Peter Glicstern,candidate,fuzzy_review,2.0,90.32258064516128,1.0,2.0
Pete Glitchtern,Pete Glidschtern,candidate,fuzzy_review,2.0,90.32258064516128,1.0,1.0
Christopher Maud,Christopher May,candidate,fuzzy_review,2.0,90.32258064516128,4.0,11.0
Steven Antenore,Steven Antenoris,candidate,fuzzy_review,2.0,90.32258064516128,2.0,2.0
Steph Brookshire,Seth Brookshire,candidate,fuzzy_review,2.0,90.32258064516128,1.0,1.0
Sylvia Meliquian,Sylvia Melikian,candidate,fuzzy_review,2.0,90.32258064516128,1.0,1.0
Areloius Walker,Areliious Walker,candidate,fuzzy_review,2.0,90.32258064516128,1.0,1.0
Leslie Zamarripa,Leslie Zamariva,candidate,fuzzy_review,2.0,90.32258064516128,1.0,1.0
Lillian Borsick,Lilliane Borseck,candidate,fuzzy_review,2.0,90.32258064516128,1.0,1.0
Paulette Tagert,Paulette Taggart,candidate,fuzzy_review,2.0,90.32258064516128,1.0,1.0
Laura Crescimano,Laura Cressmano,candidate,fuzzy_review,2.0,90.32258064516128,3.0,18.0
Vivian Aurallejo,Vivian Aurallio,candidate,fuzzy_review,2.0,90.32258064516128,1.0,1.0
Petter Hatiarris,Peter Hatierris,candidate,fuzzy_review,2.0,90.32258064516128,1.0,2.0
Sharon Williams,Sharlot Williams,candidate,fuzzy_review,2.0,90.32258064516128,1.0,1.0
Robert Chrisman,Robert Christian,candidate,fuzzy_review,2.0,90.32258064516128,1.0,2.0
John Fish,John Fisher,candidate,fuzzy_review,2.0,90.0,1.0,2.0
Mark Rene,Mark Rennie,candidate,fuzzy_review,2.0,90.0,3.0,8.0
Jack Rice,Jackie Rice,candidate,fuzzy_review,2.0,90.0,1.0,1.0
CJ Higley,C.J. Higley,candidate,fuzzy_review,2.0,90.0,12.0,15.0
Neil Patel,Neal Patel,candidate,fuzzy_review,1.0,90.0,1.0,1.0
Conny Foro,Conny Ford,candidate,fuzzy_review,1.0,90.0,1.0,1.0
Stella Cho,Stella Chu,candidate,fuzzy_review,1.0,90.0,1.0,1.0
Alan Moore,Alan Morse,candidate,fuzzy_review,2.0,90.0,1.0,2.0
Joan Lumis,John Lumis,candidate,fuzzy_review,1.0,90.0,1.0,1.0
JR Eppler,J.R. Eppler,candidate,fuzzy_review,2.0,90.0,5.0,31.0
Meb Gordon,Meg Gordon,candidate,fuzzy_review,1.0,90.0,1.0,1.0
Eric Ross,Eric Rosser,candidate,fuzzy_review,2.0,90.0,1.0,1.0
Nate Green,Nato Green,candidate,fuzzy_review,1.0,90.0,2.0,4.0
Sally Ramon,Sal Ramon,candidate,fuzzy_review,2.0,90.0,1.0,1.0
Rex Tabora,Rex Tabord,candidate,fuzzy_review,1.0,90.0,1.0,1.0
Frank Hugg,Frank Hung,candidate,fuzzy_review,1.0,90.0,3.0,5.0
Rob Keller,Rob Kelley,candidate,fuzzy_review,1.0,90.0,1.0,1.0
Liz Linale,Liz Lindle,candidate,fuzzy_review,1.0,90.0,1.0,1.0
John Roach,John Rocha,candidate,fuzzy_review,2.0,90.0,1.0,2.0
Tet Naval,Tetet Naval,candidate,fuzzy_review,2.0,90.0,1.0,2.0
Eric Stine,Eric Stein,candidate,fuzzy_review,2.0,90.0,1.0,1.0
AJ Thomas,A.J. Thomas,candidate,fuzzy_review,2.0,90.0,1.0,1.0
Ken Taymor,Ken Taylor,candidate,fuzzy_review,1.0,90.0,1.0,1.0
Sandy Chen,Sandy Chan,candidate,fuzzy_review,1.0,90.0,1.0,1.0
John Butler,Jo Butler,candidate,fuzzy_review,2.0,90.0,1.0,1.0
Terry Chan,Terry Chen,candidate,fuzzy_review,1.0,90.0,1.0,1.0
James Chen,James Chan,candidate,fuzzy_review,1.0,90.0,1.0,1.0
Rick Welts,Rich Welts,candidate,fuzzy_review,1.0,90.0,1.0,1.0
Tom Tunney?,Tom Tuney,candidate,fuzzy_review,2.0,90.0,1.0,1.0
Don Savoy,Donna Savoy,candidate,fuzzy_review,2.0,90.0,1.0,3.0
Jeff Hagan,Jeff Hagen,candidate,fuzzy_review,1.0,90.0,3.0,4.0
James Ward,James Wade,candidate,fuzzy_review,2.0,90.0,1.0,2.0
Tony Manza,Tony Manzo,candidate,fuzzy_review,1.0,90.0,1.0,1.0
Paul Allan,Paul Allen,candidate,fuzzy_review,1.0,90.0,2.0,4.0
BoA - None,BoS - None,candidate,fuzzy_review,1.0,90.0,1.0,1.0
Don Mazumi,Don Masumi,candidate,fuzzy_review,1.0,90.0,2.0,4.0
Lee Julien,Lee Julian,candidate,fuzzy_review,1.0,90.0,1.0,1.0
Devon Brady,Don Brady,candidate,fuzzy_review,2.0,90.0,1.0,1.0
Jo Butler,Joe Buttler,candidate,fuzzy_review,2.0,90.0,1.0,10.0
Neil Lynch,Nile Lynch,candidate,fuzzy_review,2.0,90.0,1.0,1.0
Steve Bain,Steve Bane,candidate,fuzzy_review,2.0,90.0,1.0,1.0
Mat Rogers,Mal Rogers,candidate,fuzzy_review,1.0,90.0,1.0,1.0
Joyce Chen,Joyce Chan,candidate,fuzzy_review,1.0,90.0,2.0,2.0
Dan Green,Dan Greeman,candidate,fuzzy_review,2.0,90.0,1.0,2.0
Nancy Smith,Nan Smith,candidate,fuzzy_review,2.0,90.0,1.0,1.0
Jose Chan,Joseph Chan,candidate,fuzzy_review,2.0,90.0,1.0,1.0
Judy Chang,Judy Cheng,candidate,fuzzy_review,1.0,90.0,1.0,1.0
Jim Rhodes,Jim Rhoads,candidate,fuzzy_review,2.0,90.0,1.0,2.0
Zach Brown,Zack Brown,candidate,fuzzy_review,1.0,90.0,1.0,1.0
Frank Chan,Frank Chen,candidate,fuzzy_review,1.0,90.0,1.0,1.0
Robin Smith,Ron Smith,candidate,fuzzy_review,2.0,90.0,1.0,2.0
Eric Reyes,Eric Reese,candidate,fuzzy_review,2.0,90.0,1.0,1.0
John Bruun,John Bruno,candidate,fuzzy_review,2.0,90.0,1.0,2.0
Jack Fong,Jackie Fong,candidate,fuzzy_review,2.0,90.0,1.0,2.0
Tom Berkou,Tom Berkio,candidate,fuzzy_review,2.0,90.0,1.0,1.0
Pierre Lowe,Pier Lowe,candidate,fuzzy_review,2.0,90.0,1.0,1.0
Tim Collen,Tim Collan,candidate,fuzzy_review,1.0,90.0,1.0,1.0
Paul Wagner,Paul Wane,candidate,fuzzy_review,2.0,90.0,1.0,2.0
John Smith,Josh Smith,candidate,fuzzy_review,2.0,90.0,2.0,2.0
John Brunn,John Bruun,candidate,fuzzy_review,1.0,90.0,1.0,1.0
Will Malar,Wil Mallar,candidate,fuzzy_review,2.0,90.0,1.0,2.0
Sandra Wong,Sara Wong,candidate,fuzzy_review,2.0,90.0,1.0,1.0
Mary White,Mark White,candidate,fuzzy_review,1.0,90.0,2.0,2.0
Tim CoLen,Tim Coleman,candidate,fuzzy_review,2.0,90.0,1.0,4.0
Bill Petru,Bill Petri,candidate,fuzzy_review,1.0,90.0,1.0,1.0
Paul Stine,Paul Stein,candidate,fuzzy_review,2.0,90.0,1.0,2.0
Tim Coleman,Tim Colen,candidate,fuzzy_review,2.0,90.0,4.0,178.0
Erin Reese,Eric Reese,candidate,fuzzy_review,1.0,90.0,1.0,1.0
Grace Shanaghan,Grace Shananan,candidate,fuzzy_review,2.0,89.65517241379311,1.0,1.0
Alan Sternberg,Alan Steremberg,candidate,fuzzy_review,2.0,89.65517241379311,1.0,1.0
Derrell Doherty,Darrel Doherty,candidate,fuzzy_review,2.0,89.65517241379311,1.0,1.0
Joe O'Donoughue,Joe O'Donaghue,candidate,fuzzy_review,2.0,89.65517241379311,3.0,102.0
Rodrigas Santos,Rodrigo Santos,candidate,fuzzy_review,2.0,89.65517241379311,1.0,16.0
Donald Dousseff,Donald Dousoff,candidate,fuzzy_review,2.0,89.65517241379311,10.0,18.0
William Kennedy,Willie Kennedy,candidate,fuzzy_review,2.0,89.65517241379311,1.0,4.0
Joe O'Donaghoe,Joe O'Donaughue,candidate,fuzzy_review,2.0,89.65517241379311,1.0,1.0
Joe O'Donaughe,Joe O'Donoughue,candidate,fuzzy_review,2.0,89.65517241379311,1.0,3.0
Harlam Hoffman,Harland Hoffman,candidate,fuzzy_review,2.0,89.65517241379311,3.0,4.0
Sharon Williams,Shawn Williams,candidate,fuzzy_review,2.0,89.65517241379311,1.0,2.0
Stephen William,Stephen Willis,candidate,fuzzy_review,2.0,89.65517241379311,1.0,1.0
Joe O'Donaughue,Joe O'Donoghue,candidate,fuzzy_review,2.0,89.65517241379311,1.0,81.0
Michael Hammond,Michael Hamman,candidate,fuzzy_review,2.0,89.65517241379311,3.0,4.0
Richard McGrady,Richard McKray,candidate,fuzzy_review,2.0,89.65517241379311,1.0,4.0
Joshua Swietzky,Joshua Switzki,candidate,fuzzy_review,2.0,89.65517241379311,1.0,1.0
Gizell Quezada,Giselle Quezada,candidate,fuzzy_review,2.0,89.65517241379311,1.0,2.0
Stephen Hammond,Steven Hammond,candidate,fuzzy_review,2.0,89.65517241379311,1.0,3.0
David Stanberg,David Sternberg,candidate,fuzzy_review,2.0,89.65517241379311,1.0,20.0
Dave Sternberg,David Sternberg,candidate,fuzzy_review,2.0,89.65517241379311,1.0,20.0
David Stanberg,David Steinberg,candidate,fuzzy_review,2.0,89.65517241379311,1.0,3.0
Claudia Asbagh,Claudine Asbagh,candidate,fuzzy_review,2.0,89.65517241379311,3.0,44.0
Fernando Matti,Fernando Martin,candidate,fuzzy_review,2.0,89.65517241379311,1.0,5.0
Adena Rosemerin,Adena Rosmarin,candidate,fuzzy_review,2.0,89.65517241379311,1.0,5.0
Ahmad Larizadam,Ahmad Larezada,candidate,fuzzy_review,2.0,89.65517241379311,1.0,2.0
Fernando Marks,Fernando Martis,candidate,fuzzy_review,2.0,89.65517241379311,1.0,1.0
Willis Bigelow,William Bigelow,candidate,fuzzy_review,2.0,89.65517241379311,2.0,3.0
Jennifer Heggy,Jennifer Heggie,candidate,fuzzy_review,2.0,89.65517241379311,1.0,2.0
Jose Hernandez,Jorge Hernandez,candidate,fuzzy_review,2.0,89.65517241379311,2.0,2.0
Bobbie Sue Hood,Bobby Sue Hood,candidate,fuzzy_review,2.0,89.65517241379311,1.0,1.0
Virginia Grandi,Virgina Grande,candidate,fuzzy_review,2.0,89.65517241379311,1.0,3.0
Valerie Tulliea,Valerie Tulier,candidate,fuzzy_review,2.0,89.65517241379311,1.0,2.0
Karolyn Kennedy,Karolyn Kenady,candidate,fuzzy_review,2.0,89.65517241379311,1.0,2.0
Richard Tarloff,Richard Tarlov,candidate,fuzzy_review,2.0,89.65517241379311,1.0,2.0
Juanita Waycott,Juanita Waycox,candidate,fuzzy_review,2.0,89.65517241379311,1.0,1.0
Paula Pritcher,Paula Pritchard,candidate,fuzzy_review,2.0,89.65517241379311,1.0,1.0
Kristen Hansen,Kristina Hansen,candidate,fuzzy_review,2.0,89.65517241379311,1.0,1.0
Lloyd Schloeqe,Lloyd Schloegel,candidate,fuzzy_review,2.0,89.65517241379311,1.0,21.0
Theresia Nemeth,Terezia Nemeth,candidate,fuzzy_review,2.0,89.65517241379311,1.0,4.0
Lloyd Schlagle,Lloyd Schloegle,candidate,fuzzy_review,2.0,89.65517241379311,2.0,7.0
Lloyd Schloeqe,Lloyd Schloegle,candidate,fuzzy_review,2.0,89.65517241379311,1.0,7.0
Loyd Schleigel,Lloyd Schleigal,candidate,fuzzy_review,2.0,89.65517241379311,1.0,5.0
Patrice Miller,Patricia Miller,candidate,fuzzy_review,2.0,89.65517241379311,1.0,1.0
Robert McArthur,Robert McArthy,candidate,fuzzy_review,2.0,89.65517241379311,1.0,4.0
Mathew Brannan,Matthew Brennan,candidate,fuzzy_review,2.0,89.65517241379311,2.0,21.0
Katherin Howard,Kathryn Howard,candidate,fuzzy_review,2.0,89.65517241379311,1.0,2.0
Marisa Branden,Marissa Brandon,candidate,fuzzy_review,2.0,89.65517241379311,1.0,3.0
Kathryn Howard,Kathrine Howard,candidate,fuzzy_review,2.0,89.65517241379311,2.0,3.0
Fernando Martis,Fernando Matti,candidate,fuzzy_review,2.0,89.65517241379311,1.0,1.0
Martha Britgan,Martha Bridegan,candidate,fuzzy_review,2.0,89.65517241379311,1.0,2.0
Dave Greenbaum,David Greenbaum,candidate,fuzzy_review,2.0,89.65517241379311,1.0,2.0
Danisha Tucker,Donnisha Tucker,candidate,fuzzy_review,2.0,89.65517241379311,1.0,1.0
Briana Morales,Breanna Morales,candidate,fuzzy_review,2.0,89.65517241379311,9.0,11.0
Steven Cornell,Stephen Cornell,candidate,fuzzy_review,2.0,89.65517241379311,2.0,6.0
Esther Macaraeg,Ester Macaraey,candidate,fuzzy_review,2.0,89.65517241379311,1.0,3.0
Mary Micolucci,Mary Michelucci,candidate,fuzzy_review,2.0,89.65517241379311,1.0,4.0
Jenniffer Clari,Jennifer Clary,candidate,fuzzy_review,2.0,89.65517241379311,1.0,10.0
Werner Schmaltz,Warner Schmalz,candidate,fuzzy_review,2.0,89.65517241379311,2.0,10.0
Carolyn Kennedy,Carolyn Kenady,candidate,fuzzy_review,2.0,89.65517241379311,5.0,15.0
Chri VerPlanch,Chris VerPlanck,candidate,fuzzy_review,2.0,89.65517241379311,2.0,14.0
Tamika Johnson,Tameeka Johnson,candidate,fuzzy_review,2.0,89.65517241379311,1.0,1.0
Justin Altamano,Justin Allaman,candidate,fuzzy_review,2.0,89.65517241379311,1.0,1.0
William Walker,William Walters,candidate,fuzzy_review,2.0,89.65517241379311,1.0,7.0
Larry Mousbacht,Larry Monsbach,candidate,fuzzy_review,2.0,89.65517241379311,1.0,3.0
Ellen Kernigan,Ellen Kernagnan,candidate,fuzzy_review,2.0,89.65517241379311,1.0,1.0
Warner Schmalls,Warner Schmalz,candidate,fuzzy_review,2.0,89.65517241379311,2.0,10.0
Julian Sullivan,Julie Sullivan,candidate,fuzzy_review,2.0,89.65517241379311,2.0,2.0
Jeremy Blatters,Jeremy Blattis,candidate,fuzzy_review,2.0,89.65517241379311,1.0,2.0
Breana Morales,Brianna Morales,candidate,fuzzy_review,2.0,89.65517241379311,3.0,12.0
Keith McCartel,Keith McCardell,candidate,fuzzy_review,2.0,89.65517241379311,1.0,1.0
Teresa Almagen,Teresa Almaguer,candidate,fuzzy_review,2.0,89.65517241379311,1.0,3.0
James Joanidas,James Joannides,candidate,fuzzy_review,2.0,89.65517241379311,1.0,5.0
Brad Polverossi,Brad Polverosa,candidate,fuzzy_review,2.0,89.65517241379311,1.0,1.0
John O?Donaghue,Joe O?Donaghue,candidate,fuzzy_review,2.0,89.65517241379311,1.0,5.0
Michael Parson,Michael Paulson,candidate,fuzzy_review,2.0,89.65517241379311,1.0,1.0
Joe O?DONAGHUE,John O?Donaghue,candidate,fuzzy_review,2.0,89.65517241379311,1.0,1.0
Sean Nicholson,Shawn Nicholson,candidate,fuzzy_review,2.0,89.65517241379311,1.0,1.0
Tom Redoulavich,Tom Redulovich,candidate,fuzzy_review,2.0,89.65517241379311,1.0,2.0
Steve Schroeder,Steve Schrader,candidate,fuzzy_review,2.0,89.65517241379311,1.0,1.0
Elinore Patrick,Elmore Patrick,candidate,fuzzy_review,2.0,89.65517241379311,1.0,3.0
Barbara Brooker,Barbara Brooks,candidate,fuzzy_review,2.0,89.65517241379311,1.0,1.0
Peter Papodopoulous,Peter Papadapoulous,candidate,fuzzy_review,2.0,89.47368421052632,1.0,1.0
Tommy Aricola Mecca,Tommy Avecola Mecca,candidate,fuzzy_review,2.0,89.47368421052632,1.0,2.0
Maryanne Massenburg,Maryanne Massemberg,candidate,fuzzy_review,2.0,89.47368421052632,1.0,5.0
Herbert Panaslewicz,Herbert Panaszewiez,candidate,fuzzy_review,2.0,89.47368421052632,1.0,1.0
Tommy Avecola Mecca,Tommy Avicoli Mecca,candidate,fuzzy_review,2.0,89.47368421052632,2.0,2.0
Tommy Aricola Mecca,Tommy Avicoli Mecca,candidate,fuzzy_review,2.0,89.47368421052632,1.0,2.0
William Pashalinski,William Pashelinsky,candidate,fuzzy_review,2.0,89.47368421052632,1.0,14.0
William Pashelinoly,William Pashelinsky,candidate,fuzzy_review,2.0,89.47368421052632,1.0,14.0
Peter Papadapoulas,Peter Papadopoulos,candidate,fuzzy_review,2.0,88.88888888888889,1.0,14.0
Peter Papadapollos,Peter Papadopoulos,candidate,fuzzy_review,2.0,88.88888888888889,1.0,14.0
Peter Papadapoulis,Peter Papadapollos,candidate,fuzzy_review,2.0,88.88888888888889,1.0,1.0
Peter Papadapoulis,Peter Papadopoulos,candidate,fuzzy_review,2.0,88.88888888888889,1.0,14.0
Dee Reinhardt,Dale Reinhardt,candidate,fuzzy_review,2.0,88.88888888888889,1.0,1.0
Peter Stephens,Peter Stevens,candidate,fuzzy_review,2.0,88.88888888888889,1.0,6.0
Peter Papadapollos,Peter Papadapoulas,candidate,fuzzy_review,2.0,88.88888888888889,1.0,1.0
Fabien Lannoye,Fabian Lanoye,candidate,fuzzy_review,2.0,88.88888888888889,1.0,2.0
Peter Papadapulous,Peter Papadopolous,candidate,fuzzy_review,2.0,88.88888888888889,1.0,5.0
Peter Papadapoulas,Peter Papadapollis,candidate,fuzzy_review,2.0,88.88888888888889,1.0,2.0
Megan Chichil,Megan Chechile,candidate,fuzzy_review,2.0,88.88888888888889,1.0,2.0
Bernie Chavin,Bernie Chevrin,candidate,fuzzy_review,2.0,88.88888888888889,1.0,1.0
Hahn Pham,Hanh Pham,candidate,fuzzy_review,2.0,88.88888888888889,1.0,1.0
Guidean Kramer,Gideon Kramer,candidate,fuzzy_review,2.0,88.88888888888889,1.0,11.0
Cindy Lee,Candy Lee,candidate,fuzzy_review,1.0,88.88888888888889,1.0,1.0
Mary Wong,Macy Wong,candidate,fuzzy_review,1.0,88.88888888888889,1.0,1.0
Mable Wong,Mae Wong,candidate,fuzzy_review,2.0,88.88888888888889,1.0,1.0
Jackie Lee,Jack Lee,candidate,fuzzy_review,2.0,88.88888888888889,1.0,3.0
Pete Branagan,Peter Branngan,candidate,fuzzy_review,2.0,88.88888888888889,1.0,1.0
Jane Lee,Janice Lee,candidate,fuzzy_review,2.0,88.88888888888889,1.0,6.0
Julio Bermudez,July Bermudez,candidate,fuzzy_review,2.0,88.88888888888889,1.0,2.0
Patricia Diare,Patricia Diaz,candidate,fuzzy_review,2.0,88.88888888888889,1.0,1.0
Jennifer Heggy,Jennifer Hege,candidate,fuzzy_review,2.0,88.88888888888889,1.0,7.0
Mandy Yuen,Mandy Yu,candidate,fuzzy_review,2.0,88.88888888888889,1.0,1.0
Victor Hargett,Victor Harged,candidate,fuzzy_review,2.0,88.88888888888889,2.0,2.0
Monika Yungert,Monika Yungea,candidate,fuzzy_review,2.0,88.88888888888889,1.0,1.0
John Lauer,John Lau,candidate,fuzzy_review,2.0,88.88888888888889,2.0,36.0
Dillon McAvin,Dillon McNaven,candidate,fuzzy_review,2.0,88.88888888888889,1.0,2.0
Dillon McAvin,Dillon McDevin,candidate,fuzzy_review,2.0,88.88888888888889,1.0,4.0
Gregg Harteman,Greg Hardeman,candidate,fuzzy_review,2.0,88.88888888888889,1.0,3.0
Patricia Diart,Patricia Diaz,candidate,fuzzy_review,2.0,88.88888888888889,1.0,1.0
Gary Chin,Gary Chiu,candidate,fuzzy_review,1.0,88.88888888888889,1.0,1.0
Glen Chen,Gene Chen,candidate,fuzzy_review,2.0,88.88888888888889,1.0,3.0
Peter Papadapollis,Peter Papadapoulos,candidate,fuzzy_review,2.0,88.88888888888889,2.0,15.0
Quan Chin,Quin Chin,candidate,fuzzy_review,1.0,88.88888888888889,1.0,1.0
Kathy Lew,Kathy Lee,candidate,fuzzy_review,1.0,88.88888888888889,1.0,1.0
Norma Hotaling,Norma Hotelin,candidate,fuzzy_review,2.0,88.88888888888889,1.0,1.0
Peter Papodopolous,Peter Papadapolous,candidate,fuzzy_review,2.0,88.88888888888889,1.0,42.0
Tom Myers,Teo Myers,candidate,fuzzy_review,2.0,88.88888888888889,1.0,1.0
Marianne Hesse,Maryann Hesse,candidate,fuzzy_review,2.0,88.88888888888889,1.0,1.0
Pat Buskavich,Pat Buskovitch,candidate,fuzzy_review,2.0,88.88888888888889,2.0,13.0
Pat Buskovich,Pat Buscovitch,candidate,fuzzy_review,2.0,88.88888888888889,7.0,20.0
Pat Bushovitch,Pat Buscovich,candidate,fuzzy_review,2.0,88.88888888888889,1.0,48.0
Pat Buskovitch,Pat Buscovich,candidate,fuzzy_review,2.0,88.88888888888889,13.0,48.0
Tuai Catalano,Tujia Catalano,candidate,fuzzy_review,2.0,88.88888888888889,1.0,2.0
Dave Cincotta,David Cincotta,candidate,fuzzy_review,2.0,88.88888888888889,1.0,68.0
Alan Grossman,Allen Grossman,candidate,fuzzy_review,2.0,88.88888888888889,1.0,2.0
Doug Loerenger,Doug Loranger,candidate,fuzzy_review,2.0,88.88888888888889,1.0,9.0
Eric Arguella,Erick Arguello,candidate,fuzzy_review,2.0,88.88888888888889,1.0,8.0
Erick Arquello,Erik Arguello,candidate,fuzzy_review,2.0,88.88888888888889,1.0,16.0
Josha Switzky,Joshua Switzki,candidate,fuzzy_review,2.0,88.88888888888889,1.0,1.0
Erick Arquello,Eric Arguello,candidate,fuzzy_review,2.0,88.88888888888889,1.0,56.0
Doug Lorringer,Doug Loranger,candidate,fuzzy_review,2.0,88.88888888888889,1.0,9.0
JoAnn Hamilton,John Hamilton,candidate,fuzzy_review,2.0,88.88888888888889,2.0,4.0
Alex Lankeberg,Alex Lansberg,candidate,fuzzy_review,2.0,88.88888888888889,1.0,68.0
Alex Lansburg,Alex Lantsberg,candidate,fuzzy_review,2.0,88.88888888888889,1.0,10.0
Lois Bea,Louise Bea,candidate,fuzzy_review,2.0,88.88888888888889,1.0,2.0
Karen Chan,Ken Chan,candidate,fuzzy_review,2.0,88.88888888888889,1.0,1.0
Karen Chow,Ken Chow,candidate,fuzzy_review,2.0,88.88888888888889,1.0,1.0
Jodie Medeiros,Jose Medeiros,candidate,fuzzy_review,2.0,88.88888888888889,1.0,3.0
Dave Ryan,Dane Ryan,candidate,fuzzy_review,1.0,88.88888888888889,2.0,2.0
Kevin Holl,Kevin Ho,candidate,fuzzy_review,2.0,88.88888888888889,1.0,2.0
Cynthia Moten,Cynthia Montez,candidate,fuzzy_review,2.0,88.88888888888889,1.0,2.0
Cynthia Moten,Cynthia Montes,candidate,fuzzy_review,2.0,88.88888888888889,1.0,3.0
Pat Buskontch,Pat Buskovitch,candidate,fuzzy_review,2.0,88.88888888888889,1.0,13.0
Mehran Esmair,Mehran Esmaili,candidate,fuzzy_review,2.0,88.88888888888889,1.0,1.0
Pat Bushovitch,Pat Buskovich,candidate,fuzzy_review,2.0,88.88888888888889,1.0,7.0
Carie Johnson,Carmen Johnson,candidate,fuzzy_review,2.0,88.88888888888889,1.0,4.0
Peter Papadapollis,Peter Papadapolous,candidate,fuzzy_review,2.0,88.88888888888889,2.0,42.0
Peter Ng,Peter Ngau,candidate,fuzzy_review,2.0,88.88888888888889,1.0,1.0
Quentin Mecke,Quintin Meckie,candidate,fuzzy_review,2.0,88.88888888888889,1.0,3.0
Stephen Torres,Steven Torres,candidate,fuzzy_review,2.0,88.88888888888889,2.0,6.0
Joy Chen,Joyce Chen,candidate,fuzzy_review,2.0,88.88888888888889,1.0,2.0
Joe Wyman,Joe Wynan,candidate,fuzzy_review,1.0,88.88888888888889,1.0,1.0
Anthony Lowell,Anthony Lowlo,candidate,fuzzy_review,2.0,88.88888888888889,1.0,1.0
Gary Wong,Gaye Wong,candidate,fuzzy_review,2.0,88.88888888888889,1.0,2.0
Gaylan Workman,Galen Workman,candidate,fuzzy_review,2.0,88.88888888888889,1.0,2.0
Kevin Page,Ken Page,candidate,fuzzy_review,2.0,88.88888888888889,1.0,1.0
Bob David,Bob Davis,candidate,fuzzy_review,1.0,88.88888888888889,2.0,5.0
Margaret Morry,Margaret Mori,candidate,fuzzy_review,2.0,88.88888888888889,1.0,2.0
Sofie Hayward,Sophie Hayward,candidate,fuzzy_review,2.0,88.88888888888889,2.0,12.0
Margaret Moore,Margaret Mori,candidate,fuzzy_review,2.0,88.88888888888889,1.0,2.0
Rafael Sperry,Raphael Sperry,candidate,fuzzy_review,2.0,88.88888888888889,1.0,1.0
Melina Moberg,Melania Moberg,candidate,fuzzy_review,2.0,88.88888888888889,1.0,3.0
Sue Wong,Susie Wong,candidate,fuzzy_review,2.0,88.88888888888889,1.0,3.0
Dave Sterburg,Dave Sternberg,candidate,fuzzy_review,2.0,88.88888888888889,1.0,1.0
Joanna Gutmann,Joanna Gubman,candidate,fuzzy_review,2.0,88.88888888888889,2.0,7.0
Mark Cavanerro,Mark Cavanaro,candidate,fuzzy_review,2.0,88.88888888888889,1.0,1.0
Topher Delaney,Tofer Delaney,candidate,fuzzy_review,2.0,88.88888888888889,1.0,1.0
Mark Cavagnero,Mark Cavanaro,candidate,fuzzy_review,2.0,88.88888888888889,1.0,1.0
Stuart Morton,Stewart Morton,candidate,fuzzy_review,2.0,88.88888888888889,7.0,9.0
Helen Chen,Hen Chen,candidate,fuzzy_review,2.0,88.88888888888889,1.0,1.0
Alan Lowe,Allan Low,candidate,fuzzy_review,2.0,88.88888888888889,3.0,5.0
Paul MacDonald,Pat MacDonald,candidate,fuzzy_review,2.0,88.88888888888889,1.0,1.0
Ron Dudum,Ron Duoum,candidate,fuzzy_review,1.0,88.88888888888889,1.0,1.0
Lincha Chapman,Linda Chapman,candidate,fuzzy_review,2.0,88.88888888888889,1.0,155.0
Howard Wecsler,Howard Wexler,candidate,fuzzy_review,2.0,88.88888888888889,1.0,19.0
Ken Wong,Karen Wong,candidate,fuzzy_review,2.0,88.88888888888889,2.0,2.0
Ken Wong,Kevin Wong,candidate,fuzzy_review,2.0,88.88888888888889,2.0,3.0
Shawn Keighran,Sean Keighran,candidate,fuzzy_review,2.0,88.88888888888889,1.0,13.0
Shaun Keighran,Sean Keighran,candidate,fuzzy_review,2.0,88.88888888888889,1.0,13.0
Sean Richards,Shaun Richards,candidate,fuzzy_review,2.0,88.88888888888889,1.0,1.0
Paul Chin,Paul Chen,candidate,fuzzy_review,1.0,88.88888888888889,3.0,3.0
Lisa Hamburgh,Lisa Hamburger,candidate,fuzzy_review,2.0,88.88888888888889,1.0,2.0
Nance Wuerfel,Nancy Wuerfell,candidate,fuzzy_review,2.0,88.88888888888889,1.0,4.0
Luna Harrison,Linda Harrison,candidate,fuzzy_review,2.0,88.88888888888889,1.0,3.0
Michael Levitt,Michael Levin,candidate,fuzzy_review,2.0,88.88888888888889,7.0,20.0
Donald Dewnup,Donald Dewsupp,candidate,fuzzy_review,2.0,88.88888888888889,1.0,1.0
Gary Williams,Gerry Williams,candidate,fuzzy_review,2.0,88.88888888888889,1.0,8.0
John Soto,John Solo,candidate,fuzzy_review,1.0,88.88888888888889,1.0,1.0
Randy Wong,Ray Wong,candidate,fuzzy_review,2.0,88.88888888888889,1.0,2.0
George Wesley,George Wesoleh,candidate,fuzzy_review,2.0,88.88888888888889,1.0,5.0
Tom Radulovie,Tom Radulovich,candidate,fuzzy_review,2.0,88.88888888888889,1.0,149.0
Paul Lui,Paul Lubis,candidate,fuzzy_review,2.0,88.88888888888889,1.0,4.0
Sean Williams,Shawn Williams,candidate,fuzzy_review,2.0,88.88888888888889,2.0,2.0
David Lam,David Lau,candidate,fuzzy_review,1.0,88.88888888888889,1.0,1.0
James Joanidas,James Jonitas,candidate,fuzzy_review,2.0,88.88888888888889,1.0,1.0
Jeremy Bladis,Jeremy Blattis,candidate,fuzzy_review,2.0,88.88888888888889,1.0,2.0
Larry Griffith,Larry Griffin,candidate,fuzzy_review,2.0,88.88888888888889,2.0,2.0
Susan Williams,Sean Williams,candidate,fuzzy_review,2.0,88.88888888888889,1.0,2.0
Geri Williams,Gerry Williams,candidate,fuzzy_review,2.0,88.88888888888889,1.0,8.0
Mark Benjamin,Maria Benjamin,candidate,fuzzy_review,2.0,88.88888888888889,2.0,6.0
Jessie Stuart,Jessie Stewart,candidate,fuzzy_review,2.0,88.88888888888889,1.0,10.0
Vi Nguyen,Vy Nguyen,candidate,fuzzy_review,1.0,88.88888888888889,1.0,1.0
Ann Cheng,Anne Chen,candidate,fuzzy_review,2.0,88.88888888888889,2.0,5.0
Ron Konapaski,Ron Konapouski,candidate,fuzzy_review,2.0,88.88888888888889,1.0,1.0
Christie Smith,Christy Smith,candidate,fuzzy_review,2.0,88.88888888888889,2.0,2.0
Raul Hernandez,Ray Hernandez,candidate,fuzzy_review,2.0,88.88888888888889,1.0,9.0
Glen Reskalvo,Glenn Rescalvo,candidate,fuzzy_review,2.0,88.88888888888889,1.0,17.0
Ben Robertson,Bret Robertson,candidate,fuzzy_review,2.0,88.88888888888889,1.0,4.0
Clinton Smith,Cliffton Smith,candidate,fuzzy_review,2.0,88.88888888888889,1.0,1.0
Jennifer Taper,Jennifer Tate,candidate,fuzzy_review,2.0,88.88888888888889,1.0,2.0
Alen Wall,Alan Wall,candidate,fuzzy_review,1.0,88.88888888888889,1.0,1.0
Christine Mann,Christine May,candidate,fuzzy_review,2.0,88.88888888888889,1.0,1.0
John Ridenour,John Ridenower,candidate,fuzzy_review,2.0,88.88888888888889,1.0,1.0
Karen Buckley,Kieren Buckley,candidate,fuzzy_review,2.0,88.88888888888889,3.0,4.0
Linda Aselino,Linda Assalino,candidate,fuzzy_review,2.0,88.88888888888889,1.0,4.0
Olsen Lee,Olson Lee,candidate,fuzzy_review,1.0,88.88888888888889,2.0,4.0
Mark Gonzalez,Maria Gonzalez,candidate,fuzzy_review,2.0,88.88888888888889,1.0,2.0
Michael Goebel,Michael Gobal,candidate,fuzzy_review,2.0,88.88888888888889,1.0,2.0
Pierre Gaston,Pierre Gastant,candidate,fuzzy_review,2.0,88.88888888888889,1.0,1.0
Peter Hilyard,Peter Hilliard,candidate,fuzzy_review,2.0,88.88888888888889,1.0,1.0
Veronica Honnicutt,Veronica Honeycutt,candidate,fuzzy_review,2.0,88.88888888888889,2.0,3.0
Jazzy Collins,Jazzie Collins,candidate,fuzzy_review,2.0,88.88888888888889,2.0,14.0
Rudy Ascersion,Rudy Asercion,candidate,fuzzy_review,2.0,88.88888888888889,1.0,7.0
James Morrison,Jane Morrison,candidate,fuzzy_review,2.0,88.88888888888889,1.0,2.0
Arturo Tabala,Arturo Taboada,candidate,fuzzy_review,2.0,88.88888888888889,2.0,3.0
Sally Stevens,Sally Stephens,candidate,fuzzy_review,2.0,88.88888888888889,1.0,1.0
Kay Klumba,Kay Klum,candidate,fuzzy_review,2.0,88.88888888888889,1.0,8.0
George Wesley,George Wesolek,candidate,fuzzy_review,2.0,88.88888888888889,1.0,2.0
Stephen Willis,Steven Willis,candidate,fuzzy_review,2.0,88.88888888888889,1.0,1.0
Roberta Acktenburg,Roberta Achtenberg,candidate,fuzzy_review,2.0,88.88888888888889,1.0,3.0
Scott Embligh,Scott Emblidge,candidate,fuzzy_review,2.0,88.88888888888889,1.0,23.0
Sam Leone,Sam Leong,candidate,fuzzy_review,1.0,88.88888888888889,1.0,1.0
Robley Passalacqua,Robley Passalacour,candidate,fuzzy_review,2.0,88.88888888888889,1.0,1.0
Wayne Crowfoot,Wade Crowfoot,candidate,fuzzy_review,2.0,88.88888888888889,1.0,1.0
Michael Willis,Michael Wilts,candidate,fuzzy_review,2.0,88.88888888888889,1.0,2.0
Joe O'Donohue,Joe O'Donaghue,candidate,fuzzy_review,2.0,88.88888888888889,4.0,102.0
John Twitchell,John Twichill,candidate,fuzzy_review,2.0,88.88888888888889,1.0,3.0
Tommy Avicola MEca,Tommy Arecola Meca,candidate,fuzzy_review,2.0,88.88888888888889,1.0,8.0
Joe O'Donahue,Joe O'Donoghue,candidate,fuzzy_review,2.0,88.88888888888889,14.0,81.0
Joe O'Donaghoe,Joe O'Donahue,candidate,fuzzy_review,2.0,88.88888888888889,1.0,14.0
Will Spritzma,Will Sprietsma,candidate,fuzzy_review,2.0,88.88888888888889,1.0,1.0
Donna Hilliard,Dina Hilliard,candidate,fuzzy_review,2.0,88.88888888888889,1.0,3.0
John O'Conner,John O'Connell,candidate,fuzzy_review,2.0,88.88888888888889,3.0,3.0
Don Shoemaker,Doug Shoemaker,candidate,fuzzy_review,2.0,88.88888888888889,1.0,11.0
Norma Lee Cook,Norma E. Cook,candidate,fuzzy_review,2.0,88.88888888888889,1.0,1.0
Rosa Moss,Rasa Moss,candidate,fuzzy_review,1.0,88.88888888888889,1.0,1.0
John O'connell,John O'Conner,candidate,fuzzy_review,2.0,88.88888888888889,1.0,3.0
Steven Hinson,Steven Hillson,candidate,fuzzy_review,2.0,88.88888888888889,1.0,1.0
Dave Thompson,David Thompson,candidate,fuzzy_review,2.0,88.88888888888889,2.0,4.0
John Lumis,John Lum,candidate,fuzzy_review,2.0,88.88888888888889,1.0,27.0
Michael Musla,Michael Musleh,candidate,fuzzy_review,2.0,88.88888888888889,2.0,3.0
Scott Emblige,Scott Embledge,candidate,fuzzy_review,2.0,88.88888888888889,1.0,7.0
Nancy Do,Nancy Doty,candidate,fuzzy_review,2.0,88.88888888888889,1.0,2.0
Philip Vitale,Phillip Vitali,candidate,fuzzy_review,2.0,88.88888888888889,1.0,1.0
Stephanie Lin,Stephanie Lima,candidate,fuzzy_review,2.0,88.88888888888889,1.0,1.0
Al Smith,Alex Smith,candidate,fuzzy_review,2.0,88.88888888888889,1.0,1.0
Al Smith,Arlo Smith,candidate,fuzzy_review,2.0,88.88888888888889,1.0,1.0
Alan Martínez,Allan Martinez,candidate,fuzzy_review,2.0,88.88888888888889,1.0,3.0
Eric Dahl,Eric Dash,candidate,fuzzy_review,2.0,88.88888888888889,1.0,2.0
Stephanie Lee,Stephanie Leta,candidate,fuzzy_review,2.0,88.88888888888889,1.0,1.0
Katie Campbell,Katy Campbell,candidate,fuzzy_review,2.0,88.88888888888889,1.0,3.0
Tyler Krehlik,Tyler Krehlitz,candidate,fuzzy_review,2.0,88.88888888888889,1.0,1.0
Philip Vitale,Phillip Vitaly,candidate,fuzzy_review,2.0,88.88888888888889,1.0,1.0
Zach Weisenberger,Zack Weisenburger,candidate,fuzzy_review,2.0,88.23529411764706,1.0,2.0
Zach Weizenberger,Zack Weisenberger,candidate,fuzzy_review,2.0,88.23529411764706,1.0,5.0
Zach Weisenburger,Zack Weisenberger,candidate,fuzzy_review,2.0,88.23529411764706,1.0,5.0
Zack Weizenberger,Zack Weisenburger,candidate,fuzzy_review,2.0,88.23529411764706,1.0,2.0
Kathlrrn Courtney,Kathleen Courtney,candidate,fuzzy_review,2.0,88.23529411764706,1.0,39.0
Jeffrey Leivobitz,Jeffrey Leibovitz,candidate,fuzzy_review,2.0,88.23529411764706,2.0,33.0
Ashley Breakfield,Ashley Brinkfield,candidate,fuzzy_review,2.0,88.23529411764706,2.0,2.0
Zach Weisenberger,Zack Weizenberger,candidate,fuzzy_review,2.0,88.23529411764706,1.0,1.0
Jeffrey Leibowitz,Jeffrey Leivobitz,candidate,fuzzy_review,2.0,88.23529411764706,1.0,2.0
Zach Weisenburger,Zach Weizenberger,candidate,fuzzy_review,2.0,88.23529411764706,1.0,1.0
Mariena Rodriguez,Marissa Rodriguez,candidate,fuzzy_review,2.0,88.23529411764706,1.0,2.0
Jeffrey Leibiwitz,Jeffrey Leibovitz,candidate,fuzzy_review,2.0,88.23529411764706,1.0,33.0
Gloria Fontinella,Gloria Fontanello,candidate,fuzzy_review,2.0,88.23529411764706,1.0,3.0
Erika Markinovich,Erica Martinovich,candidate,fuzzy_review,2.0,88.23529411764706,1.0,2.0
Janthal Laberinto,Janthal Labarento,candidate,fuzzy_review,2.0,88.23529411764706,1.0,3.0
Jeffrey Lievovitz,Jeffrey Liebowitz,candidate,fuzzy_review,2.0,88.23529411764706,3.0,3.0
Patrick Buskavich,Patrick Buscovich,candidate,fuzzy_review,2.0,88.23529411764706,3.0,7.0
Harry Karnilowicz,Henry Karnilowicz,candidate,fuzzy_review,2.0,88.23529411764706,3.0,73.0
Terrance Faulknal,Terrance Faulkner,candidate,fuzzy_review,2.0,88.23529411764706,1.0,3.0
David Bullers,David Butler,candidate,fuzzy_review,2.0,88.0,1.0,2.0
Dennis Bruney,Dennis Bruni,candidate,fuzzy_review,2.0,88.0,1.0,1.0
Tony Galletta,Tony Gazetta,candidate,fuzzy_review,2.0,88.0,1.0,3.0
Mitchell Beag,Mitchel Berg,candidate,fuzzy_review,2.0,88.0,1.0,2.0
Stephen Booth,Steven Booth,candidate,fuzzy_review,2.0,88.0,1.0,1.0
David Miller,David Mielder,candidate,fuzzy_review,2.0,88.0,1.0,2.0
Robert Altman,Robert Allan,candidate,fuzzy_review,2.0,88.0,1.0,1.0
Jeffrey Chen,Jeffrey Chang,candidate,fuzzy_review,2.0,88.0,1.0,4.0
Alex Lansburg,Alex Lanberg,candidate,fuzzy_review,2.0,88.0,1.0,1.0
Denny Carlin,Dennis Carlin,candidate,fuzzy_review,2.0,88.0,1.0,2.0
Michael Cheng,Michael Chan,candidate,fuzzy_review,2.0,88.0,1.0,9.0
Darell Nelson,Daryl Nelson,candidate,fuzzy_review,2.0,88.0,1.0,1.0
Lisa Chapman,Linda Chapman,candidate,fuzzy_review,2.0,88.0,1.0,155.0
Janet Tarlov,Janet Tarloff,candidate,fuzzy_review,2.0,88.0,1.0,1.0
Jeffrey Chin,Jeffrey Chang,candidate,fuzzy_review,2.0,88.0,1.0,4.0
Carolyn Fang,Carolina Fang,candidate,fuzzy_review,2.0,88.0,1.0,1.0
Rhett Currier,Reit Currier,candidate,fuzzy_review,2.0,88.0,1.0,1.0
Bill Stephens,Bill Stevens,candidate,fuzzy_review,2.0,88.0,2.0,5.0
Tony Harrison,Tom Harrison,candidate,fuzzy_review,2.0,88.0,2.0,2.0
Neil Schartz,Neal Schwartz,candidate,fuzzy_review,2.0,88.0,1.0,2.0
Dale Carlson,Duane Carlson,candidate,fuzzy_review,2.0,88.0,1.0,5.0
David Marlat,David Marcatt,candidate,fuzzy_review,2.0,88.0,1.0,1.0
Olie Lundberg,Olie Lumberg,candidate,fuzzy_review,2.0,88.0,1.0,1.0
Tedi Verhasis,Tedi Verhase,candidate,fuzzy_review,2.0,88.0,1.0,1.0
Gary Jenkins,Garet Jenkins,candidate,fuzzy_review,2.0,88.0,1.0,1.0
John Jweinint,John Jweinat,candidate,fuzzy_review,2.0,88.0,1.0,5.0
Jessie Jones,Jessica Jones,candidate,fuzzy_review,2.0,88.0,1.0,2.0
John Rohowski,John Rohosky,candidate,fuzzy_review,2.0,88.0,1.0,1.0
Owen Kennedy,Owen Kennerly,candidate,fuzzy_review,2.0,88.0,1.0,5.0
Eric Dunnican,Eric Dumican,candidate,fuzzy_review,2.0,88.0,2.0,4.0
Susan Siertat,Susan Siutat,candidate,fuzzy_review,2.0,88.0,1.0,1.0
Michael Groh,Michael Gropa,candidate,fuzzy_review,2.0,88.0,1.0,1.0
Ana Martinez,Alan Martinez,candidate,fuzzy_review,2.0,88.0,1.0,23.0
Cathy Liskim,Cathy Lipskin,candidate,fuzzy_review,2.0,88.0,1.0,2.0
Dan Figueroa,Dave Figueroa,candidate,fuzzy_review,2.0,88.0,1.0,3.0
Henry Eissler,Henry Eisner,candidate,fuzzy_review,2.0,88.0,1.0,4.0
Dennis Fisioy,Dennis Fisco,candidate,fuzzy_review,2.0,88.0,1.0,1.0
Michael Cross,Michael Crow,candidate,fuzzy_review,2.0,88.0,1.0,3.0
Sean Leonard,Shawn Leonard,candidate,fuzzy_review,2.0,88.0,1.0,5.0
John Twichill,Jon Twichell,candidate,fuzzy_review,2.0,88.0,3.0,3.0
Maurren Burns,Maureen Burn,candidate,fuzzy_review,2.0,88.0,1.0,1.0
Michael Buck,Michael Burke,candidate,fuzzy_review,2.0,88.0,4.0,19.0
March Rector,Marcus Rector,candidate,fuzzy_review,2.0,88.0,1.0,2.0
David Gardner,David Garnet,candidate,fuzzy_review,2.0,88.0,2.0,2.0
Bettie Landis,Betty Landis,candidate,fuzzy_review,2.0,88.0,1.0,2.0
Fred Sheridan,Fred Sherman,candidate,fuzzy_review,2.0,88.0,1.0,2.0
Steven Sutro,Stephen Sutro,candidate,fuzzy_review,2.0,88.0,2.0,5.0
Tedi Verharie,Tedi Verhase,candidate,fuzzy_review,2.0,88.0,1.0,1.0
Lou DeMatais,Lou Dematteis,candidate,fuzzy_review,2.0,88.0,1.0,2.0
Kim Martison,Kim Martenson,candidate,fuzzy_review,2.0,88.0,1.0,1.0
Teddy Vriheas,Tedi Vriheas,candidate,fuzzy_review,2.0,88.0,1.0,17.0
Joya Calagos,Joyce Calagos,candidate,fuzzy_review,2.0,88.0,1.0,2.0
Steven Gomez,Stephen Gomez,candidate,fuzzy_review,2.0,88.0,1.0,1.0
Martin Dalton,Marty Dalton,candidate,fuzzy_review,2.0,88.0,3.0,3.0
Lou Dematasse,Lou DeMatais,candidate,fuzzy_review,2.0,88.0,1.0,1.0
Lou Dematasse,Lou Demataze,candidate,fuzzy_review,2.0,88.0,1.0,1.0
Steve Zelser,Steve Zeltzer,candidate,fuzzy_review,2.0,88.0,5.0,15.0
Lou DeMatais,Lou DeMatteis,candidate,fuzzy_review,2.0,88.0,1.0,2.0
John Corbell,John Cornwell,candidate,fuzzy_review,2.0,88.0,1.0,2.0
Michael Leva,Michael Levin,candidate,fuzzy_review,2.0,88.0,2.0,20.0
Rene Salcedo,Renee Saucedo,candidate,fuzzy_review,2.0,88.0,1.0,1.0
Robert Dawson,Roger Dawson,candidate,fuzzy_review,2.0,88.0,1.0,3.0
David Spirro,David Sparrow,candidate,fuzzy_review,2.0,88.0,1.0,1.0
Frank Cannota,Frank Canata,candidate,fuzzy_review,2.0,88.0,1.0,2.0
Michael Yang,Michael Yarne,candidate,fuzzy_review,2.0,88.0,2.0,20.0
Shaun Richard,Sean Richard,candidate,fuzzy_review,2.0,88.0,1.0,5.0
Michael Yani,Michael Yarne,candidate,fuzzy_review,2.0,88.0,2.0,20.0
Michael Levy,Michael Levin,candidate,fuzzy_review,2.0,88.0,2.0,20.0
Robert Rogers,Robert Roper,candidate,fuzzy_review,2.0,88.0,2.0,2.0
David Golden,David Goldman,candidate,fuzzy_review,2.0,88.0,2.0,26.0
David Gartner,David Garnet,candidate,fuzzy_review,2.0,88.0,1.0,2.0
Stuart Hills,Stewart Hills,candidate,fuzzy_review,2.0,88.0,1.0,2.0
Art Belenson,Art Belingson,candidate,fuzzy_review,2.0,88.0,1.0,1.0
David Pilprey,David Pilpel,candidate,fuzzy_review,2.0,88.0,1.0,10.0
Gayle Roberts,Gail Roberts,candidate,fuzzy_review,2.0,88.0,1.0,1.0
Rob Isaackson,Rob Issacson,candidate,fuzzy_review,2.0,88.0,1.0,2.0
Marianne Love,Marianne Low,candidate,fuzzy_review,2.0,88.0,1.0,1.0
Carie Johnson,Cary Johnson,candidate,fuzzy_review,2.0,88.0,1.0,2.0
Dawn Stickle,Dawn Stueckle,candidate,fuzzy_review,2.0,88.0,1.0,1.0
Patrick Kelly,Patrick Keel,candidate,fuzzy_review,2.0,88.0,1.0,1.0
Steven White,Stephen White,candidate,fuzzy_review,2.0,88.0,1.0,2.0
Robert Cribbs,Robert Crebs,candidate,fuzzy_review,2.0,88.0,1.0,9.0
John Schwarky,John Schwart,candidate,fuzzy_review,2.0,88.0,1.0,3.0
Chris Hagelin,Chris Haglen,candidate,fuzzy_review,2.0,88.0,2.0,3.0
John Schwarky,John Schwerk,candidate,fuzzy_review,2.0,88.0,1.0,5.0
Mary Tissier,Merry Tissier,candidate,fuzzy_review,2.0,88.0,1.0,1.0
Kenneth Kaji,Kenneth Kadyi,candidate,fuzzy_review,2.0,88.0,1.0,1.0
Maria Delrubi,Maria Deruby,candidate,fuzzy_review,2.0,88.0,1.0,3.0
Tess Wellborn,Tess Welburn,candidate,fuzzy_review,2.0,88.0,1.0,2.0
James Buckley,James Bucker,candidate,fuzzy_review,2.0,88.0,1.0,1.0
Timothy Ryker,Timothy Ryfe,candidate,fuzzy_review,2.0,88.0,1.0,2.0
Tedi Verhases,Tedi Verhasi,candidate,fuzzy_review,2.0,88.0,2.0,2.0
Tedi Verharie,Tedi Verhasi,candidate,fuzzy_review,2.0,88.0,1.0,2.0
Quentin Mecke,Quintin Meke,candidate,fuzzy_review,2.0,88.0,1.0,2.0
Edward Brown,Edward Brower,candidate,fuzzy_review,2.0,88.0,1.0,1.0
Brian O'Neal,Brian O'Neill,candidate,fuzzy_review,2.0,88.0,1.0,1.0
Brian O'Neill,Bryan O'Neil,candidate,fuzzy_review,2.0,88.0,1.0,3.0
Bruce McIroy,Bruce McElroy,candidate,fuzzy_review,2.0,88.0,1.0,2.0
Joe McFadden,John McFadden,candidate,fuzzy_review,2.0,88.0,1.0,2.0
Redman Lyons,Redmond Lyons,candidate,fuzzy_review,2.0,88.0,5.0,11.0
Jessica Rubio,Jessica Ruiz,candidate,fuzzy_review,2.0,88.0,1.0,1.0
Ahmad Mohazeb,Amad Mohazed,candidate,fuzzy_review,2.0,88.0,4.0,5.0
Annie Freeman,Annie Fryman,candidate,fuzzy_review,2.0,88.0,1.0,11.0
Greg Hartman,Greg Hardeman,candidate,fuzzy_review,2.0,88.0,1.0,3.0
Dino Adolfino,Dino Adelfio,candidate,fuzzy_review,2.0,88.0,1.0,38.0
Shawn Kigrand,Shawn Kieran,candidate,fuzzy_review,2.0,88.0,1.0,1.0
Bernie Choben,Bernie Chode,candidate,fuzzy_review,2.0,88.0,1.0,1.0
Maria Flores,Marvin Flores,candidate,fuzzy_review,2.0,88.0,1.0,1.0
David Bauman,David Bahlman,candidate,fuzzy_review,2.0,88.0,2.0,10.0
Favian Lanoy,Fabian Lanoye,candidate,fuzzy_review,2.0,88.0,1.0,2.0
Olie Lundberg,Oly Lundberg,candidate,fuzzy_review,2.0,88.0,1.0,3.0
Jessica Polo,Jessica Polla,candidate,fuzzy_review,2.0,88.0,1.0,3.0
Tom Gilbertti,Tom Gilberty,candidate,fuzzy_review,2.0,88.0,1.0,1.0
Joseph Snoot,Joseph Snooke,candidate,fuzzy_review,2.0,88.0,1.0,1.0
Amy Farawise,Amy Faraweiss,candidate,fuzzy_review,2.0,88.0,2.0,2.0
Andy Farawise,Amy Farawise,candidate,fuzzy_review,2.0,88.0,1.0,2.0
Joe Martinez,John Martinez,candidate,fuzzy_review,2.0,88.0,1.0,1.0
